satellite_1,satellite_2,distance_km,relative_speed_km_s,altitude_diff_km,inclination_diff_deg,object_type_risk,time_to_event_hours,collision_occurred,collision_probability
DEBRIS_A,Starlink-1001,2.544,0.965,140,1.4,0.8,145.5309748756116,0,0.9297
ISS,Envisat,0.012,14.884,374,46.9,0.2,103.7751454664936,1,0.017
Starlink-1001,Tiangong,2.254,4.453,161,11.5,0.2,61.61215348901084,0,0.5476
Starlink-1001,DEBRIS_A,8.981,0.298,140,1.4,0.8,158.29567477948677,0,0.99
ISS,GPS-79,1.952,7.478,19792,3.4,0.2,5.873832695245168,0,0.2958
Hubble,DEBRIS_B,52.392,11.649,1,0.0,0.8,157.84187228862734,0,0.99
Hubble,DEBRIS_A,20.634,8.141,137,23.2,0.8,98.61552071496011,0,0.99
Starlink-1001,Cosmos-1408 Debris,22.192,3.061,135,29.6,0.9,1.027163465052843,0,0.99
Cosmos-1408 Debris,Starlink-1001,6.658,1.826,135,29.6,0.9,145.01506520451215,0,0.9899
Cosmos-1408 Debris,DEBRIS_B,12.357,5.806,133,54.1,0.9,163.2504608158305,0,0.99
Envisat,Cosmos-1408 Debris,1.763,6.646,367,16.0,0.9,33.968654072113026,0,0.6655
Starlink-1001,DEBRIS_A,11.643,3.126,140,1.4,0.8,158.405114496685,0,0.99
DEBRIS_A,DEBRIS_B,1.672,6.902,138,23.2,0.8,36.77614940870636,0,0.5904
Starlink-1001,Hubble,8.356,12.288,3,24.5,0.2,144.61666492874005,0,0.7092
Cosmos-1408 Debris,Starlink-1001,6.179,14.149,135,29.6,0.9,54.36577228628481,0,0.6558
Hubble,Iridium-33 Debris,10.315,4.583,233,57.9,0.9,47.92471900597682,0,0.99
Envisat,Hubble,4.108,2.259,235,70.1,0.2,82.27911845060282,0,0.8552
Tiangong,Starlink-1001,6.878,9.521,161,11.5,0.2,106.46963843675422,0,0.7276
DEBRIS_B,Starlink-1001,0.251,7.73,2,24.5,0.8,38.12864065573378,0,0.3558
GPS-79,DEBRIS_A,3.518,8.168,19790,3.4,0.8,116.9222006500393,0,0.7128
DEBRIS_B,Hubble,12.257,13.251,1,0.0,0.8,31.7839234905176,0,0.9771
Starlink-1001,Iridium-33 Debris,2.644,13.488,230,33.4,0.9,101.91943911684514,0,0.2841
Envisat,Tiangong,9.972,6.782,393,57.1,0.2,167.0694079723568,0,0.9662
Starlink-1001,Envisat,16.077,8.568,232,45.5,0.2,15.827993518336728,0,0.99
ISS,Cosmos-1408 Debris,14.96,11.943,7,30.9,0.9,84.49276793236176,0,0.99
Envisat,Starlink-1001,2.924,14.113,232,45.5,0.2,160.26460807873443,0,0.0853
Starlink-1001,Tiangong,12.07,8.627,161,11.5,0.2,164.69767290592407,0,0.9791
DEBRIS_A,GPS-79,7.53,12.679,19790,3.4,0.8,156.24982656473867,0,0.8266
ISS,Iridium-33 Debris,31.479,11.137,372,34.8,0.9,117.12894291310549,0,0.99
Tiangong,Cosmos-1408 Debris,36.669,7.719,26,41.1,0.9,84.30458587798081,0,0.99
Starlink-1001,DEBRIS_A,7.064,1.5,140,1.4,0.8,97.1932356732576,0,0.99
Tiangong,DEBRIS_A,0.465,0.656,21,10.2,0.8,138.2146341347566,0,0.8369
Starlink-1001,Hubble,1.338,0.87,3,24.5,0.2,89.31444264029204,0,0.6917
ISS,DEBRIS_B,0.629,6.042,140,23.2,0.8,72.88813183980659,0,0.5254
Cosmos-1408 Debris,ISS,17.86,6.193,7,30.9,0.9,29.196116339895006,0,0.99
DEBRIS_A,Hubble,15.253,7.799,137,23.2,0.8,110.42899205517801,0,0.99
Tiangong,ISS,1.92,5.194,19,10.2,0.2,15.513063150076892,0,0.4506
Tiangong,Hubble,6.377,7.024,158,13.0,0.2,109.19700131571997,0,0.8148
ISS,Tiangong,40.644,7.565,19,10.2,0.2,90.66147358637049,0,0.99
Iridium-33 Debris,GPS-79,12.852,5.884,19420,31.4,0.9,108.1080918764711,0,0.99
Envisat,Starlink-1001,35.364,3.017,232,45.5,0.2,11.74576241694028,0,0.99
Envisat,Iridium-33 Debris,17.167,5.175,2,12.1,0.9,43.870611290808135,0,0.99
DEBRIS_A,GPS-79,19.924,12.072,19790,3.4,0.8,47.45360473472236,0,0.99
DEBRIS_A,GPS-79,22.469,5.178,19790,3.4,0.8,156.37415496883852,0,0.99
Tiangong,Cosmos-1408 Debris,11.464,7.499,26,41.1,0.9,65.51687667620426,0,0.99
Starlink-1001,Envisat,47.129,10.184,232,45.5,0.2,81.11526744499967,0,0.99
Starlink-1001,Tiangong,20.938,11.895,161,11.5,0.2,132.6768861752056,0,0.99
Tiangong,ISS,6.483,1.844,19,10.2,0.2,24.10830341667114,0,0.9564
Hubble,DEBRIS_A,25.878,10.623,137,23.2,0.8,13.75846026977497,0,0.99
Starlink-1001,Envisat,64.032,11.325,232,45.5,0.2,63.27398441064076,0,0.99
ISS,Iridium-33 Debris,10.178,0.269,372,34.8,0.9,78.7881217908138,0,0.99
Tiangong,Starlink-1001,49.121,5.686,161,11.5,0.2,48.07105928672442,0,0.99
Hubble,Envisat,12.179,4.908,235,70.1,0.2,7.3869915157632065,0,0.99
GPS-79,DEBRIS_A,14.889,10.467,19790,3.4,0.8,76.41744477450912,0,0.99
Tiangong,DEBRIS_B,0.894,5.978,159,13.0,0.8,18.02434347063499,0,0.563
ISS,Hubble,13.144,1.258,139,23.2,0.2,163.70088820714935,0,0.99
Starlink-1001,Hubble,36.275,12.356,3,24.5,0.2,159.57140544171403,0,0.99
DEBRIS_B,Cosmos-1408 Debris,0.401,5.709,133,54.1,0.9,136.19190423826973,0,0.5714
Tiangong,Cosmos-1408 Debris,0.984,0.649,26,41.1,0.9,22.573770746626316,0,0.8907
DEBRIS_A,Starlink-1001,36.656,8.819,140,1.4,0.8,122.01568971966329,0,0.99
Cosmos-1408 Debris,DEBRIS_A,4.818,3.188,5,30.9,0.9,147.5532500697564,0,0.9628
ISS,Hubble,26.701,4.686,139,23.2,0.2,137.17116494227318,0,0.99
Hubble,Tiangong,3.592,2.132,158,13.0,0.2,2.542049365637376,0,0.8259
ISS,Envisat,6.422,7.758,374,46.9,0.2,131.67534083923792,0,0.783
DEBRIS_A,GPS-79,21.975,1.087,19790,3.4,0.8,7.800106629337872,0,0.99
Tiangong,ISS,11.559,6.956,19,10.2,0.2,98.2822291888629,0,0.9836
Starlink-1001,DEBRIS_B,16.519,2.668,2,24.5,0.8,32.38532625797583,0,0.99
DEBRIS_B,GPS-79,11.935,8.063,19652,26.5,0.8,59.870970209266474,0,0.99
Tiangong,Cosmos-1408 Debris,9.842,10.348,26,41.1,0.9,86.00721257458515,0,0.9738
Starlink-1001,Envisat,6.942,7.319,232,45.5,0.2,103.9049761399367,0,0.8423
GPS-79,ISS,17.431,12.682,19792,3.4,0.2,125.96056535424182,0,0.99
Envisat,DEBRIS_A,5.831,3.251,372,46.9,0.8,55.08680543067187,0,0.9718
Tiangong,GPS-79,10.351,1.395,19811,13.5,0.2,90.28018837133416,0,0.99
GPS-79,Iridium-33 Debris,6.767,9.724,19420,31.4,0.9,95.9336773539103,0,0.906
Hubble,Cosmos-1408 Debris,6.82,7.368,132,54.1,0.9,142.95226124468894,0,0.9526
Cosmos-1408 Debris,Starlink-1001,88.473,13.459,135,29.6,0.9,96.8101343495703,0,0.99
Iridium-33 Debris,DEBRIS_B,12.205,8.617,232,57.9,0.9,47.10848982556172,0,0.99
DEBRIS_B,Tiangong,4.164,1.811,159,13.0,0.8,102.6231051259501,0,0.9585
Starlink-1001,ISS,6.912,6.869,142,1.4,0.2,92.21046350181592,0,0.8576
Envisat,GPS-79,21.421,8.975,19418,43.5,0.2,79.27764205757158,0,0.99
Tiangong,DEBRIS_A,40.532,14.865,21,10.2,0.8,34.51980390793854,0,0.99
Starlink-1001,Tiangong,20.825,12.013,161,11.5,0.2,138.63977641672065,0,0.99
Cosmos-1408 Debris,Envisat,13.312,10.276,367,16.0,0.9,75.98217015810869,0,0.99
Starlink-1001,DEBRIS_A,7.451,8.025,140,1.4,0.8,11.28534897041817,0,0.9487
ISS,Starlink-1001,17.749,2.584,142,1.4,0.2,147.62182847120027,0,0.99
Tiangong,Iridium-33 Debris,5.603,3.802,391,44.9,0.9,125.00858252295247,0,0.9696
DEBRIS_A,DEBRIS_B,25.827,1.748,138,23.2,0.8,142.2193397822256,0,0.99
DEBRIS_A,Starlink-1001,19.216,10.829,140,1.4,0.8,107.74868756144141,0,0.99
Tiangong,Envisat,35.863,8.793,393,57.1,0.2,67.40295287461514,0,0.99
Iridium-33 Debris,Envisat,1.617,13.789,2,12.1,0.9,132.75521057313415,0,0.1783
DEBRIS_B,GPS-79,8.278,11.073,19652,26.5,0.8,156.9802217797176,0,0.9181
Tiangong,Hubble,1.997,13.821,158,13.0,0.2,146.15559919023133,0,0.0602
DEBRIS_A,Starlink-1001,24.357,0.169,140,1.4,0.8,56.09451092694311,0,0.99
DEBRIS_B,ISS,20.063,6.838,140,23.2,0.8,37.81114977162297,0,0.99
Starlink-1001,DEBRIS_B,22.746,4.236,2,24.5,0.8,37.0543222442162,0,0.99
Hubble,DEBRIS_B,8.033,1.372,1,0.0,0.8,167.47518688493457,0,0.99
Tiangong,Starlink-1001,3.444,2.941,161,11.5,0.2,6.23668923169513,0,0.7755
Envisat,Cosmos-1408 Debris,11.468,7.268,367,16.0,0.9,83.5483062070877,0,0.99
Tiangong,DEBRIS_A,11.217,12.031,21,10.2,0.8,164.4625880399199,0,0.9734
DEBRIS_B,GPS-79,10.563,8.966,19652,26.5,0.8,57.063642185970465,0,0.9851
Envisat,GPS-79,29.038,12.47,19418,43.5,0.2,66.78711462293856,0,0.99
Tiangong,Cosmos-1408 Debris,28.271,1.929,26,41.1,0.9,147.25496033946183,0,0.99
GPS-79,Tiangong,7.163,8.895,19811,13.5,0.2,45.10788529416093,0,0.788
Cosmos-1408 Debris,DEBRIS_A,55.064,11.718,5,30.9,0.9,19.28054776203463,0,0.99
Iridium-33 Debris,Cosmos-1408 Debris,11.701,9.539,365,3.8,0.9,43.399342384234664,0,0.99
Envisat,Tiangong,17.627,10.279,393,57.1,0.2,138.21183276557005,0,0.99
Hubble,Envisat,26.557,3.176,235,70.1,0.2,1.9461996317588723,0,0.99
DEBRIS_B,Tiangong,10.226,8.642,159,13.0,0.8,140.81815911763587,0,0.984
Tiangong,DEBRIS_A,22.11,1.117,21,10.2,0.8,140.64556253903862,0,0.99
DEBRIS_A,Iridium-33 Debris,41.429,11.015,370,34.8,0.9,36.18848956538806,0,0.99
Iridium-33 Debris,GPS-79,13.626,5.08,19420,31.4,0.9,129.5361590089235,0,0.99
Cosmos-1408 Debris,Starlink-1001,8.559,3.771,135,29.6,0.9,137.62727913749814,0,0.99
DEBRIS_B,Envisat,24.709,14.435,234,70.1,0.8,132.74327652115264,0,0.99
Starlink-1001,Tiangong,21.347,10.889,161,11.5,0.2,107.09118224665484,0,0.99
GPS-79,Iridium-33 Debris,16.626,0.758,19420,31.4,0.9,98.86948479525142,0,0.99
Cosmos-1408 Debris,DEBRIS_B,17.931,4.531,133,54.1,0.9,155.30612120371944,0,0.99
ISS,DEBRIS_A,11.086,9.704,2,0.0,0.8,109.263098139418,0,0.9857
GPS-79,Envisat,6.23,10.899,19418,43.5,0.2,11.073329620142424,0,0.561
Hubble,DEBRIS_B,32.57,9.276,1,0.0,0.8,39.21389581113511,0,0.99
DEBRIS_B,Cosmos-1408 Debris,7.267,13.996,133,54.1,0.9,11.857987595000386,0,0.7746
Starlink-1001,Envisat,21.933,6.325,232,45.5,0.2,70.84584068232007,0,0.99
Envisat,Tiangong,5.271,3.581,393,57.1,0.2,7.16744653994516,0,0.8767
Cosmos-1408 Debris,Starlink-1001,23.992,3.959,135,29.6,0.9,98.9182550446079,0,0.99
Cosmos-1408 Debris,DEBRIS_A,70.942,3.552,5,30.9,0.9,158.3846648772876,0,0.99
Cosmos-1408 Debris,ISS,3.736,2.878,7,30.9,0.9,130.99223311185787,0,0.9429
Cosmos-1408 Debris,Tiangong,2.866,6.004,26,41.1,0.9,127.40824007071693,0,0.8071
Starlink-1001,Envisat,0.532,13.434,232,45.5,0.2,144.5152924765694,0,0.0334
Starlink-1001,GPS-79,28.678,0.628,19650,2.0,0.2,55.34772424560135,0,0.99
ISS,DEBRIS_B,17.847,0.827,140,23.2,0.8,89.52396300738795,0,0.99
Hubble,Envisat,35.549,8.613,235,70.1,0.2,111.2686064968922,0,0.99
Iridium-33 Debris,Starlink-1001,18.484,12.571,230,33.4,0.9,117.20545841427273,0,0.99
Starlink-1001,Iridium-33 Debris,48.785,7.036,230,33.4,0.9,147.6961015303033,0,0.99
Hubble,ISS,10.623,0.195,139,23.2,0.2,48.29370256006786,0,0.99
GPS-79,Hubble,2.062,4.322,19653,26.5,0.2,3.1940139761467132,0,0.5336
GPS-79,Hubble,2.863,11.586,19653,26.5,0.2,159.15131543823915,0,0.1619
Iridium-33 Debris,Hubble,0.702,13.086,233,57.9,0.9,163.54879792488495,0,0.145
GPS-79,Starlink-1001,6.974,12.3,19650,2.0,0.2,42.496219072679374,0,0.5491
DEBRIS_B,Tiangong,28.884,7.953,159,13.0,0.8,138.77209657780264,0,0.99
DEBRIS_A,ISS,49.549,0.566,2,0.0,0.8,122.88024424488181,0,0.99
Starlink-1001,Tiangong,5.801,10.894,161,11.5,0.2,125.32603431999891,0,0.5081
Tiangong,GPS-79,2.602,3.135,19811,13.5,0.2,15.406517939199583,0,0.6814
GPS-79,DEBRIS_A,38.046,9.288,19790,3.4,0.8,133.8386111549,0,0.99
Hubble,Starlink-1001,3.834,2.496,3,24.5,0.2,109.49011847610024,0,0.8275
Envisat,Tiangong,17.113,5.994,393,57.1,0.2,163.75210512908882,0,0.99
Iridium-33 Debris,Starlink-1001,20.744,2.274,230,33.4,0.9,17.358844714318572,0,0.99
DEBRIS_A,Hubble,1.128,8.06,137,23.2,0.8,148.27737226911083,0,0.4368
DEBRIS_B,Hubble,25.843,0.714,1,0.0,0.8,112.65771845770581,0,0.99
Iridium-33 Debris,Starlink-1001,5.325,14.035,230,33.4,0.9,159.1601426757514,0,0.5627
Tiangong,ISS,15.475,7.943,19,10.2,0.2,122.93388070272022,0,0.99
DEBRIS_B,Hubble,3.712,14.64,1,0.0,0.8,56.66480343836884,0,0.2817
ISS,GPS-79,15.888,5.051,19792,3.4,0.2,91.1821629372818,0,0.99
Cosmos-1408 Debris,Starlink-1001,48.579,6.297,135,29.6,0.9,142.18458452999838,0,0.99
Hubble,ISS,10.823,8.862,139,23.2,0.2,5.035327442517574,0,0.959
ISS,Iridium-33 Debris,72.677,4.329,372,34.8,0.9,60.401457880960265,0,0.99
Envisat,GPS-79,15.017,5.655,19418,43.5,0.2,86.16809295405469,0,0.99
Envisat,Starlink-1001,10.848,5.453,232,45.5,0.2,99.6564479559243,0,0.9851
Iridium-33 Debris,DEBRIS_B,0.136,8.867,232,57.9,0.9,100.62407725880806,0,0.3117
ISS,DEBRIS_B,6.027,6.787,140,23.2,0.8,112.49064840502677,0,0.9294
GPS-79,Starlink-1001,6.677,5.752,19650,2.0,0.2,101.76985666857583,0,0.8821
Envisat,Starlink-1001,3.457,1.768,232,45.5,0.2,45.39095977370256,0,0.8318
Tiangong,Hubble,3.818,2.782,158,13.0,0.2,14.96848259108223,0,0.8137
Tiangong,Iridium-33 Debris,50.337,0.174,391,44.9,0.9,159.9091987725618,0,0.99
ISS,Cosmos-1408 Debris,2.016,2.077,7,30.9,0.9,24.20076258641406,0,0.8989
Cosmos-1408 Debris,DEBRIS_A,4.01,14.454,5,30.9,0.9,42.96596550190371,0,0.3702
DEBRIS_B,GPS-79,14.429,13.047,19652,26.5,0.8,95.9053764606595,0,0.99
Iridium-33 Debris,Starlink-1001,26.303,10.038,230,33.4,0.9,97.00940124390252,0,0.99
Hubble,DEBRIS_A,20.941,1.448,137,23.2,0.8,48.57031148959414,0,0.99
ISS,Tiangong,34.747,13.181,19,10.2,0.2,53.357160844910425,0,0.99
Cosmos-1408 Debris,Starlink-1001,14.118,8.495,135,29.6,0.9,63.97246834068674,0,0.99
GPS-79,Envisat,13.874,10.056,19418,43.5,0.2,104.11242909501428,0,0.9869
DEBRIS_B,GPS-79,1.73,2.32,19652,26.5,0.8,88.52013556145832,0,0.8543
DEBRIS_A,ISS,25.923,6.52,2,0.0,0.8,150.65832926415655,0,0.99
GPS-79,Starlink-1001,3.245,2.578,19650,2.0,0.2,103.75336006963836,0,0.7772
ISS,Tiangong,18.968,6.059,19,10.2,0.2,164.092167571447,0,0.99
Iridium-33 Debris,Tiangong,18.519,1.692,391,44.9,0.9,95.3517216756929,0,0.99
Hubble,Starlink-1001,1.787,0.139,3,24.5,0.2,107.21771605269467,0,0.7776
DEBRIS_B,Tiangong,7.941,12.614,159,13.0,0.8,151.21388241852608,0,0.8565
DEBRIS_B,Envisat,24.874,11.523,234,70.1,0.8,25.235296219973204,0,0.99
Tiangong,GPS-79,3.664,1.526,19811,13.5,0.2,4.068918597179881,0,0.855
Cosmos-1408 Debris,DEBRIS_A,0.903,2.212,5,30.9,0.9,46.19530864662106,0,0.8303
GPS-79,Cosmos-1408 Debris,0.239,5.182,19785,27.6,0.9,137.56091489031917,0,0.5902
Tiangong,Hubble,13.586,6.078,158,13.0,0.2,61.711925698486034,0,0.99
DEBRIS_B,Hubble,24.168,3.582,1,0.0,0.8,90.76800046209732,0,0.99
Envisat,Iridium-33 Debris,3.167,0.88,2,12.1,0.9,63.64619150327742,0,0.9577
DEBRIS_A,Tiangong,1.394,14.429,21,10.2,0.8,106.70979165473446,0,0.1159
Cosmos-1408 Debris,DEBRIS_B,16.4,11.952,133,54.1,0.9,155.7731558906001,0,0.99
Starlink-1001,DEBRIS_A,16.701,1.485,140,1.4,0.8,43.25823603394621,0,0.99
Hubble,DEBRIS_A,0.552,4.617,137,23.2,0.8,44.27660048803052,0,0.6204
Envisat,GPS-79,26.169,4.268,19418,43.5,0.2,158.32678050726494,0,0.99
ISS,Cosmos-1408 Debris,28.6,3.207,7,30.9,0.9,156.34693653871355,0,0.99
ISS,DEBRIS_A,2.285,3.259,2,0.0,0.8,137.56560718406996,0,0.8538
ISS,DEBRIS_B,12.766,13.998,140,23.2,0.8,96.66992654838332,0,0.9778
Iridium-33 Debris,Hubble,2.883,7.588,233,57.9,0.9,67.03552236297136,0,0.7241
Envisat,GPS-79,1.25,11.673,19418,43.5,0.2,20.58968525168593,0,0.0775
ISS,Envisat,15.756,2.365,374,46.9,0.2,10.400602391881185,0,0.99
Cosmos-1408 Debris,Iridium-33 Debris,17.813,14.757,365,3.8,0.9,40.25833949785391,0,0.99
Envisat,Starlink-1001,15.044,3.511,232,45.5,0.2,39.16118592467414,0,0.99
Envisat,Iridium-33 Debris,7.783,9.846,2,12.1,0.9,59.576264770677646,0,0.9392
ISS,Cosmos-1408 Debris,2.155,6.337,7,30.9,0.9,132.79770585091887,0,0.7264
Hubble,Tiangong,4.14,14.641,158,13.0,0.2,134.67808108515396,0,0.1276
GPS-79,Starlink-1001,4.639,2.324,19650,2.0,0.2,21.45684015522279,0,0.8831
Iridium-33 Debris,GPS-79,29.445,5.947,19420,31.4,0.9,160.64970580995842,0,0.99
Cosmos-1408 Debris,Hubble,1.192,4.263,132,54.1,0.9,156.30054076427058,0,0.7535
DEBRIS_B,DEBRIS_A,33.026,6.814,138,23.2,0.8,148.26494005257916,0,0.99
Starlink-1001,GPS-79,1.122,1.162,19650,2.0,0.2,2.133012991937603,0,0.6485
Envisat,ISS,16.243,2.859,374,46.9,0.2,29.332957402592765,0,0.99
DEBRIS_A,Envisat,21.995,9.407,372,46.9,0.8,64.22766549772122,0,0.99
Iridium-33 Debris,DEBRIS_A,48.218,7.226,370,34.8,0.9,150.507270898739,0,0.99
Envisat,GPS-79,37.942,7.859,19418,43.5,0.2,103.61030414568451,0,0.99
Iridium-33 Debris,Envisat,8.681,9.233,2,12.1,0.9,158.4424331573364,0,0.9668
Starlink-1001,Envisat,16.696,4.822,232,45.5,0.2,147.72920801363705,0,0.99
ISS,Hubble,12.24,2.791,139,23.2,0.2,9.142792954968586,0,0.99
Tiangong,Starlink-1001,1.713,10.311,161,11.5,0.2,15.525122046516506,0,0.1375
DEBRIS_B,GPS-79,10.65,4.533,19652,26.5,0.8,94.9671926010288,0,0.99
Hubble,DEBRIS_B,19.445,14.878,1,0.0,0.8,16.752002920693553,0,0.99
Tiangong,Envisat,14.317,10.349,393,57.1,0.2,63.10613795592368,0,0.9885
ISS,Hubble,20.541,3.117,139,23.2,0.2,160.96053731204393,0,0.99
DEBRIS_B,Iridium-33 Debris,7.301,9.686,232,57.9,0.9,131.1291224151274,0,0.9272
Cosmos-1408 Debris,ISS,0.443,2.587,7,30.9,0.9,30.54350709949233,0,0.7765
DEBRIS_A,GPS-79,1.65,3.459,19790,3.4,0.8,118.12420374031983,0,0.8001
Envisat,ISS,15.179,2.32,374,46.9,0.2,116.86028735428013,0,0.99
Tiangong,Starlink-1001,1.958,11.059,161,11.5,0.2,39.70049089622506,0,0.1258
Iridium-33 Debris,Envisat,2.858,9.6,2,12.1,0.9,83.40633589260955,0,0.5864
Hubble,DEBRIS_A,6.109,0.49,137,23.2,0.8,4.161797157358546,0,0.9891
Cosmos-1408 Debris,Starlink-1001,28.732,3.461,135,29.6,0.9,63.383888259236855,0,0.99
Tiangong,Hubble,1.261,10.946,158,13.0,0.2,83.45582748045483,0,0.095
Iridium-33 Debris,Hubble,2.112,6.043,233,57.9,0.9,155.0084114529399,0,0.7395
ISS,Hubble,4.839,4.207,139,23.2,0.2,132.25855657680933,0,0.826
Cosmos-1408 Debris,Hubble,28.769,0.793,132,54.1,0.9,104.1475360094819,0,0.99
Tiangong,GPS-79,4.053,11.013,19811,13.5,0.2,92.16302600766663,0,0.2937
Hubble,ISS,10.233,14.695,139,23.2,0.2,24.439635652571283,0,0.7517
DEBRIS_A,Starlink-1001,51.331,2.827,140,1.4,0.8,3.799703413950953,0,0.99
Tiangong,Hubble,29.507,10.87,158,13.0,0.2,11.461517963010266,0,0.99
Hubble,Cosmos-1408 Debris,2.279,9.996,132,54.1,0.9,36.38158708981313,0,0.4852
ISS,DEBRIS_A,1.781,5.404,2,0.0,0.8,164.31657923775543,0,0.7046
DEBRIS_A,GPS-79,21.205,7.839,19790,3.4,0.8,34.49956592990464,0,0.99
DEBRIS_B,Starlink-1001,62.985,11.603,2,24.5,0.8,4.661410023771493,0,0.99
Iridium-33 Debris,DEBRIS_B,6.977,6.83,232,57.9,0.9,66.82033546248464,0,0.9623
Envisat,DEBRIS_A,4.854,4.754,372,46.9,0.8,108.00507502319992,0,0.9309
ISS,Iridium-33 Debris,29.192,13.602,372,34.8,0.9,46.59226343073412,0,0.99
Starlink-1001,DEBRIS_A,8.706,9.268,140,1.4,0.8,14.113619869717455,0,0.9598
Hubble,Cosmos-1408 Debris,5.852,14.956,132,54.1,0.9,164.60547467377424,0,0.5594
DEBRIS_A,DEBRIS_B,1.241,10.999,138,23.2,0.8,31.566465413984055,0,0.2536
Envisat,Iridium-33 Debris,34.734,9.81,2,12.1,0.9,52.830807479279706,0,0.99
ISS,Envisat,18.673,12.407,374,46.9,0.2,16.99703264410125,0,0.99
GPS-79,Tiangong,14.27,6.589,19811,13.5,0.2,97.02022979605013,0,0.99
Tiangong,Starlink-1001,20.165,1.685,161,11.5,0.2,52.97499892811727,0,0.99
Starlink-1001,Iridium-33 Debris,1.203,5.172,230,33.4,0.9,145.56629574280032,0,0.7006
Envisat,Tiangong,30.743,11.514,393,57.1,0.2,132.48030893222884,0,0.99
DEBRIS_B,Tiangong,7.409,5.755,159,13.0,0.8,38.16803129285744,0,0.9728
Starlink-1001,DEBRIS_B,8.208,0.505,2,24.5,0.8,162.33226865767142,0,0.99
Cosmos-1408 Debris,ISS,27.438,14.729,7,30.9,0.9,104.42374108886762,0,0.99
GPS-79,Tiangong,11.671,1.538,19811,13.5,0.2,40.713973764659066,0,0.99
Starlink-1001,DEBRIS_A,5.348,11.174,140,1.4,0.8,8.183182160765544,0,0.7155
DEBRIS_A,GPS-79,1.234,3.669,19790,3.4,0.8,133.50969299376194,0,0.7533
DEBRIS_A,DEBRIS_B,10.052,11.09,138,23.2,0.8,88.2877552876349,0,0.9644
GPS-79,Tiangong,8.443,4.823,19811,13.5,0.2,73.06866182817771,0,0.9599
ISS,Envisat,23.324,9.63,374,46.9,0.2,113.67198623661606,0,0.99
DEBRIS_A,ISS,20.415,7.643,2,0.0,0.8,106.56606686808603,0,0.99
DEBRIS_A,Hubble,35.689,3.659,137,23.2,0.8,78.95285396889103,0,0.99
Starlink-1001,Envisat,11.551,12.827,232,45.5,0.2,8.410521701586624,0,0.9111
Hubble,GPS-79,10.782,4.473,19653,26.5,0.2,156.54144949276986,0,0.9884
Starlink-1001,Hubble,31.787,8.664,3,24.5,0.2,5.081294652569816,0,0.99
Starlink-1001,GPS-79,4.48,10.152,19650,2.0,0.2,49.92057094137672,0,0.3999
Tiangong,GPS-79,18.965,12.461,19811,13.5,0.2,6.909812033752011,0,0.99
GPS-79,Iridium-33 Debris,1.935,6.342,19420,31.4,0.9,126.2227942270334,0,0.7037
Cosmos-1408 Debris,DEBRIS_A,32.844,9.021,5,30.9,0.9,84.4115911126176,0,0.99
Iridium-33 Debris,Envisat,20.263,7.997,2,12.1,0.9,139.29207729438795,0,0.99
DEBRIS_A,Envisat,1.323,6.051,372,46.9,0.8,152.91160551572034,0,0.6097
Hubble,Iridium-33 Debris,8.43,10.127,233,57.9,0.9,46.33649915748477,0,0.9515
DEBRIS_B,ISS,29.233,13.758,140,23.2,0.8,72.46241852418244,0,0.99
Iridium-33 Debris,Starlink-1001,2.738,6.515,230,33.4,0.9,24.04155679135248,0,0.7711
GPS-79,Iridium-33 Debris,7.144,0.2,19420,31.4,0.9,64.88832903608996,0,0.99
Hubble,DEBRIS_A,1.668,2.594,137,23.2,0.8,163.30304056577765,0,0.8397
GPS-79,ISS,3.514,13.892,19792,3.4,0.2,69.63582266470928,0,0.1181
Envisat,ISS,27.071,5.619,374,46.9,0.2,63.02951903056361,0,0.99
Tiangong,DEBRIS_B,5.104,14.421,159,13.0,0.8,65.49401015411638,0,0.4565
Hubble,DEBRIS_A,21.526,12.521,137,23.2,0.8,74.050102717456,0,0.99
GPS-79,Envisat,16.97,3.602,19418,43.5,0.2,139.5726009163209,0,0.99
Envisat,Starlink-1001,10.068,6.087,232,45.5,0.2,166.96714449625932,0,0.9736
DEBRIS_A,Cosmos-1408 Debris,2.402,12.803,5,30.9,0.9,119.45754393096138,0,0.3016
Cosmos-1408 Debris,ISS,9.2,0.666,7,30.9,0.9,125.3299004854753,0,0.99
Hubble,GPS-79,44.672,7.742,19653,26.5,0.2,15.827599436522322,0,0.99
Iridium-33 Debris,ISS,12.407,6.674,372,34.8,0.9,101.80631539704761,0,0.99
Envisat,Cosmos-1408 Debris,8.79,9.072,367,16.0,0.9,99.39719490703575,0,0.9699
Starlink-1001,DEBRIS_A,28.157,13.407,140,1.4,0.8,10.586629968642095,0,0.99
ISS,Starlink-1001,21.57,13.946,142,1.4,0.2,5.229253845978497,0,0.99
DEBRIS_B,ISS,4.902,3.24,140,23.2,0.8,160.85552239649635,0,0.956
Envisat,Iridium-33 Debris,20.234,2.228,2,12.1,0.9,126.6005481469451,0,0.99
Tiangong,GPS-79,7.64,10.875,19811,13.5,0.2,47.168155966896364,0,0.7226
DEBRIS_A,Starlink-1001,1.126,14.331,140,1.4,0.8,87.84061102863951,0,0.1056
DEBRIS_A,Hubble,2.353,10.681,137,23.2,0.8,112.06485728829557,0,0.3947
Cosmos-1408 Debris,Iridium-33 Debris,9.706,3.468,365,3.8,0.9,107.6359274813242,0,0.99
GPS-79,Cosmos-1408 Debris,32.927,7.596,19785,27.6,0.9,75.5458216884559,0,0.99
ISS,Hubble,9.331,3.596,139,23.2,0.2,51.00628258350964,0,0.9818
ISS,DEBRIS_B,32.055,12.374,140,23.2,0.8,121.2770487012144,0,0.99
Cosmos-1408 Debris,Hubble,4.848,10.634,132,54.1,0.9,10.62558747031128,0,0.7377
Hubble,DEBRIS_B,1.612,5.467,1,0.0,0.8,45.49903278396184,0,0.6826
Tiangong,Envisat,7.106,14.465,393,57.1,0.2,15.091711167843695,0,0.4046
DEBRIS_A,Tiangong,16.898,2.173,21,10.2,0.8,42.78544933140599,0,0.99
Starlink-1001,DEBRIS_B,5.308,1.67,2,24.5,0.8,131.36822665561468,0,0.9771
Tiangong,Starlink-1001,3.515,5.594,161,11.5,0.2,62.19164568024696,0,0.6176
ISS,DEBRIS_B,3.574,9.895,140,23.2,0.8,79.39611491896463,0,0.6031
Hubble,Envisat,2.203,9.809,235,70.1,0.2,124.11051322041833,0,0.1914
Hubble,Starlink-1001,0.659,10.036,3,24.5,0.2,138.33365326689852,0,0.0927
Tiangong,Hubble,36.298,12.59,158,13.0,0.2,119.20540017397293,0,0.99
Iridium-33 Debris,Envisat,0.15,7.015,2,12.1,0.9,161.87152254502607,0,0.4428
Iridium-33 Debris,Hubble,2.012,0.353,233,57.9,0.9,129.4095637540164,0,0.9371
Cosmos-1408 Debris,DEBRIS_B,3.79,9.664,133,54.1,0.9,95.91207184960896,0,0.6891
GPS-79,Starlink-1001,22.932,11.728,19650,2.0,0.2,76.99748793669964,0,0.99
DEBRIS_A,Envisat,9.927,11.237,372,46.9,0.8,79.65267018801524,0,0.9605
GPS-79,Envisat,12.359,11.676,19418,43.5,0.2,34.51634507955248,0,0.9559
Cosmos-1408 Debris,Iridium-33 Debris,4.849,14.727,365,3.8,0.9,88.62782387567157,0,0.4518
Starlink-1001,Iridium-33 Debris,18.451,1.027,230,33.4,0.9,24.83218113443912,0,0.99
GPS-79,DEBRIS_B,21.475,5.379,19652,26.5,0.8,159.44905386126229,0,0.99
ISS,Hubble,8.506,0.754,139,23.2,0.2,27.929388031804184,0,0.9882
DEBRIS_B,GPS-79,16.143,1.723,19652,26.5,0.8,106.9748387898882,0,0.99
DEBRIS_B,GPS-79,1.138,9.373,19652,26.5,0.8,164.83975879238926,0,0.3446
GPS-79,DEBRIS_B,11.055,14.662,19652,26.5,0.8,127.25238377787228,0,0.9387
Starlink-1001,Iridium-33 Debris,2.664,8.52,230,33.4,0.9,129.65615835330823,0,0.6401
Hubble,ISS,15.092,3.409,139,23.2,0.2,54.108391263838215,0,0.99
DEBRIS_B,Cosmos-1408 Debris,9.835,9.97,133,54.1,0.9,19.99659050212965,0,0.9765
Cosmos-1408 Debris,Iridium-33 Debris,10.784,7.275,365,3.8,0.9,106.79098810623384,0,0.99
DEBRIS_A,Starlink-1001,6.627,11.834,140,1.4,0.8,42.24313224974021,0,0.7963
Tiangong,GPS-79,31.477,14.618,19811,13.5,0.2,4.720471185075727,0,0.99
Tiangong,Hubble,4.979,14.262,158,13.0,0.2,97.7543829928856,0,0.1996
DEBRIS_B,ISS,6.532,13.422,140,23.2,0.8,159.01004855795307,0,0.6984
ISS,DEBRIS_B,3.435,8.908,140,23.2,0.8,31.35221723278712,0,0.6559
DEBRIS_A,Iridium-33 Debris,31.741,6.954,370,34.8,0.9,16.05940634493912,0,0.99
Envisat,ISS,9.335,0.777,374,46.9,0.2,48.7959016136513,0,0.99
Cosmos-1408 Debris,Hubble,0.843,14.599,132,54.1,0.9,38.06644311681992,0,0.1036
ISS,Envisat,51.099,3.442,374,46.9,0.2,111.42562350379463,0,0.99
Hubble,ISS,18.704,12.27,139,23.2,0.2,30.59298518633359,0,0.99
Hubble,Starlink-1001,1.226,8.213,3,24.5,0.2,119.19496710055115,0,0.1898
GPS-79,Cosmos-1408 Debris,2.088,8.445,19785,27.6,0.9,131.18487815243128,0,0.577
GPS-79,Iridium-33 Debris,1.551,12.072,19420,31.4,0.9,20.58891999663839,0,0.26
Cosmos-1408 Debris,Tiangong,3.258,5.246,26,41.1,0.9,56.4489952719066,0,0.8648
Starlink-1001,GPS-79,44.088,7.494,19650,2.0,0.2,63.9889234871553,0,0.99
Envisat,Tiangong,23.959,9.277,393,57.1,0.2,141.68639146822196,0,0.99
DEBRIS_A,GPS-79,51.185,0.87,19790,3.4,0.8,84.85518095533027,0,0.99
Starlink-1001,ISS,30.07,2.443,142,1.4,0.2,52.11338156120777,0,0.99
Cosmos-1408 Debris,DEBRIS_A,14.707,8.619,5,30.9,0.9,139.93222026275072,0,0.99
DEBRIS_A,GPS-79,5.496,5.359,19790,3.4,0.8,104.41500219542954,0,0.9394
Envisat,Tiangong,5.048,6.548,393,57.1,0.2,115.18602799295726,0,0.723
Hubble,Tiangong,15.007,3.065,158,13.0,0.2,70.33825578277283,0,0.99
Hubble,Envisat,1.048,7.829,235,70.1,0.2,30.215330109850136,0,0.194
Envisat,Hubble,8.242,5.263,235,70.1,0.2,66.85911835902697,0,0.9499
Tiangong,Envisat,51.884,9.094,393,57.1,0.2,13.024852520207839,0,0.99
Envisat,Starlink-1001,1.449,8.345,232,45.5,0.2,107.82999749211282,0,0.2012
Tiangong,Iridium-33 Debris,14.124,4.762,391,44.9,0.9,45.617061006986646,0,0.99
DEBRIS_A,Envisat,3.595,14.092,372,46.9,0.8,1.2219294966907581,0,0.3036
Envisat,Hubble,7.307,14.05,235,70.1,0.2,91.1001335739917,0,0.4597
GPS-79,DEBRIS_B,16.742,14.657,19652,26.5,0.8,17.20785163656609,0,0.99
Tiangong,DEBRIS_A,8.538,3.955,21,10.2,0.8,73.03631726120977,0,0.99
Iridium-33 Debris,Starlink-1001,18.103,3.14,230,33.4,0.9,109.90560810385263,0,0.99
Tiangong,Hubble,4.267,1.032,158,13.0,0.2,77.15611273660613,0,0.9024
Tiangong,DEBRIS_A,25.973,13.997,21,10.2,0.8,91.48024091048984,0,0.99
Iridium-33 Debris,Tiangong,38.03,8.808,391,44.9,0.9,90.48593327263428,0,0.99
Envisat,Tiangong,7.949,13.118,393,57.1,0.2,107.21252070476764,0,0.608
DEBRIS_B,Envisat,8.155,7.551,234,70.1,0.8,131.9179061966693,0,0.9681
ISS,Envisat,39.282,1.67,374,46.9,0.2,128.44959824387718,0,0.99
DEBRIS_A,Hubble,23.163,14.144,137,23.2,0.8,125.48379777771125,0,0.99
GPS-79,Starlink-1001,12.091,3.898,19650,2.0,0.2,124.77092683390676,0,0.99
Envisat,Hubble,7.015,4.145,235,70.1,0.2,39.01646480958187,0,0.9348
Starlink-1001,Cosmos-1408 Debris,3.233,12.896,135,29.6,0.9,113.75835746516898,0,0.3887
Cosmos-1408 Debris,Iridium-33 Debris,2.622,10.137,365,3.8,0.9,30.19662163862524,0,0.5174
DEBRIS_B,Hubble,10.852,2.504,1,0.0,0.8,14.128773268044808,0,0.99
Iridium-33 Debris,DEBRIS_B,3.572,4.734,232,57.9,0.9,28.1277267902585,0,0.8971
Starlink-1001,ISS,8.035,11.333,142,1.4,0.2,146.41954794912002,0,0.7346
DEBRIS_B,GPS-79,11.868,8.674,19652,26.5,0.8,3.817553731854486,0,0.99
GPS-79,Cosmos-1408 Debris,7.46,13.446,19785,27.6,0.9,34.404720772687114,0,0.817
Starlink-1001,Cosmos-1408 Debris,9.644,8.454,135,29.6,0.9,105.61280206558916,0,0.9835
Hubble,Starlink-1001,27.804,7.328,3,24.5,0.2,56.116207661009746,0,0.99
Cosmos-1408 Debris,DEBRIS_B,9.935,0.299,133,54.1,0.9,68.89521779876947,0,0.99
Iridium-33 Debris,GPS-79,51.661,1.092,19420,31.4,0.9,108.95259345120684,0,0.99
DEBRIS_A,Hubble,0.657,6.751,137,23.2,0.8,11.853589687141742,0,0.4758
ISS,Starlink-1001,6.46,13.946,142,1.4,0.2,63.77213559259739,0,0.365
GPS-79,Iridium-33 Debris,1.032,11.521,19420,31.4,0.9,98.105511380096,0,0.2422
DEBRIS_A,GPS-79,14.532,11.16,19790,3.4,0.8,28.62302091591846,0,0.99
Cosmos-1408 Debris,Tiangong,28.718,8.171,26,41.1,0.9,127.41307833621232,0,0.99
DEBRIS_A,Cosmos-1408 Debris,30.447,10.893,5,30.9,0.9,125.31199234688157,0,0.99
DEBRIS_B,Envisat,23.862,4.152,234,70.1,0.8,116.34706308121166,0,0.99
Tiangong,Cosmos-1408 Debris,3.178,10.45,26,41.1,0.9,36.822351422352,0,0.5631
DEBRIS_A,ISS,3.119,1.417,2,0.0,0.8,117.45350830303204,0,0.939
Starlink-1001,Cosmos-1408 Debris,12.224,0.681,135,29.6,0.9,112.06367700021998,0,0.99
Cosmos-1408 Debris,Starlink-1001,1.486,11.245,135,29.6,0.9,136.5546167800451,0,0.3035
DEBRIS_B,Starlink-1001,0.086,7.041,2,24.5,0.8,95.99814993869441,1,0.3848
Tiangong,DEBRIS_B,0.207,1.295,159,13.0,0.8,52.51777022373566,0,0.7883
Tiangong,Iridium-33 Debris,10.75,0.18,391,44.9,0.9,157.6596675937824,0,0.99
Envisat,GPS-79,21.204,6.69,19418,43.5,0.2,118.87195630552856,0,0.99
Iridium-33 Debris,DEBRIS_B,3.567,14.935,232,57.9,0.9,164.82969673102642,0,0.2897
Iridium-33 Debris,DEBRIS_A,9.098,10.154,370,34.8,0.9,113.85755797107065,0,0.9645
DEBRIS_B,GPS-79,15.503,14.616,19652,26.5,0.8,11.819529909796195,0,0.99
Iridium-33 Debris,DEBRIS_B,13.003,6.848,232,57.9,0.9,159.39418394563648,0,0.99
Envisat,DEBRIS_A,48.632,8.085,372,46.9,0.8,82.1184167235981,0,0.99
Hubble,Tiangong,13.478,5.388,158,13.0,0.2,8.829012197057088,0,0.99
Envisat,DEBRIS_A,17.601,8.992,372,46.9,0.8,84.31456001622352,0,0.99
Cosmos-1408 Debris,Starlink-1001,17.626,9.085,135,29.6,0.9,104.02868371289296,0,0.99
Hubble,Starlink-1001,33.37,4.66,3,24.5,0.2,92.76017120511706,0,0.99
ISS,Tiangong,42.809,1.215,19,10.2,0.2,73.71688249057208,0,0.99
Envisat,Starlink-1001,3.484,9.496,232,45.5,0.2,36.98877010671613,0,0.3303
Hubble,Starlink-1001,24.834,2.289,3,24.5,0.2,57.63012010113137,0,0.99
ISS,Iridium-33 Debris,2.544,7.23,372,34.8,0.9,131.1553569143632,0,0.7116
Starlink-1001,Envisat,5.489,12.353,232,45.5,0.2,9.666728262858134,0,0.3632
Hubble,Envisat,72.005,9.997,235,70.1,0.2,33.55339574515593,0,0.99
Tiangong,GPS-79,10.082,11.15,19811,13.5,0.2,82.80234697947866,0,0.8905
DEBRIS_B,Iridium-33 Debris,5.968,6.864,232,57.9,0.9,128.11484436151042,0,0.9385
Envisat,Starlink-1001,10.089,9.707,232,45.5,0.2,38.687907261420136,0,0.9264
GPS-79,DEBRIS_B,3.702,2.824,19652,26.5,0.8,138.736868767036,0,0.9311
Iridium-33 Debris,Hubble,23.972,5.574,233,57.9,0.9,14.71019095303823,0,0.99
Envisat,DEBRIS_A,31.081,3.82,372,46.9,0.8,44.29922948037408,0,0.99
GPS-79,Hubble,9.196,5.333,19653,26.5,0.2,15.845078758553068,0,0.9676
Cosmos-1408 Debris,ISS,13.372,0.196,7,30.9,0.9,129.80548443273193,0,0.99
Hubble,Tiangong,18.471,7.188,158,13.0,0.2,113.3317015395675,0,0.99
DEBRIS_B,DEBRIS_A,10.436,0.849,138,23.2,0.8,5.961649690979978,0,0.99
Starlink-1001,Iridium-33 Debris,8.941,3.638,230,33.4,0.9,8.430253283590808,0,0.99
Iridium-33 Debris,Starlink-1001,3.344,0.927,230,33.4,0.9,95.54525645948311,0,0.9606
Cosmos-1408 Debris,Envisat,7.349,1.086,367,16.0,0.9,3.316206024055363,0,0.99
DEBRIS_A,Starlink-1001,0.458,14.426,140,1.4,0.8,112.23502153506656,0,0.076
GPS-79,Iridium-33 Debris,28.269,14.213,19420,31.4,0.9,148.66717426115912,0,0.99
DEBRIS_A,Iridium-33 Debris,17.003,8.191,370,34.8,0.9,58.34215543158034,0,0.99
Iridium-33 Debris,Envisat,26.988,14.039,2,12.1,0.9,31.28458278967067,0,0.99
Iridium-33 Debris,DEBRIS_B,6.265,6.787,232,57.9,0.9,153.43176704276252,0,0.9477
DEBRIS_B,Iridium-33 Debris,35.207,12.279,232,57.9,0.9,127.20837845789922,0,0.99
Envisat,GPS-79,29.083,5.416,19418,43.5,0.2,127.2782803911755,0,0.99
Hubble,Iridium-33 Debris,6.281,6.506,233,57.9,0.9,139.61636582014597,0,0.952
Envisat,Hubble,44.906,2.143,235,70.1,0.2,123.31897766174669,0,0.99
Cosmos-1408 Debris,Hubble,6.323,11.022,132,54.1,0.9,110.68924149438688,0,0.8396
ISS,DEBRIS_A,5.936,0.261,2,0.0,0.8,138.87792535674686,0,0.9889
Cosmos-1408 Debris,GPS-79,1.044,8.963,19785,27.6,0.9,124.15571509063618,0,0.4093
Cosmos-1408 Debris,GPS-79,61.627,3.969,19785,27.6,0.9,162.91659794678034,0,0.99
DEBRIS_A,Hubble,3.693,14.843,137,23.2,0.8,96.54793131094334,0,0.2678
Envisat,Cosmos-1408 Debris,0.798,8.404,367,16.0,0.9,26.298412723982125,0,0.4201
Envisat,DEBRIS_A,2.255,8.689,372,46.9,0.8,128.02025843170435,0,0.5302
Envisat,DEBRIS_B,8.191,9.065,234,70.1,0.8,157.44059185201377,0,0.9515
DEBRIS_A,Envisat,18.816,1.12,372,46.9,0.8,70.22628859767342,0,0.99
Starlink-1001,GPS-79,3.949,10.252,19650,2.0,0.2,157.95675781122466,0,0.3316
Cosmos-1408 Debris,Envisat,6.575,6.256,367,16.0,0.9,113.57066912497396,0,0.9612
DEBRIS_B,Envisat,10.956,10.681,234,70.1,0.8,16.17290829158431,0,0.9796
GPS-79,Cosmos-1408 Debris,9.371,5.756,19785,27.6,0.9,53.25491698866253,0,0.99
Cosmos-1408 Debris,Envisat,8.802,13.415,367,16.0,0.9,110.58743179029896,0,0.8981
DEBRIS_A,Hubble,10.412,6.563,137,23.2,0.8,41.991567078732345,0,0.99
ISS,Envisat,0.096,14.677,374,46.9,0.2,162.2489565287356,1,0.0188
GPS-79,DEBRIS_B,7.225,9.328,19652,26.5,0.8,76.39428963718407,0,0.9179
GPS-79,DEBRIS_A,41.838,2.8,19790,3.4,0.8,104.66029640396931,0,0.99
Hubble,DEBRIS_B,12.501,6.69,1,0.0,0.8,133.95173908597428,0,0.99
Hubble,Cosmos-1408 Debris,13.836,2.529,132,54.1,0.9,39.357174676325464,0,0.99
Hubble,Envisat,39.242,3.284,235,70.1,0.2,70.61868403826789,0,0.99
GPS-79,ISS,23.223,4.666,19792,3.4,0.2,6.85931870525007,0,0.99
Tiangong,ISS,4.751,13.573,19,10.2,0.2,63.01581884818851,0,0.2148
Hubble,Starlink-1001,1.503,6.806,3,24.5,0.2,56.75857343809405,0,0.2911
DEBRIS_A,Hubble,19.503,7.317,137,23.2,0.8,116.58995301482844,0,0.99
ISS,Envisat,11.892,11.035,374,46.9,0.2,58.28721577319835,0,0.9541
DEBRIS_A,Hubble,17.918,2.982,137,23.2,0.8,107.80860240292466,0,0.99
Starlink-1001,Iridium-33 Debris,15.666,13.139,230,33.4,0.9,132.82839367461398,0,0.99
Envisat,Iridium-33 Debris,11.491,1.322,2,12.1,0.9,5.96629947156546,0,0.99
Iridium-33 Debris,ISS,16.157,8.709,372,34.8,0.9,145.51844946893843,0,0.99
ISS,GPS-79,6.014,8.507,19792,3.4,0.2,142.911463253738,0,0.7015
Cosmos-1408 Debris,Starlink-1001,13.865,7.902,135,29.6,0.9,42.67677324369039,0,0.99
Tiangong,Iridium-33 Debris,4.376,12.997,391,44.9,0.9,17.36727122324034,0,0.5222
ISS,DEBRIS_A,33.052,14.165,2,0.0,0.8,128.68269568754135,0,0.99
Hubble,DEBRIS_B,17.682,3.577,1,0.0,0.8,105.09293553535281,0,0.99
Hubble,Cosmos-1408 Debris,18.129,1.79,132,54.1,0.9,167.48105780115276,0,0.99
Hubble,Iridium-33 Debris,1.277,3.953,233,57.9,0.9,4.7763912338583925,0,0.7777
GPS-79,DEBRIS_A,50.416,0.851,19790,3.4,0.8,149.59552747159918,0,0.99
ISS,Hubble,37.382,6.158,139,23.2,0.2,24.156956916173442,0,0.99
Hubble,Starlink-1001,16.922,10.227,3,24.5,0.2,158.92074773298734,0,0.99
DEBRIS_A,Starlink-1001,2.051,6.691,140,1.4,0.8,7.230697764171917,0,0.6497
Hubble,Starlink-1001,37.588,9.782,3,24.5,0.2,17.46658788507516,0,0.99
Starlink-1001,Iridium-33 Debris,5.845,8.36,230,33.4,0.9,24.985711886476608,0,0.9016
Starlink-1001,DEBRIS_A,1.333,8.278,140,1.4,0.8,63.89848735828976,0,0.446
GPS-79,Starlink-1001,2.92,14.811,19650,2.0,0.2,74.66498720462127,0,0.0702
Tiangong,Iridium-33 Debris,5.474,6.1,391,44.9,0.9,113.01396940290569,0,0.9374
Starlink-1001,DEBRIS_B,12.959,10.432,2,24.5,0.8,117.73267024462842,0,0.99
Tiangong,ISS,22.736,10.138,19,10.2,0.2,128.96305365617945,0,0.99
ISS,Tiangong,1.715,7.23,19,10.2,0.2,98.41615006439538,0,0.2867
Starlink-1001,ISS,3.994,9.603,142,1.4,0.2,137.78933359514352,0,0.3813
Envisat,Iridium-33 Debris,2.507,14.658,2,12.1,0.9,91.56725691041024,0,0.2069
DEBRIS_A,Starlink-1001,18.147,8.391,140,1.4,0.8,60.312563610008,0,0.99
Hubble,Starlink-1001,5.415,14.502,3,24.5,0.2,105.5612692957957,0,0.2239
Iridium-33 Debris,Tiangong,23.411,4.838,391,44.9,0.9,97.43686279393084,0,0.99
Envisat,Tiangong,0.946,7.54,393,57.1,0.2,17.954032224767342,0,0.1996
Iridium-33 Debris,DEBRIS_A,8.752,9.759,370,34.8,0.9,10.416832112959222,0,0.9626
Cosmos-1408 Debris,Hubble,2.986,4.011,132,54.1,0.9,88.29088851342783,0,0.8899
Tiangong,DEBRIS_B,2.663,11.042,159,13.0,0.8,35.16271406954166,0,0.4058
Iridium-33 Debris,Hubble,1.858,3.888,233,57.9,0.9,49.70906454483289,0,0.8267
Tiangong,ISS,30.596,5.636,19,10.2,0.2,103.25776124771927,0,0.99
Tiangong,Iridium-33 Debris,22.95,4.228,391,44.9,0.9,158.0737804689904,0,0.99
Hubble,DEBRIS_B,10.894,8.752,1,0.0,0.8,157.24386398093313,0,0.9881
GPS-79,Tiangong,1.351,12.234,19811,13.5,0.2,47.16820495338216,0,0.0695
Hubble,ISS,3.148,6.944,139,23.2,0.2,126.3824086533656,0,0.4727
DEBRIS_A,GPS-79,4.607,7.603,19790,3.4,0.8,11.535505251079433,0,0.8352
DEBRIS_A,Tiangong,30.182,2.553,21,10.2,0.8,69.79947734787966,0,0.99
Cosmos-1408 Debris,DEBRIS_B,23.249,4.322,133,54.1,0.9,140.67212893944324,0,0.99
Cosmos-1408 Debris,Tiangong,13.67,5.838,26,41.1,0.9,143.621890260396,0,0.99
GPS-79,ISS,0.392,8.344,19792,3.4,0.2,87.4834549593515,0,0.1293
Starlink-1001,Tiangong,22.563,12.353,161,11.5,0.2,151.67403999924102,0,0.99
Envisat,DEBRIS_A,5.278,1.25,372,46.9,0.8,28.62403959347972,0,0.9794
Tiangong,Starlink-1001,39.477,1.458,161,11.5,0.2,48.102699620184886,0,0.99
Envisat,Starlink-1001,2.923,1.567,232,45.5,0.2,160.73336085002182,0,0.8009
Starlink-1001,Hubble,0.785,9.301,3,24.5,0.2,34.986836379467995,0,0.1194
GPS-79,ISS,15.639,12.672,19792,3.4,0.2,54.654537180875074,0,0.9881
Starlink-1001,Tiangong,14.212,0.348,161,11.5,0.2,32.80247026168522,0,0.99
GPS-79,Iridium-33 Debris,47.267,13.363,19420,31.4,0.9,109.61699111995053,0,0.99
ISS,Starlink-1001,76.945,0.265,142,1.4,0.2,122.6961228108626,0,0.99
Hubble,Cosmos-1408 Debris,5.411,10.99,132,54.1,0.9,117.75181502362788,0,0.77
DEBRIS_B,GPS-79,12.67,3.231,19652,26.5,0.8,124.72736675915895,0,0.99
Iridium-33 Debris,ISS,17.809,8.554,372,34.8,0.9,133.78930202772742,0,0.99
Cosmos-1408 Debris,Starlink-1001,8.148,9.03,135,29.6,0.9,86.35154889064968,0,0.9595
Cosmos-1408 Debris,Envisat,0.364,8.814,367,16.0,0.9,158.1735244772684,0,0.3402
GPS-79,DEBRIS_A,7.848,7.869,19790,3.4,0.8,150.6348851569468,0,0.9594
Tiangong,GPS-79,13.63,12.171,19811,13.5,0.2,72.24215770732934,0,0.9724
Cosmos-1408 Debris,Iridium-33 Debris,3.322,3.778,365,3.8,0.9,51.54715394603901,0,0.9111
Envisat,Tiangong,22.22,10.752,393,57.1,0.2,97.31034685644097,0,0.99
Hubble,Starlink-1001,40.491,0.4,3,24.5,0.2,25.920284155669,0,0.99
GPS-79,ISS,40.267,14.955,19792,3.4,0.2,121.01443769030486,0,0.99
Cosmos-1408 Debris,DEBRIS_B,3.739,2.158,133,54.1,0.9,144.34486410891728,0,0.9536
GPS-79,DEBRIS_A,7.932,3.224,19790,3.4,0.8,164.06459581591562,0,0.99
Tiangong,Cosmos-1408 Debris,2.462,2.363,26,41.1,0.9,55.264913365825564,0,0.9107
GPS-79,Cosmos-1408 Debris,3.476,7.616,19785,27.6,0.9,52.51665676995683,0,0.7778
ISS,DEBRIS_B,3.322,11.772,140,23.2,0.8,152.76352739597104,0,0.4327
Iridium-33 Debris,Tiangong,7.09,5.155,391,44.9,0.9,10.582219849939317,0,0.9781
Iridium-33 Debris,ISS,5.403,12.895,372,34.8,0.9,144.0290743843879,0,0.6532
DEBRIS_A,Hubble,10.415,9.721,137,23.2,0.8,85.82477162551575,0,0.98
ISS,Tiangong,1.32,10.272,19,10.2,0.2,39.66107671507777,0,0.117
Starlink-1001,Envisat,20.321,10.198,232,45.5,0.2,42.46364419709219,0,0.99
Cosmos-1408 Debris,Tiangong,7.253,2.607,26,41.1,0.9,140.5386441156911,0,0.99
Tiangong,GPS-79,9.728,11.917,19811,13.5,0.2,164.8504642127721,0,0.8441
ISS,Iridium-33 Debris,17.912,5.508,372,34.8,0.9,147.73103747876144,0,0.99
ISS,Iridium-33 Debris,6.457,12.951,372,34.8,0.9,39.23292511647119,0,0.7583
Tiangong,DEBRIS_B,0.867,3.909,159,13.0,0.8,88.6779366670026,0,0.7028
Cosmos-1408 Debris,Hubble,60.89,3.825,132,54.1,0.9,12.417826926467288,0,0.99
Hubble,Starlink-1001,3.267,12.322,3,24.5,0.2,109.02464042297355,0,0.1594
Iridium-33 Debris,GPS-79,20.578,4.742,19420,31.4,0.9,142.0852263903658,0,0.99
Starlink-1001,Envisat,29.716,1.671,232,45.5,0.2,93.08695568240252,0,0.99
Tiangong,Cosmos-1408 Debris,19.244,3.554,26,41.1,0.9,118.56397928598314,0,0.99
DEBRIS_A,Envisat,4.008,11.266,372,46.9,0.8,154.20548427140756,0,0.5559
GPS-79,Hubble,6.261,6.718,19653,26.5,0.2,113.53101928197297,0,0.8198
DEBRIS_A,Iridium-33 Debris,9.263,14.834,370,34.8,0.9,81.23466553948556,0,0.8788
Hubble,Cosmos-1408 Debris,29.229,1.551,132,54.1,0.9,118.69985826439834,0,0.99
ISS,Starlink-1001,72.218,14.276,142,1.4,0.2,23.105810795098243,0,0.99
Tiangong,Iridium-33 Debris,8.661,14.665,391,44.9,0.9,135.74064191034046,0,0.8496
Cosmos-1408 Debris,GPS-79,5.667,10.143,19785,27.6,0.9,141.860465691185,0,0.8307
DEBRIS_A,Iridium-33 Debris,21.462,0.737,370,34.8,0.9,145.275130337801,0,0.99
DEBRIS_A,Starlink-1001,2.773,12.824,140,1.4,0.8,2.32111768679886,0,0.2973
Tiangong,Iridium-33 Debris,3.333,4.334,391,44.9,0.9,48.617815334245726,0,0.8972
DEBRIS_B,DEBRIS_A,10.498,11.967,138,23.2,0.8,124.2568842607823,0,0.963
DEBRIS_A,DEBRIS_B,3.737,2.871,138,23.2,0.8,159.74245299996883,0,0.9313
Starlink-1001,GPS-79,10.508,12.454,19650,2.0,0.2,85.41699456388612,0,0.8719
DEBRIS_A,ISS,3.198,2.276,2,0.0,0.8,157.60096903348924,0,0.9253
GPS-79,Cosmos-1408 Debris,12.378,10.104,19785,27.6,0.9,155.6271596950688,0,0.99
Iridium-33 Debris,Hubble,2.128,3.031,233,57.9,0.9,39.97344693793957,0,0.876
Iridium-33 Debris,Starlink-1001,9.496,12.034,230,33.4,0.9,30.348636954306773,0,0.9497
GPS-79,Tiangong,5.699,0.931,19811,13.5,0.2,102.48756266392884,0,0.9512
Starlink-1001,Hubble,0.091,7.31,3,24.5,0.2,20.79324822045539,1,0.1484
Envisat,Hubble,18.813,3.679,235,70.1,0.2,74.60920783358794,0,0.99
Hubble,GPS-79,6.98,11.421,19653,26.5,0.2,56.988462698789355,0,0.6139
DEBRIS_B,GPS-79,10.373,3.327,19652,26.5,0.8,146.613886173082,0,0.99
Hubble,DEBRIS_A,26.525,2.936,137,23.2,0.8,154.10133736739448,0,0.99
Starlink-1001,Iridium-33 Debris,8.529,12.742,230,33.4,0.9,61.090573546368546,0,0.904
Hubble,Starlink-1001,7.539,0.864,3,24.5,0.2,67.57502594064856,0,0.9804
Starlink-1001,ISS,3.71,1.781,142,1.4,0.2,100.24126098164831,0,0.8482
GPS-79,Starlink-1001,47.245,6.464,19650,2.0,0.2,79.86934720213986,0,0.99
Hubble,DEBRIS_A,3.46,0.114,137,23.2,0.8,6.692602171810053,0,0.9643
GPS-79,Tiangong,13.754,10.996,19811,13.5,0.2,129.34045797770494,0,0.9816
ISS,DEBRIS_A,5.959,12.255,2,0.0,0.8,100.38874832172651,0,0.7116
Starlink-1001,Iridium-33 Debris,1.32,5.406,230,33.4,0.9,114.33654307072746,0,0.6981
Starlink-1001,GPS-79,5.063,7.819,19650,2.0,0.2,125.69189927782966,0,0.6424
Cosmos-1408 Debris,ISS,19.054,13.959,7,30.9,0.9,88.68202071239661,0,0.99
Cosmos-1408 Debris,Iridium-33 Debris,11.404,8.51,365,3.8,0.9,100.93791877414013,0,0.99
Tiangong,DEBRIS_A,1.942,10.845,21,10.2,0.8,30.957445271616606,0,0.3357
DEBRIS_B,GPS-79,2.199,10.947,19652,26.5,0.8,136.62749130270467,0,0.3579
ISS,Hubble,4.86,8.417,139,23.2,0.2,58.36169211570837,0,0.5757
Iridium-33 Debris,Hubble,0.561,7.174,233,57.9,0.9,56.568697897989004,0,0.4821
Iridium-33 Debris,Cosmos-1408 Debris,2.969,4.292,365,3.8,0.9,76.9268982848475,0,0.8805
Hubble,GPS-79,4.423,12.437,19653,26.5,0.2,63.56519908533111,0,0.2461
Tiangong,Iridium-33 Debris,1.883,0.773,391,44.9,0.9,73.62339105129497,0,0.9248
Cosmos-1408 Debris,GPS-79,12.928,8.607,19785,27.6,0.9,55.91444161607591,0,0.99
ISS,Envisat,75.007,13.041,374,46.9,0.2,94.90303214077231,0,0.99
Iridium-33 Debris,Envisat,9.867,11.391,2,12.1,0.9,47.434091904778555,0,0.965
Hubble,Envisat,11.858,3.821,235,70.1,0.2,57.73595461392087,0,0.99
ISS,Iridium-33 Debris,49.733,5.717,372,34.8,0.9,101.37947312650677,0,0.99
ISS,GPS-79,20.567,12.05,19792,3.4,0.2,27.06368139777151,0,0.99
Envisat,DEBRIS_A,35.925,11.43,372,46.9,0.8,113.66728613999001,0,0.99
DEBRIS_A,Envisat,0.618,4.96,372,46.9,0.8,78.7707193918515,0,0.6037
Starlink-1001,DEBRIS_B,5.739,0.231,2,24.5,0.8,64.26011539188335,0,0.9879
Envisat,DEBRIS_B,56.561,2.885,234,70.1,0.8,74.86150875799389,0,0.99
Hubble,Starlink-1001,89.981,0.584,3,24.5,0.2,39.65526352228136,0,0.99
ISS,DEBRIS_B,0.722,5.148,140,23.2,0.8,68.12444216260447,0,0.6026
Envisat,DEBRIS_A,44.257,3.36,372,46.9,0.8,54.872423122098404,0,0.99
Envisat,DEBRIS_B,0.904,4.569,234,70.1,0.8,79.73642483140944,0,0.664
DEBRIS_A,Iridium-33 Debris,2.469,9.007,370,34.8,0.9,111.70971250453108,0,0.5823
DEBRIS_B,Starlink-1001,40.767,2.053,2,24.5,0.8,133.98251269271603,0,0.99
Iridium-33 Debris,DEBRIS_B,18.954,6.709,232,57.9,0.9,157.73744412638763,0,0.99
DEBRIS_A,DEBRIS_B,8.349,1.756,138,23.2,0.8,5.206826387657823,0,0.99
Starlink-1001,Hubble,5.156,7.094,3,24.5,0.2,144.1343218525864,0,0.7005
DEBRIS_B,GPS-79,2.726,5.058,19652,26.5,0.8,157.91330220751053,0,0.8093
Cosmos-1408 Debris,DEBRIS_A,9.253,10.674,5,30.9,0.9,165.26517482081658,0,0.9617
GPS-79,DEBRIS_A,21.778,1.28,19790,3.4,0.8,8.001101911337173,0,0.99
Hubble,ISS,0.412,11.774,139,23.2,0.2,1.8651704005436207,0,0.0509
Envisat,DEBRIS_B,7.395,13.323,234,70.1,0.8,150.1914364414914,0,0.786
ISS,Hubble,33.169,4.015,139,23.2,0.2,79.39052297289211,0,0.99
Cosmos-1408 Debris,Starlink-1001,12.961,1.33,135,29.6,0.9,26.044047355408136,0,0.99
Hubble,DEBRIS_B,50.969,14.176,1,0.0,0.8,56.32606491399979,0,0.99
DEBRIS_A,GPS-79,1.437,2.506,19790,3.4,0.8,161.40930423531057,0,0.8273
GPS-79,Iridium-33 Debris,80.796,4.384,19420,31.4,0.9,90.46715510371699,0,0.99
GPS-79,Hubble,27.966,0.98,19653,26.5,0.2,45.712417729957764,0,0.99
DEBRIS_A,GPS-79,28.643,12.276,19790,3.4,0.8,2.393796990515322,0,0.99
GPS-79,DEBRIS_B,6.28,12.169,19652,26.5,0.8,40.10883568586408,0,0.7483
Iridium-33 Debris,DEBRIS_A,10.734,6.738,370,34.8,0.9,162.45401360441514,0,0.99
Hubble,Tiangong,18.988,5.643,158,13.0,0.2,15.622273910523484,0,0.99
Cosmos-1408 Debris,Envisat,10.822,10.383,367,16.0,0.9,140.70778701451323,0,0.9836
Tiangong,Iridium-33 Debris,0.758,5.856,391,44.9,0.9,59.44814894699499,0,0.6041
ISS,GPS-79,22.669,7.885,19792,3.4,0.2,107.72807359697605,0,0.99
Starlink-1001,Tiangong,10.279,0.216,161,11.5,0.2,82.72224853778145,0,0.99
Tiangong,DEBRIS_A,3.681,2.093,21,10.2,0.8,160.16027343708035,0,0.9433
DEBRIS_A,Tiangong,4.092,3.282,21,10.2,0.8,69.13113409498982,0,0.9347
ISS,GPS-79,30.787,6.333,19792,3.4,0.2,74.71402433793642,0,0.99
Envisat,Starlink-1001,20.592,0.288,232,45.5,0.2,108.30904182930772,0,0.99
DEBRIS_B,Envisat,7.894,5.008,234,70.1,0.8,116.51808871731532,0,0.9828
ISS,Iridium-33 Debris,19.475,10.425,372,34.8,0.9,165.87916650121838,0,0.99
Hubble,ISS,7.582,6.525,139,23.2,0.2,95.68512314123211,0,0.9032
Cosmos-1408 Debris,ISS,12.635,9.513,7,30.9,0.9,87.19776353055971,0,0.99
Cosmos-1408 Debris,DEBRIS_A,4.478,7.013,5,30.9,0.9,22.478426931996875,0,0.8738
DEBRIS_B,DEBRIS_A,1.815,9.694,138,23.2,0.8,140.18313320632402,0,0.4011
DEBRIS_B,Tiangong,26.037,1.37,159,13.0,0.8,145.53224471911005,0,0.99
Tiangong,Iridium-33 Debris,16.491,4.08,391,44.9,0.9,153.00065272495488,0,0.99
GPS-79,ISS,0.758,3.936,19792,3.4,0.2,22.877560336227425,0,0.4009
DEBRIS_A,Tiangong,18.586,1.776,21,10.2,0.8,123.66103623018601,0,0.99
Iridium-33 Debris,Starlink-1001,15.929,14.973,230,33.4,0.9,12.685791298615193,0,0.99
DEBRIS_A,DEBRIS_B,15.59,9.745,138,23.2,0.8,21.64995267860726,0,0.99
Starlink-1001,Tiangong,1.531,1.057,161,11.5,0.2,99.61366958933918,0,0.7002
DEBRIS_A,Hubble,15.37,4.744,137,23.2,0.8,88.30093660127612,0,0.99
Cosmos-1408 Debris,DEBRIS_A,17.21,9.967,5,30.9,0.9,120.20261593784187,0,0.99
Starlink-1001,Envisat,30.568,13.373,232,45.5,0.2,75.49343996611657,0,0.99
DEBRIS_B,ISS,2.214,14.071,140,23.2,0.8,59.189008505865324,0,0.1803
Cosmos-1408 Debris,DEBRIS_B,21.409,0.827,133,54.1,0.9,141.76206429605222,0,0.99
Hubble,Cosmos-1408 Debris,3.098,2.905,132,54.1,0.9,31.035348599052003,0,0.9225
Hubble,Tiangong,25.68,4.968,158,13.0,0.2,58.80025755981655,0,0.99
Starlink-1001,DEBRIS_B,16.87,3.168,2,24.5,0.8,59.28156778178866,0,0.99
Cosmos-1408 Debris,DEBRIS_A,10.787,5.215,5,30.9,0.9,55.267009235752205,0,0.99
ISS,Cosmos-1408 Debris,0.868,11.238,7,30.9,0.9,142.9581779543798,0,0.2428
GPS-79,Starlink-1001,3.534,11.855,19650,2.0,0.2,130.15065276497586,0,0.1995
Hubble,DEBRIS_A,2.336,11.409,137,23.2,0.8,84.15401947886701,0,0.342
Iridium-33 Debris,Cosmos-1408 Debris,10.201,13.683,365,3.8,0.9,155.91359034686306,0,0.9424
Cosmos-1408 Debris,GPS-79,4.362,13.738,19785,27.6,0.9,44.708606341045645,0,0.4649
Tiangong,GPS-79,51.784,6.848,19811,13.5,0.2,158.88556670724802,0,0.99
Starlink-1001,Iridium-33 Debris,10.847,7.748,230,33.4,0.9,18.102639987605045,0,0.99
Envisat,Starlink-1001,2.738,13.864,232,45.5,0.2,138.02502334112245,0,0.0839
Envisat,ISS,4.641,0.681,374,46.9,0.2,76.58966269613927,0,0.9253
Tiangong,DEBRIS_B,58.647,14.785,159,13.0,0.8,115.39333890848134,0,0.99
DEBRIS_A,Tiangong,7.239,9.496,21,10.2,0.8,72.32096471905713,0,0.9146
DEBRIS_A,DEBRIS_B,2.882,13.134,138,23.2,0.8,123.9147390156138,0,0.2892
Hubble,Envisat,19.151,3.932,235,70.1,0.2,120.88527132101233,0,0.99
GPS-79,Tiangong,58.534,13.041,19811,13.5,0.2,29.308033044196268,0,0.99
Iridium-33 Debris,Hubble,3.563,4.051,233,57.9,0.9,111.39415834386037,0,0.9142
Hubble,DEBRIS_A,56.872,14.469,137,23.2,0.8,27.590092027912807,0,0.99
GPS-79,Envisat,1.456,6.052,19418,43.5,0.2,70.43821669909264,0,0.3346
Starlink-1001,ISS,0.281,2.24,142,1.4,0.2,110.56971866273499,0,0.4671
ISS,Hubble,61.781,5.476,139,23.2,0.2,126.50309106784336,0,0.99
Cosmos-1408 Debris,ISS,25.397,6.538,7,30.9,0.9,133.81400232784912,0,0.99
Iridium-33 Debris,GPS-79,36.155,2.401,19420,31.4,0.9,105.33477021015155,0,0.99
Tiangong,ISS,5.785,7.64,19,10.2,0.2,27.385607863442914,0,0.7312
Envisat,Starlink-1001,2.33,0.228,232,45.5,0.2,3.453455379850922,0,0.8171
GPS-79,Cosmos-1408 Debris,8.77,11.01,19785,27.6,0.9,39.22388412222856,0,0.9469
GPS-79,Hubble,12.949,9.005,19653,26.5,0.2,124.16642345317638,0,0.9848
Cosmos-1408 Debris,DEBRIS_A,6.665,14.935,5,30.9,0.9,80.72281221247097,0,0.6574
Tiangong,Hubble,13.526,10.818,158,13.0,0.2,103.98761835463209,0,0.9805
DEBRIS_B,DEBRIS_A,11.744,2.028,138,23.2,0.8,63.20038267143329,0,0.99
Envisat,Cosmos-1408 Debris,0.782,7.078,367,16.0,0.9,143.34022006372874,0,0.5169
ISS,Cosmos-1408 Debris,28.982,5.445,7,30.9,0.9,106.06454898310622,0,0.99
Tiangong,DEBRIS_A,4.225,10.792,21,10.2,0.8,130.5283075596432,0,0.6165
Cosmos-1408 Debris,ISS,24.182,12.7,7,30.9,0.9,106.76099137758968,0,0.99
GPS-79,Cosmos-1408 Debris,17.103,12.399,19785,27.6,0.9,24.715533630444533,0,0.99
Envisat,GPS-79,6.9,11.569,19418,43.5,0.2,136.25601884973133,0,0.5937
Starlink-1001,Hubble,17.528,5.188,3,24.5,0.2,36.30087958430722,0,0.99
DEBRIS_A,Hubble,3.03,8.555,137,23.2,0.8,63.399594837873224,0,0.6338
Starlink-1001,DEBRIS_B,2.316,0.309,2,24.5,0.8,95.27553095007849,0,0.9349
GPS-79,DEBRIS_B,9.231,7.535,19652,26.5,0.8,12.224593817778056,0,0.9812
GPS-79,Cosmos-1408 Debris,11.535,12.913,19785,27.6,0.9,35.868630201684056,0,0.9757
Envisat,ISS,4.379,12.075,374,46.9,0.2,137.4123261517634,0,0.2625
Tiangong,Hubble,11.853,1.433,158,13.0,0.2,70.27952795661079,0,0.99
Hubble,Iridium-33 Debris,1.6,9.385,233,57.9,0.9,59.883699522104415,0,0.4463
Hubble,GPS-79,7.295,6.326,19653,26.5,0.2,7.5730676944691675,0,0.8956
Cosmos-1408 Debris,GPS-79,13.06,1.276,19785,27.6,0.9,32.28161443160306,0,0.99
Tiangong,DEBRIS_B,23.908,5.18,159,13.0,0.8,135.3377889225145,0,0.99
Hubble,DEBRIS_A,12.757,3.651,137,23.2,0.8,133.40505872374766,0,0.99
GPS-79,Hubble,5.46,2.616,19653,26.5,0.2,77.44696171887335,0,0.9125
GPS-79,Iridium-33 Debris,50.51,5.722,19420,31.4,0.9,43.45628194635115,0,0.99
Envisat,DEBRIS_B,16.361,3.64,234,70.1,0.8,82.24998793056416,0,0.99
Cosmos-1408 Debris,Tiangong,9.315,12.293,26,41.1,0.9,114.83049628519585,0,0.941
DEBRIS_A,GPS-79,10.19,1.321,19790,3.4,0.8,33.00507301142583,0,0.99
Tiangong,Envisat,16.134,14.838,393,57.1,0.2,44.60143955601867,0,0.9823
Starlink-1001,ISS,27.225,12.993,142,1.4,0.2,101.31790726842735,0,0.99
Starlink-1001,Tiangong,11.637,1.255,161,11.5,0.2,3.127070604201365,0,0.99
DEBRIS_A,ISS,9.561,14.718,2,0.0,0.8,124.40951605639721,0,0.8771
DEBRIS_B,Cosmos-1408 Debris,2.883,10.122,133,54.1,0.9,29.213199516007442,0,0.5511
DEBRIS_A,GPS-79,2.194,12.558,19790,3.4,0.8,26.088575250662203,0,0.2553
DEBRIS_A,Hubble,64.653,0.933,137,23.2,0.8,23.97225309543634,0,0.99
GPS-79,Cosmos-1408 Debris,11.23,8.468,19785,27.6,0.9,28.779621288812784,0,0.99
GPS-79,DEBRIS_A,52.657,0.428,19790,3.4,0.8,134.87289435591802,0,0.99
Envisat,Iridium-33 Debris,15.442,11.763,2,12.1,0.9,157.50308884580969,0,0.99
DEBRIS_A,Hubble,1.129,10.579,137,23.2,0.8,67.68417508679485,0,0.2672
ISS,DEBRIS_A,5.687,11.855,2,0.0,0.8,114.57178507868153,0,0.7083
Starlink-1001,DEBRIS_B,4.678,7.851,2,24.5,0.8,95.08808617730435,0,0.8298
Tiangong,ISS,1.941,14.79,19,10.2,0.2,131.17652034009208,0,0.0445
Starlink-1001,ISS,7.139,12.663,142,1.4,0.2,108.26336538465684,0,0.5426
ISS,Cosmos-1408 Debris,10.406,6.286,7,30.9,0.9,28.50919237661058,0,0.99
Starlink-1001,Iridium-33 Debris,5.078,4.983,230,33.4,0.9,19.5101820216729,0,0.945
ISS,Starlink-1001,3.64,1.895,142,1.4,0.2,143.07309116166172,0,0.8391
Tiangong,GPS-79,1.537,4.616,19811,13.5,0.2,107.25787928531867,0,0.4461
GPS-79,Hubble,15.865,3.909,19653,26.5,0.2,61.31070318058524,0,0.99
Cosmos-1408 Debris,Starlink-1001,12.618,13.029,135,29.6,0.9,72.65231615904393,0,0.9852
Iridium-33 Debris,Tiangong,73.646,10.505,391,44.9,0.9,49.428091622861594,0,0.99
DEBRIS_A,ISS,14.962,2.538,2,0.0,0.8,95.06483230889647,0,0.99
GPS-79,DEBRIS_A,16.663,4.115,19790,3.4,0.8,46.696078943111715,0,0.99
Cosmos-1408 Debris,DEBRIS_B,6.694,1.243,133,54.1,0.9,71.67538675203521,0,0.99
Iridium-33 Debris,Envisat,4.067,14.686,2,12.1,0.9,64.97121022526989,0,0.3607
Tiangong,Hubble,34.586,10.006,158,13.0,0.2,17.766363324488697,0,0.99
ISS,Starlink-1001,8.02,10.498,142,1.4,0.2,45.13923526305598,0,0.7791
Iridium-33 Debris,DEBRIS_A,37.818,4.737,370,34.8,0.9,35.20085982230743,0,0.99
DEBRIS_B,GPS-79,13.089,5.416,19652,26.5,0.8,27.681008463650322,0,0.99
Envisat,GPS-79,11.191,10.8,19418,43.5,0.2,97.72611785721601,0,0.9402
Starlink-1001,DEBRIS_A,33.393,11.02,140,1.4,0.8,85.45288636209504,0,0.99
Tiangong,DEBRIS_A,17.733,14.861,21,10.2,0.8,46.757920053344236,0,0.99
GPS-79,DEBRIS_A,3.413,13.113,19790,3.4,0.8,10.134085834550744,0,0.3481
DEBRIS_B,Starlink-1001,0.734,5.348,2,24.5,0.8,143.91843689993206,0,0.5897
GPS-79,Iridium-33 Debris,10.551,14.827,19420,31.4,0.9,78.22009750122751,0,0.9326
DEBRIS_B,Cosmos-1408 Debris,10.186,2.795,133,54.1,0.9,123.46650812656232,0,0.99
DEBRIS_A,GPS-79,12.068,1.81,19790,3.4,0.8,21.278512780911935,0,0.99
DEBRIS_A,ISS,11.622,14.535,2,0.0,0.8,81.39938609646903,0,0.9548
Hubble,Iridium-33 Debris,35.572,2.95,233,57.9,0.9,103.43051483402837,0,0.99
DEBRIS_B,DEBRIS_A,44.405,7.353,138,23.2,0.8,118.02036404456878,0,0.99
Iridium-33 Debris,DEBRIS_B,11.88,9.784,232,57.9,0.9,126.65768112336428,0,0.99
Starlink-1001,DEBRIS_B,9.881,9.376,2,24.5,0.8,1.7868881191062247,0,0.9765
Envisat,DEBRIS_B,13.887,4.554,234,70.1,0.8,69.07607281577111,0,0.99
Starlink-1001,DEBRIS_A,2.354,7.912,140,1.4,0.8,161.78064730150493,0,0.5995
Tiangong,Iridium-33 Debris,5.069,8.438,391,44.9,0.9,47.00205755735294,0,0.8585
DEBRIS_A,Tiangong,28.932,9.495,21,10.2,0.8,125.56094757684049,0,0.99
Iridium-33 Debris,GPS-79,3.104,1.093,19420,31.4,0.9,167.75835942572704,0,0.9536
DEBRIS_B,Cosmos-1408 Debris,39.095,0.236,133,54.1,0.9,12.76170434918915,0,0.99
Cosmos-1408 Debris,ISS,14.649,14.561,7,30.9,0.9,93.9482490413963,0,0.99
GPS-79,Iridium-33 Debris,8.753,5.078,19420,31.4,0.9,87.7154039637413,0,0.99
Tiangong,Iridium-33 Debris,12.111,0.124,391,44.9,0.9,47.65248417164317,0,0.99
Envisat,Cosmos-1408 Debris,2.523,5.407,367,16.0,0.9,117.12848503956275,0,0.8084
DEBRIS_A,Hubble,31.962,1.26,137,23.2,0.8,118.77232380374382,0,0.99
Envisat,Starlink-1001,20.181,1.391,232,45.5,0.2,112.45098271430145,0,0.99
Cosmos-1408 Debris,GPS-79,17.818,9.282,19785,27.6,0.9,81.17530587805014,0,0.99
Starlink-1001,GPS-79,11.113,1.84,19650,2.0,0.2,21.770034458799675,0,0.99
Envisat,Iridium-33 Debris,0.882,10.125,2,12.1,0.9,89.15822659294405,0,0.3108
Envisat,DEBRIS_B,15.828,11.714,234,70.1,0.8,128.9079636275973,0,0.99
Iridium-33 Debris,ISS,25.539,8.285,372,34.8,0.9,156.21203022966145,0,0.99
GPS-79,Hubble,3.857,9.07,19653,26.5,0.2,117.20149034878699,0,0.4031
Hubble,Iridium-33 Debris,3.31,6.627,233,57.9,0.9,68.72807777555182,0,0.8126
ISS,DEBRIS_A,2.175,4.513,2,0.0,0.8,96.18645246160199,0,0.7914
GPS-79,Tiangong,1.135,13.996,19811,13.5,0.2,66.34513460634255,0,0.038
Starlink-1001,DEBRIS_A,29.358,9.543,140,1.4,0.8,42.612475329819084,0,0.99
DEBRIS_A,Cosmos-1408 Debris,0.267,7.803,5,30.9,0.9,89.0152530916581,0,0.3995
DEBRIS_A,ISS,24.371,6.287,2,0.0,0.8,47.70771103172984,0,0.99
DEBRIS_A,Cosmos-1408 Debris,0.378,0.158,5,30.9,0.9,38.248169107993554,0,0.8745
DEBRIS_A,Hubble,16.247,13.559,137,23.2,0.8,16.64601635223303,0,0.99
Envisat,DEBRIS_B,1.404,6.623,234,70.1,0.8,38.84033769576433,0,0.5781
GPS-79,Starlink-1001,1.409,5.127,19650,2.0,0.2,15.160784302592607,0,0.3933
Iridium-33 Debris,DEBRIS_B,8.084,2.41,232,57.9,0.9,111.66126532595828,0,0.99
Cosmos-1408 Debris,Tiangong,12.666,12.941,26,41.1,0.9,80.20673839081019,0,0.9859
GPS-79,Starlink-1001,12.243,4.634,19650,2.0,0.2,14.616215445473575,0,0.99
Cosmos-1408 Debris,Iridium-33 Debris,0.979,9.013,365,3.8,0.9,101.14664393548873,0,0.3979
Cosmos-1408 Debris,Hubble,4.604,4.38,132,54.1,0.9,85.95383317677069,0,0.942
Iridium-33 Debris,Envisat,68.035,0.916,2,12.1,0.9,59.70706318427582,0,0.99
Hubble,DEBRIS_A,41.884,12.096,137,23.2,0.8,142.91241512777805,0,0.99
DEBRIS_A,Hubble,17.488,3.971,137,23.2,0.8,42.85769715200782,0,0.99
Tiangong,GPS-79,9.364,6.555,19811,13.5,0.2,134.36826363026864,0,0.9575
Cosmos-1408 Debris,GPS-79,0.841,10.031,19785,27.6,0.9,135.68533728132303,0,0.3124
DEBRIS_A,GPS-79,24.866,12.022,19790,3.4,0.8,156.6044758531716,0,0.99
ISS,Hubble,16.909,6.135,139,23.2,0.2,156.50630595318475,0,0.99
ISS,Envisat,14.479,2.475,374,46.9,0.2,162.63092268647952,0,0.99
Hubble,Tiangong,6.029,12.578,158,13.0,0.2,52.12644253568459,0,0.4113
Tiangong,DEBRIS_A,1.702,7.672,21,10.2,0.8,123.58682140115228,0,0.5373
Iridium-33 Debris,GPS-79,3.997,3.089,19420,31.4,0.9,120.17146482659638,0,0.9464
Tiangong,GPS-79,19.799,5.111,19811,13.5,0.2,55.27266859866559,0,0.99
Envisat,Hubble,3.458,4.893,235,70.1,0.2,78.25526267262552,0,0.6595
Tiangong,DEBRIS_A,10.721,7.208,21,10.2,0.8,140.27961402238134,0,0.99
DEBRIS_A,Hubble,9.855,10.24,137,23.2,0.8,144.2995018552543,0,0.9694
DEBRIS_B,Starlink-1001,28.606,7.298,2,24.5,0.8,69.9582655616184,0,0.99
ISS,Starlink-1001,14.331,6.238,142,1.4,0.2,156.98757240850696,0,0.99
Starlink-1001,DEBRIS_B,7.225,4.299,2,24.5,0.8,121.32097037318115,0,0.9806
Envisat,ISS,9.67,4.827,374,46.9,0.2,128.76245354086333,0,0.9778
Hubble,Cosmos-1408 Debris,0.722,8.538,132,54.1,0.9,128.25721572434358,0,0.4011
GPS-79,Iridium-33 Debris,8.007,4.463,19420,31.4,0.9,63.079190152950964,0,0.9886
Envisat,Starlink-1001,5.311,1.984,232,45.5,0.2,141.56490079600394,0,0.9213
Tiangong,Iridium-33 Debris,20.715,12.436,391,44.9,0.9,129.5917121301706,0,0.99
DEBRIS_B,Tiangong,5.911,7.141,159,13.0,0.8,147.41669329184518,0,0.9178
Starlink-1001,Envisat,4.116,1.342,232,45.5,0.2,155.99645155136042,0,0.8865
GPS-79,Iridium-33 Debris,0.594,2.883,19420,31.4,0.9,139.66617067460135,0,0.7742
Tiangong,Cosmos-1408 Debris,4.29,0.331,26,41.1,0.9,28.099720743724994,0,0.9791
DEBRIS_A,GPS-79,1.227,5.41,19790,3.4,0.8,125.63074134445978,0,0.6434
Envisat,DEBRIS_A,1.191,11.017,372,46.9,0.8,103.67495052655399,0,0.2479
DEBRIS_B,Envisat,9.083,12.965,234,70.1,0.8,154.05777088990783,0,0.9048
Envisat,Starlink-1001,40.495,1.267,232,45.5,0.2,115.65195656855884,0,0.99
Starlink-1001,GPS-79,9.46,4.165,19650,2.0,0.2,77.93028306294592,0,0.9798
Hubble,Cosmos-1408 Debris,0.229,4.328,132,54.1,0.9,73.40207108045232,0,0.6494
Cosmos-1408 Debris,ISS,11.064,0.3,7,30.9,0.9,3.3650267886418765,0,0.99
Tiangong,Hubble,6.133,11.5,158,13.0,0.2,72.76159301880571,0,0.5042
ISS,Cosmos-1408 Debris,1.345,1.455,7,30.9,0.9,155.10926711881987,0,0.8846
Hubble,Tiangong,15.93,4.204,158,13.0,0.2,162.58353838726055,0,0.99
DEBRIS_A,Hubble,31.991,6.297,137,23.2,0.8,121.04397268297022,0,0.99
Tiangong,GPS-79,0.163,10.545,19811,13.5,0.2,19.117991539560744,0,0.064
Envisat,Cosmos-1408 Debris,1.085,7.233,367,16.0,0.9,29.03743305493934,0,0.5431
Iridium-33 Debris,Cosmos-1408 Debris,14.763,10.069,365,3.8,0.9,21.30299504694913,0,0.99
Envisat,DEBRIS_A,14.756,13.379,372,46.9,0.8,84.99970241253384,0,0.99
Starlink-1001,DEBRIS_B,33.139,4.128,2,24.5,0.8,138.24144480512854,0,0.99
Tiangong,Hubble,14.882,10.52,158,13.0,0.2,119.4973530768665,0,0.99
DEBRIS_B,DEBRIS_A,25.544,5.259,138,23.2,0.8,135.71942732839995,0,0.99
ISS,DEBRIS_A,7.607,4.938,2,0.0,0.8,164.8850512725508,0,0.9806
Tiangong,GPS-79,13.936,8.442,19811,13.5,0.2,81.76740546652432,0,0.99
Starlink-1001,DEBRIS_B,9.397,4.05,2,24.5,0.8,123.39064715026375,0,0.99
Cosmos-1408 Debris,Tiangong,10.121,6.635,26,41.1,0.9,127.75632622043277,0,0.99
GPS-79,Hubble,22.824,1.642,19653,26.5,0.2,18.134865240741654,0,0.99
DEBRIS_A,Starlink-1001,33.819,14.584,140,1.4,0.8,144.38065928473293,0,0.99
DEBRIS_B,Envisat,5.026,13.325,234,70.1,0.8,61.86213162459228,0,0.5288
Cosmos-1408 Debris,Iridium-33 Debris,25.674,13.593,365,3.8,0.9,20.207698363965914,0,0.99
DEBRIS_B,ISS,2.667,12.205,140,23.2,0.8,143.3851436608525,0,0.3257
Cosmos-1408 Debris,DEBRIS_B,0.777,0.754,133,54.1,0.9,121.05066241773686,0,0.8768
Tiangong,Cosmos-1408 Debris,1.245,0.824,26,41.1,0.9,75.31142575672106,0,0.898
ISS,Hubble,16.176,6.531,139,23.2,0.2,128.3089549640775,0,0.99
Tiangong,Cosmos-1408 Debris,3.495,7.611,26,41.1,0.9,91.58563508433517,0,0.7797
Hubble,DEBRIS_B,0.996,9.677,1,0.0,0.8,98.77226959132231,0,0.3089
GPS-79,DEBRIS_A,2.072,6.512,19790,3.4,0.8,46.22297500831942,0,0.6643
Iridium-33 Debris,DEBRIS_A,9.809,6.096,370,34.8,0.9,25.529734801029594,0,0.99
DEBRIS_A,Envisat,15.959,6.697,372,46.9,0.8,159.42303303388528,0,0.99
Tiangong,Envisat,3.231,3.297,393,57.1,0.2,124.03551173791969,0,0.7362
ISS,Cosmos-1408 Debris,4.69,9.848,7,30.9,0.9,89.6942827668165,0,0.7668
DEBRIS_A,Envisat,9.103,7.115,372,46.9,0.8,118.745279401646,0,0.9823
Tiangong,Starlink-1001,1.186,10.214,161,11.5,0.2,29.664274086025156,0,0.1119
Tiangong,Iridium-33 Debris,3.245,11.002,391,44.9,0.9,25.981369336070507,0,0.5305
Iridium-33 Debris,GPS-79,1.23,7.957,19420,31.4,0.9,67.7276911664065,0,0.5069
Cosmos-1408 Debris,GPS-79,17.444,4.949,19785,27.6,0.9,16.006663791451885,0,0.99
GPS-79,Starlink-1001,2.66,13.436,19650,2.0,0.2,115.2834671988361,0,0.0911
Envisat,Tiangong,10.268,5.058,393,57.1,0.2,12.051161677806679,0,0.9823
Starlink-1001,GPS-79,17.467,12.973,19650,2.0,0.2,50.27912939731509,0,0.99
Hubble,DEBRIS_A,9.5,5.579,137,23.2,0.8,16.994094175672878,0,0.99
Iridium-33 Debris,DEBRIS_A,3.543,0.443,370,34.8,0.9,150.6637457295103,0,0.9689
DEBRIS_A,Starlink-1001,22.397,6.816,140,1.4,0.8,126.63114107515405,0,0.99
Starlink-1001,Cosmos-1408 Debris,1.854,8.093,135,29.6,0.9,73.49716683706131,0,0.5743
DEBRIS_A,Starlink-1001,61.778,14.415,140,1.4,0.8,53.90975011636639,0,0.99
Cosmos-1408 Debris,Iridium-33 Debris,30.429,12.533,365,3.8,0.9,139.96174353226235,0,0.99
Hubble,GPS-79,10.312,10.044,19653,26.5,0.2,2.243315112354967,0,0.9271
Envisat,GPS-79,7.754,10.212,19418,43.5,0.2,70.76852717867405,0,0.7709
GPS-79,Starlink-1001,4.756,3.27,19650,2.0,0.2,101.44205374781272,0,0.8578
Hubble,Tiangong,2.004,2.034,158,13.0,0.2,93.58980269072784,0,0.6883
Hubble,Iridium-33 Debris,27.203,14.933,233,57.9,0.9,3.8892651196791137,0,0.99
Hubble,Iridium-33 Debris,22.982,4.937,233,57.9,0.9,121.18264113310998,0,0.99
Cosmos-1408 Debris,ISS,4.804,12.705,7,30.9,0.9,71.87820765347418,0,0.5964
Starlink-1001,DEBRIS_B,3.268,12.418,2,24.5,0.8,139.5858445450603,0,0.3795
GPS-79,Iridium-33 Debris,48.792,6.939,19420,31.4,0.9,40.13192334628991,0,0.99
DEBRIS_A,GPS-79,4.42,10.167,19790,3.4,0.8,91.1984184807239,0,0.6814
Envisat,DEBRIS_B,5.194,5.95,234,70.1,0.8,57.52560532723613,0,0.9177
Envisat,ISS,20.575,0.224,374,46.9,0.2,28.40778023207479,0,0.99
Starlink-1001,Envisat,11.471,10.159,232,45.5,0.2,70.18956686621605,0,0.9564
DEBRIS_B,Envisat,28.474,14.964,234,70.1,0.8,149.01758041723343,0,0.99
Cosmos-1408 Debris,Iridium-33 Debris,2.904,11.819,365,3.8,0.9,52.576079210545664,0,0.4271
Cosmos-1408 Debris,Iridium-33 Debris,5.261,13.334,365,3.8,0.9,141.2373482636189,0,0.6059
Starlink-1001,DEBRIS_B,3.151,10.178,2,24.5,0.8,15.591965866087868,0,0.5305
Iridium-33 Debris,DEBRIS_A,7.816,1.779,370,34.8,0.9,96.95870186862919,0,0.99
Cosmos-1408 Debris,DEBRIS_B,38.275,1.657,133,54.1,0.9,21.716655362832224,0,0.99
Cosmos-1408 Debris,Hubble,15.333,1.886,132,54.1,0.9,81.28335511057871,0,0.99
DEBRIS_B,ISS,25.062,12.138,140,23.2,0.8,31.976261659495723,0,0.99
Tiangong,Cosmos-1408 Debris,16.686,0.569,26,41.1,0.9,122.07880371005326,0,0.99
ISS,Cosmos-1408 Debris,11.256,7.813,7,30.9,0.9,97.12556197392864,0,0.99
Starlink-1001,Envisat,9.879,1.495,232,45.5,0.2,129.0622066364941,0,0.99
DEBRIS_A,Hubble,4.449,8.935,137,23.2,0.8,157.2534226543985,0,0.7584
Envisat,DEBRIS_B,1.58,0.6,234,70.1,0.8,94.19098434636838,0,0.9012
Iridium-33 Debris,ISS,27.563,0.598,372,34.8,0.9,61.67767363191535,0,0.99
Cosmos-1408 Debris,Tiangong,63.529,8.355,26,41.1,0.9,156.38683789511808,0,0.99
DEBRIS_A,Cosmos-1408 Debris,11.726,7.959,5,30.9,0.9,23.795075262456145,0,0.99
Hubble,Cosmos-1408 Debris,19.473,8.74,132,54.1,0.9,27.386376754719667,0,0.99
GPS-79,Cosmos-1408 Debris,0.713,0.305,19785,27.6,0.9,154.80630632573542,0,0.8875
GPS-79,Iridium-33 Debris,12.487,10.078,19420,31.4,0.9,161.51611673712978,0,0.99
Tiangong,DEBRIS_A,60.751,7.965,21,10.2,0.8,132.39360456370105,0,0.99
Cosmos-1408 Debris,DEBRIS_B,5.883,5.08,133,54.1,0.9,4.4221505965576,0,0.9615
Cosmos-1408 Debris,Tiangong,15.014,4.396,26,41.1,0.9,107.29660636249493,0,0.99
Starlink-1001,DEBRIS_B,7.463,4.028,2,24.5,0.8,160.38408298425526,0,0.9841
GPS-79,Iridium-33 Debris,2.696,3.58,19420,31.4,0.9,44.33719153199712,0,0.8884
Envisat,Hubble,19.066,12.833,235,70.1,0.2,43.2422910874721,0,0.99
Iridium-33 Debris,GPS-79,3.919,7.788,19420,31.4,0.9,42.66160117188227,0,0.8058
GPS-79,Cosmos-1408 Debris,18.843,8.395,19785,27.6,0.9,143.6109498615932,0,0.99
Envisat,GPS-79,11.269,9.962,19418,43.5,0.2,34.93411865008548,0,0.9546
Cosmos-1408 Debris,Iridium-33 Debris,2.119,10.236,365,3.8,0.9,141.54852796928165,0,0.4474
DEBRIS_A,DEBRIS_B,17.959,11.875,138,23.2,0.8,49.75690093275331,0,0.99
Tiangong,GPS-79,0.854,3.052,19811,13.5,0.2,1.6448307113012108,0,0.4778
Envisat,ISS,0.127,12.604,374,46.9,0.2,5.471869858232121,0,0.035
Envisat,DEBRIS_B,7.381,6.298,234,70.1,0.8,125.46605498767634,0,0.9677
DEBRIS_A,Envisat,7.263,14.18,372,46.9,0.8,80.99479800228825,0,0.7266
GPS-79,Iridium-33 Debris,28.334,10.62,19420,31.4,0.9,82.44729519047185,0,0.99
Envisat,GPS-79,24.378,0.758,19418,43.5,0.2,166.6722782021389,0,0.99
Iridium-33 Debris,ISS,11.566,0.835,372,34.8,0.9,0.49414086234538457,0,0.99
GPS-79,DEBRIS_B,18.676,2.759,19652,26.5,0.8,13.462849943765928,0,0.99
Iridium-33 Debris,Tiangong,1.498,1.515,391,44.9,0.9,122.36198567194617,0,0.8904
Starlink-1001,Cosmos-1408 Debris,94.988,13.344,135,29.6,0.9,8.21366824682114,0,0.99
Hubble,Starlink-1001,72.225,11.867,3,24.5,0.2,111.50199745314266,0,0.99
ISS,DEBRIS_A,16.6,12.49,2,0.0,0.8,25.337153515058358,0,0.99
Hubble,Starlink-1001,0.472,4.196,3,24.5,0.2,5.607098891090841,0,0.3491
Envisat,Cosmos-1408 Debris,35.443,7.792,367,16.0,0.9,25.914509502079948,0,0.99
Cosmos-1408 Debris,Envisat,14.337,11.331,367,16.0,0.9,75.18718707927651,0,0.99
DEBRIS_A,Envisat,4.803,4.791,372,46.9,0.8,19.711409688530544,0,0.9285
Envisat,GPS-79,5.425,5.246,19418,43.5,0.2,166.49838781729272,0,0.8233
GPS-79,ISS,0.872,10.126,19792,3.4,0.2,141.6459033891614,0,0.0996
DEBRIS_A,Iridium-33 Debris,10.333,12.643,370,34.8,0.9,134.64701058357474,0,0.9598
Envisat,Tiangong,11.149,12.111,393,57.1,0.2,59.4488680740548,0,0.9122
Cosmos-1408 Debris,Tiangong,22.522,4.109,26,41.1,0.9,136.41627115512037,0,0.99
Tiangong,Iridium-33 Debris,20.446,12.106,391,44.9,0.9,45.666076804952816,0,0.99
Starlink-1001,DEBRIS_A,48.383,10.428,140,1.4,0.8,134.6502808043446,0,0.99
Envisat,Tiangong,1.962,6.559,393,57.1,0.2,66.71056411864198,0,0.3575
Cosmos-1408 Debris,GPS-79,8.944,8.603,19785,27.6,0.9,73.23541963033384,0,0.9757
GPS-79,Hubble,19.663,8.04,19653,26.5,0.2,156.41926422051384,0,0.99
Tiangong,GPS-79,8.912,8.004,19811,13.5,0.2,69.90850725034628,0,0.9209
Hubble,Envisat,2.167,4.871,235,70.1,0.2,153.46736487405155,0,0.5055
Envisat,DEBRIS_A,0.729,12.037,372,46.9,0.8,101.57552273400348,0,0.1615
Envisat,DEBRIS_B,2.011,11.819,234,70.1,0.8,3.132310897697373,0,0.2808
Iridium-33 Debris,DEBRIS_B,23.69,14.841,232,57.9,0.9,114.13068625034319,0,0.99
Tiangong,DEBRIS_B,30.301,3.581,159,13.0,0.8,130.78864277318797,0,0.99
Hubble,ISS,5.579,9.274,139,23.2,0.2,116.11073439638979,0,0.6004
Cosmos-1408 Debris,DEBRIS_A,5.43,13.824,5,30.9,0.9,53.98506009383404,0,0.5909
ISS,Tiangong,10.384,13.062,19,10.2,0.2,21.28815578330513,0,0.842
Cosmos-1408 Debris,Tiangong,6.769,0.879,26,41.1,0.9,115.20193439246445,0,0.99
Iridium-33 Debris,DEBRIS_A,16.154,13.655,370,34.8,0.9,165.04337410349945,0,0.99
Starlink-1001,Envisat,82.099,4.403,232,45.5,0.2,25.16209932716662,0,0.99
DEBRIS_A,DEBRIS_B,2.179,10.458,138,23.2,0.8,20.290140645226348,0,0.3898
Tiangong,DEBRIS_A,7.849,14.061,21,10.2,0.8,63.44060840166526,0,0.7869
GPS-79,Cosmos-1408 Debris,2.868,11.435,19785,27.6,0.9,2.759212111644381,0,0.451
Envisat,Iridium-33 Debris,30.751,2.969,2,12.1,0.9,16.49018989385151,0,0.99
Iridium-33 Debris,GPS-79,13.35,7.925,19420,31.4,0.9,34.18261858820202,0,0.99
Cosmos-1408 Debris,Tiangong,1.61,0.832,26,41.1,0.9,0.9922490011013377,0,0.9133
Envisat,Cosmos-1408 Debris,13.406,13.707,367,16.0,0.9,134.05101829382522,0,0.9878
GPS-79,Iridium-33 Debris,5.955,3.232,19420,31.4,0.9,83.66180840807094,0,0.9783
Tiangong,DEBRIS_A,0.972,12.251,21,10.2,0.8,83.16923696915462,0,0.1695
Envisat,GPS-79,2.964,3.464,19418,43.5,0.2,4.320959954485151,0,0.6991
Iridium-33 Debris,DEBRIS_A,16.734,13.473,370,34.8,0.9,75.17824871069841,0,0.99
Hubble,Envisat,46.899,10.504,235,70.1,0.2,34.98468868293039,0,0.99
DEBRIS_B,Hubble,74.762,11.399,1,0.0,0.8,133.35088235351205,0,0.99
ISS,Cosmos-1408 Debris,5.322,13.017,7,30.9,0.9,125.47820137931103,0,0.6354
DEBRIS_B,Hubble,16.745,10.593,1,0.0,0.8,93.89269035983321,0,0.99
Cosmos-1408 Debris,Hubble,12.531,6.036,132,54.1,0.9,47.883633902580705,0,0.99
Envisat,Cosmos-1408 Debris,0.406,0.285,367,16.0,0.9,147.82017215733515,0,0.8718
ISS,DEBRIS_B,28.703,8.271,140,23.2,0.8,33.22901565972047,0,0.99
Cosmos-1408 Debris,Envisat,122.063,12.665,367,16.0,0.9,60.84118396928335,0,0.99
Hubble,Tiangong,29.813,6.788,158,13.0,0.2,10.653772146612763,0,0.99
ISS,GPS-79,4.872,7.553,19792,3.4,0.2,27.06526828553807,0,0.6388
GPS-79,Envisat,10.145,14.635,19418,43.5,0.2,56.05128823846717,0,0.7468
Starlink-1001,ISS,1.001,8.707,142,1.4,0.2,60.17684966206815,0,0.1529
Cosmos-1408 Debris,Hubble,9.09,3.218,132,54.1,0.9,0.7245310513521379,0,0.99
Tiangong,DEBRIS_A,6.468,6.838,21,10.2,0.8,22.517261072138407,0,0.9417
Iridium-33 Debris,Starlink-1001,4.388,3.498,230,33.4,0.9,2.0352177594962244,0,0.95
Starlink-1001,GPS-79,3.33,8.857,19650,2.0,0.2,10.85290765689799,0,0.3562
Starlink-1001,ISS,16.596,1.17,142,1.4,0.2,125.57432711368762,0,0.99
Envisat,Hubble,5.56,3.705,235,70.1,0.2,46.854322344686594,0,0.8878
Starlink-1001,GPS-79,3.306,12.666,19650,2.0,0.2,34.3139961406796,0,0.1485
Iridium-33 Debris,Cosmos-1408 Debris,8.611,7.851,365,3.8,0.9,49.61893770146882,0,0.977
Hubble,DEBRIS_B,30.984,10.603,1,0.0,0.8,14.405160182267247,0,0.99
Hubble,Starlink-1001,40.353,10.837,3,24.5,0.2,128.67166160388197,0,0.99
Hubble,DEBRIS_A,34.333,14.123,137,23.2,0.8,145.7493922449738,0,0.99
Tiangong,Envisat,30.502,8.357,393,57.1,0.2,102.30458199172251,0,0.99
DEBRIS_A,Starlink-1001,37.144,4.39,140,1.4,0.8,31.249811245771053,0,0.99
DEBRIS_A,Hubble,9.907,4.026,137,23.2,0.8,59.95243303534352,0,0.99
Cosmos-1408 Debris,DEBRIS_B,22.805,10.233,133,54.1,0.9,106.74285843025469,0,0.99
GPS-79,Starlink-1001,5.871,2.13,19650,2.0,0.2,149.12183975793852,0,0.9368
Envisat,Hubble,16.145,6.031,235,70.1,0.2,86.3390451616205,0,0.99
GPS-79,Starlink-1001,1.022,2.589,19650,2.0,0.2,166.79629559216463,0,0.5336
Starlink-1001,DEBRIS_A,16.013,13.24,140,1.4,0.8,81.57863240280228,0,0.99
Tiangong,ISS,45.75,6.715,19,10.2,0.2,29.43357260499111,0,0.99
Cosmos-1408 Debris,Envisat,6.335,1.017,367,16.0,0.9,45.42857362803208,0,0.99
Starlink-1001,Iridium-33 Debris,22.44,11.983,230,33.4,0.9,90.41668847067992,0,0.99
Starlink-1001,ISS,20.224,8.188,142,1.4,0.2,89.0273160891989,0,0.99
Cosmos-1408 Debris,Iridium-33 Debris,29.624,2.405,365,3.8,0.9,75.91474513104556,0,0.99
DEBRIS_B,Iridium-33 Debris,36.289,14.898,232,57.9,0.9,17.912855186261154,0,0.99
DEBRIS_B,ISS,1.618,12.683,140,23.2,0.8,97.87781670523987,0,0.1984
Iridium-33 Debris,DEBRIS_A,29.744,4.324,370,34.8,0.9,115.4062854353325,0,0.99
Cosmos-1408 Debris,Envisat,12.169,14.211,367,16.0,0.9,84.86848145450206,0,0.9739
Starlink-1001,Hubble,8.944,6.658,3,24.5,0.2,15.401959233161843,0,0.9466
ISS,GPS-79,6.965,6.789,19792,3.4,0.2,90.29072909731644,0,0.8637
Cosmos-1408 Debris,DEBRIS_A,40.131,14.419,5,30.9,0.9,2.295550087917834,0,0.99
DEBRIS_A,ISS,10.327,3.291,2,0.0,0.8,10.186284966801551,0,0.99
GPS-79,Starlink-1001,102.177,14.809,19650,2.0,0.2,148.13315027716587,0,0.99
DEBRIS_A,DEBRIS_B,3.784,2.902,138,23.2,0.8,71.9644492746162,0,0.9322
GPS-79,DEBRIS_A,7.079,1.041,19790,3.4,0.8,153.4784913309654,0,0.99
Tiangong,DEBRIS_B,10.53,11.186,159,13.0,0.8,84.59050488601933,0,0.971
GPS-79,Hubble,32.99,12.694,19653,26.5,0.2,88.32003251618893,0,0.99
Tiangong,GPS-79,30.118,10.894,19811,13.5,0.2,67.89986778105512,0,0.99
GPS-79,Envisat,24.63,7.703,19418,43.5,0.2,164.20966449965388,0,0.99
Tiangong,DEBRIS_B,5.086,2.489,159,13.0,0.8,47.473922559667784,0,0.9676
DEBRIS_B,Iridium-33 Debris,40.228,10.647,232,57.9,0.9,125.67638105518695,0,0.99
DEBRIS_A,Envisat,20.184,6.323,372,46.9,0.8,123.7838498502419,0,0.99
Envisat,GPS-79,4.537,8.117,19418,43.5,0.2,152.48879124721566,0,0.5581
Hubble,ISS,3.933,11.616,139,23.2,0.2,57.01305060441672,0,0.2463
Envisat,Tiangong,9.573,7.488,393,57.1,0.2,123.04274577609507,0,0.9498
GPS-79,DEBRIS_A,18.915,6.615,19790,3.4,0.8,67.85581343461827,0,0.99
Iridium-33 Debris,Hubble,10.179,5.151,233,57.9,0.9,24.766005824949442,0,0.99
Envisat,Hubble,16.477,9.12,235,70.1,0.2,14.721076126400867,0,0.99
Starlink-1001,DEBRIS_A,1.314,14.893,140,1.4,0.8,21.45393396489858,0,0.0988
DEBRIS_A,Iridium-33 Debris,7.45,4.005,370,34.8,0.9,57.697088572646415,0,0.9869
Hubble,Cosmos-1408 Debris,0.756,8.645,132,54.1,0.9,143.424464999844,0,0.3976
ISS,Envisat,72.885,9.824,374,46.9,0.2,10.392067588024641,0,0.99
Tiangong,Hubble,78.207,6.359,158,13.0,0.2,102.17609828057799,0,0.99
ISS,Iridium-33 Debris,26.818,3.092,372,34.8,0.9,75.9981500877487,0,0.99
GPS-79,ISS,37.299,8.447,19792,3.4,0.2,25.9273727247943,0,0.99
Hubble,Cosmos-1408 Debris,24.945,10.377,132,54.1,0.9,121.80581631606192,0,0.99
ISS,Iridium-33 Debris,10.214,0.245,372,34.8,0.9,23.61352395733706,0,0.99
Hubble,DEBRIS_B,6.199,0.406,1,0.0,0.8,61.14141428297919,0,0.9898
ISS,Cosmos-1408 Debris,3.643,1.349,7,30.9,0.9,81.17797590490471,0,0.9615
Starlink-1001,Tiangong,15.876,7.584,161,11.5,0.2,121.2380321688078,0,0.99
Iridium-33 Debris,Starlink-1001,19.48,1.699,230,33.4,0.9,34.69555325974423,0,0.99
GPS-79,Envisat,7.416,12.967,19418,43.5,0.2,156.12291773572608,0,0.5542
ISS,DEBRIS_B,4.887,6.039,140,23.2,0.8,28.664881967707956,0,0.9031
ISS,Hubble,28.606,9.177,139,23.2,0.2,143.3477431147847,0,0.99
Starlink-1001,Hubble,3.101,6.441,3,24.5,0.2,92.35929939263464,0,0.5046
Hubble,Starlink-1001,5.979,10.834,3,24.5,0.2,108.18908510019898,0,0.5347
ISS,Envisat,27.093,10.355,374,46.9,0.2,86.16262304763421,0,0.99
DEBRIS_A,Starlink-1001,45.475,11.883,140,1.4,0.8,62.88248932376901,0,0.99
Tiangong,Hubble,14.915,5.175,158,13.0,0.2,50.66459942197628,0,0.99
Starlink-1001,DEBRIS_B,36.881,1.443,2,24.5,0.8,129.4638359786851,0,0.99
Iridium-33 Debris,DEBRIS_A,1.796,8.049,370,34.8,0.9,17.102423887786085,0,0.5704
ISS,Tiangong,18.579,5.522,19,10.2,0.2,140.00675581432841,0,0.99
Hubble,Envisat,2.355,4.813,235,70.1,0.2,163.98225139475673,0,0.5333
ISS,Tiangong,39.375,4.685,19,10.2,0.2,18.836619968323422,0,0.99
Hubble,DEBRIS_B,3.729,3.097,1,0.0,0.8,154.98756468919026,0,0.9266
Hubble,GPS-79,0.465,2.064,19653,26.5,0.2,148.9583931967661,0,0.5033
DEBRIS_A,ISS,40.645,10.612,2,0.0,0.8,125.3306056215394,0,0.99
GPS-79,DEBRIS_A,28.864,12.057,19790,3.4,0.8,7.046758816252934,0,0.99
Envisat,Hubble,25.254,7.843,235,70.1,0.2,129.64684466331073,0,0.99
Iridium-33 Debris,DEBRIS_A,25.008,3.417,370,34.8,0.9,120.5520569525348,0,0.99
Tiangong,DEBRIS_B,64.021,14.073,159,13.0,0.8,144.85548169741514,0,0.99
GPS-79,Cosmos-1408 Debris,13.785,10.676,19785,27.6,0.9,159.70439899545005,0,0.99
DEBRIS_B,Hubble,12.052,9.949,1,0.0,0.8,54.31508941422958,0,0.99
DEBRIS_A,Hubble,2.8,9.531,137,23.2,0.8,70.59623542224334,0,0.5351
Tiangong,Hubble,25.582,9.649,158,13.0,0.2,52.21584020017235,0,0.99
Hubble,GPS-79,15.239,11.561,19653,26.5,0.2,61.98163854975316,0,0.9896
Cosmos-1408 Debris,Starlink-1001,29.008,0.575,135,29.6,0.9,12.877188149872005,0,0.99
Envisat,GPS-79,0.735,2.953,19418,43.5,0.2,28.1899017008499,0,0.4704
Envisat,Iridium-33 Debris,46.161,12.232,2,12.1,0.9,151.878526857341,0,0.99
GPS-79,Iridium-33 Debris,2.492,7.633,19420,31.4,0.9,69.47684760221259,0,0.6804
DEBRIS_A,DEBRIS_B,18.101,13.909,138,23.2,0.8,63.1258577196958,0,0.99
Tiangong,DEBRIS_B,0.356,5.008,159,13.0,0.8,90.24017379726409,0,0.5685
DEBRIS_B,ISS,7.477,4.442,140,23.2,0.8,138.23745600669213,0,0.9821
DEBRIS_A,Envisat,1.962,13.926,372,46.9,0.8,76.34281802808839,0,0.1684
Starlink-1001,ISS,8.029,0.321,142,1.4,0.2,141.31145256385886,0,0.9869
Tiangong,Hubble,11.466,12.506,158,13.0,0.2,67.5688832273377,0,0.9154
DEBRIS_B,Tiangong,2.084,6.861,159,13.0,0.8,85.21356648936094,0,0.6419
Starlink-1001,Iridium-33 Debris,2.368,4.409,230,33.4,0.9,52.10959624459349,0,0.8404
Hubble,Starlink-1001,5.143,8.164,3,24.5,0.2,4.081976895342243,0,0.6277
Hubble,Envisat,19.768,9.203,235,70.1,0.2,137.82718808628087,0,0.99
Hubble,GPS-79,44.552,13.543,19653,26.5,0.2,147.13289043824594,0,0.99
Starlink-1001,DEBRIS_A,4.489,5.176,140,1.4,0.8,10.859802258722716,0,0.9082
Iridium-33 Debris,DEBRIS_A,18.712,8.37,370,34.8,0.9,151.91370374805263,0,0.99
Cosmos-1408 Debris,Starlink-1001,3.529,13.282,135,29.6,0.9,103.5640518448074,0,0.3966
Envisat,Cosmos-1408 Debris,35.246,5.176,367,16.0,0.9,63.417102203333236,0,0.99
GPS-79,Hubble,17.825,5.223,19653,26.5,0.2,116.60256763412731,0,0.99
GPS-79,Cosmos-1408 Debris,15.799,12.859,19785,27.6,0.9,18.969101490530313,0,0.99
Hubble,Iridium-33 Debris,10.799,8.83,233,57.9,0.9,30.256307249104157,0,0.9895
GPS-79,Cosmos-1408 Debris,0.77,1.134,19785,27.6,0.9,134.8698314183238,0,0.8635
GPS-79,DEBRIS_A,1.178,3.776,19790,3.4,0.8,116.84405164193417,0,0.742
DEBRIS_B,DEBRIS_A,7.073,8.07,138,23.2,0.8,147.28082415239965,0,0.9379
DEBRIS_A,Cosmos-1408 Debris,19.078,1.504,5,30.9,0.9,106.50959008016746,0,0.99
Iridium-33 Debris,Starlink-1001,7.556,2.787,230,33.4,0.9,141.39049007003047,0,0.99
Starlink-1001,Hubble,10.652,2.445,3,24.5,0.2,112.7566537226633,0,0.99
Cosmos-1408 Debris,Tiangong,4.606,7.962,26,41.1,0.9,86.98170347562248,0,0.8474
Cosmos-1408 Debris,Hubble,98.55,9.392,132,54.1,0.9,93.90690439268461,0,0.99
Envisat,Tiangong,113.904,4.02,393,57.1,0.2,96.82397958653351,0,0.99
ISS,DEBRIS_B,7.168,7.191,140,23.2,0.8,7.583309835650715,0,0.9538
Tiangong,Hubble,8.643,5.389,158,13.0,0.2,12.280643480458853,0,0.9571
Cosmos-1408 Debris,Starlink-1001,17.266,0.393,135,29.6,0.9,123.61440261590822,0,0.99
Starlink-1001,Iridium-33 Debris,27.055,4.821,230,33.4,0.9,121.84313551734044,0,0.99
Starlink-1001,DEBRIS_B,1.216,5.667,2,24.5,0.8,115.74406592954153,0,0.6242
GPS-79,Envisat,14.663,0.184,19418,43.5,0.2,31.38258677746178,0,0.99
GPS-79,Hubble,15.622,7.018,19653,26.5,0.2,83.26383292020328,0,0.99
ISS,Tiangong,58.994,8.227,19,10.2,0.2,159.6166111704049,0,0.99
DEBRIS_A,Tiangong,11.399,1.23,21,10.2,0.8,117.33037464172197,0,0.99
Envisat,Hubble,5.837,9.195,235,70.1,0.2,157.7763504462894,0,0.6364
Hubble,ISS,6.635,10.968,139,23.2,0.2,161.94615298375558,0,0.6052
Iridium-33 Debris,DEBRIS_B,13.839,1.163,232,57.9,0.9,11.723738112691562,0,0.99
Iridium-33 Debris,ISS,2.361,0.598,372,34.8,0.9,79.05482142669784,0,0.9427
DEBRIS_B,Iridium-33 Debris,40.444,3.802,232,57.9,0.9,107.9810951534796,0,0.99
GPS-79,Hubble,4.292,9.952,19653,26.5,0.2,119.29305718639618,0,0.3918
Iridium-33 Debris,Envisat,30.812,2.423,2,12.1,0.9,34.76215452268005,0,0.99
DEBRIS_A,Cosmos-1408 Debris,4.808,8.259,5,30.9,0.9,24.36410609397695,0,0.849
ISS,DEBRIS_B,23.482,7.702,140,23.2,0.8,21.565970841203114,0,0.99
Cosmos-1408 Debris,Hubble,4.154,6.038,132,54.1,0.9,3.319131714907915,0,0.8875
DEBRIS_B,Hubble,25.216,7.453,1,0.0,0.8,34.58131820944853,0,0.99
Starlink-1001,DEBRIS_A,60.846,12.918,140,1.4,0.8,115.59818257593672,0,0.99
DEBRIS_B,ISS,7.406,11.15,140,23.2,0.8,64.98383862128424,0,0.8763
Iridium-33 Debris,Starlink-1001,2.584,10.461,230,33.4,0.9,17.85115369638755,0,0.4884
ISS,Cosmos-1408 Debris,0.328,7.306,7,30.9,0.9,84.22585473168282,0,0.4433
Tiangong,Iridium-33 Debris,26.845,14.809,391,44.9,0.9,53.48545573564982,0,0.99
DEBRIS_A,DEBRIS_B,12.407,14.18,138,23.2,0.8,32.93631164834572,0,0.9721
Cosmos-1408 Debris,Envisat,0.601,4.651,367,16.0,0.9,125.11895770466752,0,0.6693
Starlink-1001,Cosmos-1408 Debris,2.614,6.032,135,29.6,0.9,97.47659701210769,0,0.7854
Hubble,Tiangong,25.711,8.354,158,13.0,0.2,75.75280054382611,0,0.99
Cosmos-1408 Debris,GPS-79,5.765,11.531,19785,27.6,0.9,34.84122785541304,0,0.7726
Starlink-1001,Envisat,3.341,7.645,232,45.5,0.2,112.91066942534695,0,0.4445
Cosmos-1408 Debris,Hubble,4.471,3.474,132,54.1,0.9,80.81189008372336,0,0.9523
Tiangong,Starlink-1001,22.051,6.989,161,11.5,0.2,119.99521110881443,0,0.99
Hubble,DEBRIS_A,3.09,1.972,137,23.2,0.8,23.333760650788097,0,0.9278
Tiangong,DEBRIS_A,7.547,11.546,21,10.2,0.8,71.48929750201722,0,0.871
Cosmos-1408 Debris,GPS-79,6.351,1.687,19785,27.6,0.9,82.68276870690944,0,0.9887
Envisat,Tiangong,3.299,8.675,393,57.1,0.2,155.4519333342043,0,0.3651
GPS-79,Iridium-33 Debris,15.079,11.437,19420,31.4,0.9,165.65408914418055,0,0.99
Iridium-33 Debris,GPS-79,17.153,8.048,19420,31.4,0.9,86.46840956248437,0,0.99
DEBRIS_B,Starlink-1001,8.475,0.878,2,24.5,0.8,16.141816539424266,0,0.99
Envisat,Starlink-1001,10.929,0.323,232,45.5,0.2,44.5173214573524,0,0.99
Starlink-1001,DEBRIS_A,39.964,11.795,140,1.4,0.8,33.681497854830326,0,0.99
Tiangong,Iridium-33 Debris,4.446,8.947,391,44.9,0.9,2.742071104718105,0,0.7923
Iridium-33 Debris,ISS,17.9,8.981,372,34.8,0.9,77.3988388958393,0,0.99
ISS,Hubble,77.91,14.702,139,23.2,0.2,148.21579303868646,0,0.99
Hubble,GPS-79,37.23,0.845,19653,26.5,0.2,26.170941673473813,0,0.99
Iridium-33 Debris,DEBRIS_B,1.839,6.161,232,57.9,0.9,142.4744473071839,0,0.705
DEBRIS_A,Iridium-33 Debris,19.972,12.594,370,34.8,0.9,159.53561827409382,0,0.99
DEBRIS_A,Hubble,12.3,10.016,137,23.2,0.8,164.36084749512347,0,0.99
Cosmos-1408 Debris,Starlink-1001,3.446,10.712,135,29.6,0.9,97.44503556740491,0,0.5768
Envisat,DEBRIS_B,19.887,8.661,234,70.1,0.8,138.15992405630413,0,0.99
DEBRIS_A,ISS,12.061,3.31,2,0.0,0.8,33.738907958187355,0,0.99
DEBRIS_B,GPS-79,12.774,3.382,19652,26.5,0.8,144.86499868246884,0,0.99
Tiangong,Iridium-33 Debris,6.313,14.456,391,44.9,0.9,152.93463039353819,0,0.6502
Iridium-33 Debris,DEBRIS_A,41.823,1.926,370,34.8,0.9,35.699476099324244,0,0.99
Cosmos-1408 Debris,GPS-79,12.975,9.743,19785,27.6,0.9,115.42817256029691,0,0.99
GPS-79,Tiangong,23.192,9.336,19811,13.5,0.2,13.99122044615028,0,0.99
GPS-79,Starlink-1001,4.716,7.72,19650,2.0,0.2,74.00092428893184,0,0.6088
ISS,Iridium-33 Debris,19.268,12.044,372,34.8,0.9,133.02914453739916,0,0.99
Tiangong,Envisat,12.502,10.761,393,57.1,0.2,18.506573840337534,0,0.9684
Cosmos-1408 Debris,ISS,20.8,12.66,7,30.9,0.9,79.02911142400954,0,0.99
ISS,DEBRIS_B,8.668,14.302,140,23.2,0.8,102.21900843253069,0,0.838
Cosmos-1408 Debris,Iridium-33 Debris,35.484,12.542,365,3.8,0.9,24.85060637214581,0,0.99
Hubble,GPS-79,14.019,7.202,19653,26.5,0.2,145.4511966112002,0,0.99
Starlink-1001,Envisat,18.236,9.009,232,45.5,0.2,82.35315968210281,0,0.99
ISS,Hubble,2.923,0.525,139,23.2,0.2,152.7721661815757,0,0.846
DEBRIS_B,GPS-79,16.732,0.18,19652,26.5,0.8,165.45993595047378,0,0.99
Iridium-33 Debris,Tiangong,12.407,1.586,391,44.9,0.9,154.89635029928874,0,0.99
Cosmos-1408 Debris,Iridium-33 Debris,0.387,9.677,365,3.8,0.9,149.99147296908805,0,0.2871
ISS,DEBRIS_A,8.903,11.65,2,0.0,0.8,88.5444995305477,0,0.928
GPS-79,Tiangong,9.043,3.725,19811,13.5,0.2,147.41118199889962,0,0.9782
DEBRIS_B,GPS-79,1.361,5.121,19652,26.5,0.8,21.75980098640517,0,0.6779
Iridium-33 Debris,GPS-79,12.211,9.871,19420,31.4,0.9,83.55027046179299,0,0.99
Iridium-33 Debris,Envisat,15.758,4.756,2,12.1,0.9,58.534262639715664,0,0.99
Hubble,GPS-79,2.761,14.584,19653,26.5,0.2,103.78787288789493,0,0.0695
Starlink-1001,Iridium-33 Debris,5.777,2.598,230,33.4,0.9,44.23766986400784,0,0.9803
Cosmos-1408 Debris,Iridium-33 Debris,20.616,13.747,365,3.8,0.9,160.96881736102702,0,0.99
DEBRIS_B,DEBRIS_A,2.358,12.576,138,23.2,0.8,2.7129515168384173,0,0.2702
Hubble,Tiangong,26.35,10.212,158,13.0,0.2,11.047040829962663,0,0.99
Hubble,Starlink-1001,22.7,11.78,3,24.5,0.2,87.28712583416606,0,0.99
Hubble,Tiangong,3.903,3.554,158,13.0,0.2,151.44505013238825,0,0.7834
Envisat,ISS,0.513,10.149,374,46.9,0.2,68.0333277467783,0,0.0841
DEBRIS_A,Iridium-33 Debris,4.164,2.847,370,34.8,0.9,10.985665334201506,0,0.9538
ISS,Iridium-33 Debris,7.363,5.702,372,34.8,0.9,107.56419300455646,0,0.9775
Tiangong,Starlink-1001,0.328,7.848,161,11.5,0.2,114.26839831846284,0,0.143
Starlink-1001,Envisat,4.212,10.777,232,45.5,0.2,100.49235076304944,0,0.3259
GPS-79,Envisat,2.744,0.524,19418,43.5,0.2,105.76869486739876,0,0.8341
Cosmos-1408 Debris,DEBRIS_A,14.613,4.794,5,30.9,0.9,91.08168109307732,0,0.99
DEBRIS_A,Cosmos-1408 Debris,11.832,10.631,5,30.9,0.9,132.80941520075368,0,0.9893
Starlink-1001,DEBRIS_B,24.11,8.751,2,24.5,0.8,129.9018347775131,0,0.99
Iridium-33 Debris,GPS-79,9.68,4.841,19420,31.4,0.9,44.879506003988276,0,0.99
DEBRIS_B,GPS-79,5.839,13.9,19652,26.5,0.8,133.24606991667417,0,0.5865
Tiangong,ISS,17.163,10.234,19,10.2,0.2,112.43853483117735,0,0.99
DEBRIS_A,Envisat,6.702,12.216,372,46.9,0.8,102.78370198599144,0,0.7835
Envisat,GPS-79,14.662,12.47,19418,43.5,0.2,60.62174259416001,0,0.9818
DEBRIS_A,Hubble,18.736,2.544,137,23.2,0.8,160.53142290745475,0,0.99
Cosmos-1408 Debris,Starlink-1001,6.555,12.332,135,29.6,0.9,131.48376617775875,0,0.7987
DEBRIS_B,Iridium-33 Debris,4.488,10.891,232,57.9,0.9,152.55905573676765,0,0.685
Cosmos-1408 Debris,DEBRIS_A,9.748,3.43,5,30.9,0.9,118.56953310347299,0,0.99
Tiangong,Hubble,4.162,6.27,158,13.0,0.2,39.17540760998199,0,0.6457
Envisat,Hubble,0.58,2.29,235,70.1,0.2,154.07742958951388,0,0.5008
Hubble,DEBRIS_A,9.118,12.46,137,23.2,0.8,163.81407210432457,0,0.9184
Iridium-33 Debris,DEBRIS_A,1.696,12.335,370,34.8,0.9,73.22129410940222,0,0.2587
ISS,DEBRIS_A,32.806,14.369,2,0.0,0.8,145.78774669482692,0,0.99
Hubble,Iridium-33 Debris,52.901,8.368,233,57.9,0.9,30.812939334938438,0,0.99
ISS,Tiangong,0.763,12.841,19,10.2,0.2,110.60547980877139,0,0.0443
DEBRIS_B,Starlink-1001,12.628,3.765,2,24.5,0.8,83.5698838639946,0,0.99
GPS-79,ISS,7.661,6.408,19792,3.4,0.2,105.23553014602602,0,0.9096
Envisat,Starlink-1001,7.548,12.285,232,45.5,0.2,95.440497276634,0,0.6197
Hubble,DEBRIS_B,5.249,2.984,1,0.0,0.8,93.08978506520481,0,0.9654
Tiangong,ISS,13.783,4.978,19,10.2,0.2,131.2206351017868,0,0.99
DEBRIS_B,Iridium-33 Debris,110.427,10.088,232,57.9,0.9,166.31774525668345,0,0.99
DEBRIS_B,ISS,17.75,11.417,140,23.2,0.8,143.31600840015994,0,0.99
Iridium-33 Debris,Cosmos-1408 Debris,0.742,0.115,365,3.8,0.9,100.87054845037527,0,0.8944
DEBRIS_B,Tiangong,2.347,8.765,159,13.0,0.8,28.343063831913863,0,0.536
Tiangong,Starlink-1001,6.707,11.998,161,11.5,0.2,88.08592477076785,0,0.5385
DEBRIS_A,Cosmos-1408 Debris,5.236,0.845,5,30.9,0.9,81.90920118200121,0,0.9847
Starlink-1001,Envisat,0.761,12.746,232,45.5,0.2,1.7722405482025274,0,0.0455
Tiangong,Envisat,14.208,2.582,393,57.1,0.2,88.85694972239838,0,0.99
Iridium-33 Debris,Starlink-1001,20.156,4.838,230,33.4,0.9,133.7988012239707,0,0.99
Cosmos-1408 Debris,Hubble,17.984,11.726,132,54.1,0.9,55.52577085989499,0,0.99
DEBRIS_B,Hubble,11.46,10.216,1,0.0,0.8,146.77065722157167,0,0.9861
DEBRIS_B,DEBRIS_A,0.469,11.251,138,23.2,0.8,127.50153656005413,0,0.1764
DEBRIS_B,Hubble,48.124,8.923,1,0.0,0.8,137.69705855142095,0,0.99
Iridium-33 Debris,GPS-79,14.638,7.469,19420,31.4,0.9,35.57118065464214,0,0.99
Starlink-1001,ISS,18.57,0.398,142,1.4,0.2,95.80011531770857,0,0.99
Envisat,GPS-79,28.487,6.568,19418,43.5,0.2,155.99885639962395,0,0.99
ISS,DEBRIS_A,2.044,12.373,2,0.0,0.8,68.91188047460084,0,0.2516
Hubble,DEBRIS_B,2.634,4.883,1,0.0,0.8,37.86911236695399,0,0.8103
Tiangong,DEBRIS_A,29.463,10.533,21,10.2,0.8,92.06553079986807,0,0.99
Hubble,ISS,16.24,13.678,139,23.2,0.2,67.89073489931438,0,0.9881
DEBRIS_B,Cosmos-1408 Debris,13.526,12.035,133,54.1,0.9,66.79110639312803,0,0.99
Iridium-33 Debris,GPS-79,1.744,8.638,19420,31.4,0.9,4.092108316486697,0,0.5202
Hubble,DEBRIS_A,20.349,3.376,137,23.2,0.8,61.93931315236226,0,0.99
Starlink-1001,Iridium-33 Debris,12.725,13.425,230,33.4,0.9,79.88569709682181,0,0.9842
Iridium-33 Debris,Tiangong,61.696,5.947,391,44.9,0.9,60.929403131788526,0,0.99
ISS,Starlink-1001,4.816,10.986,142,1.4,0.2,139.88150976224097,0,0.3804
Envisat,Cosmos-1408 Debris,0.051,3.755,367,16.0,0.9,118.3999947951895,0,0.668
Starlink-1001,Cosmos-1408 Debris,20.709,6.613,135,29.6,0.9,118.51712047620056,0,0.99
Starlink-1001,Cosmos-1408 Debris,2.316,13.877,135,29.6,0.9,17.563691074464987,0,0.2306
DEBRIS_A,Hubble,46.549,2.976,137,23.2,0.8,148.3123945951688,0,0.99
DEBRIS_B,Hubble,8.78,2.57,1,0.0,0.8,164.98529216583387,0,0.99
DEBRIS_B,Cosmos-1408 Debris,5.713,11.271,133,54.1,0.9,22.97671316006652,0,0.7816
Starlink-1001,Iridium-33 Debris,4.163,10.214,230,33.4,0.9,38.89983002639406,0,0.6936
DEBRIS_A,Envisat,59.376,8.337,372,46.9,0.8,4.300044002474407,0,0.99
Cosmos-1408 Debris,DEBRIS_A,22.933,2.262,5,30.9,0.9,82.71992751933497,0,0.99
DEBRIS_A,Tiangong,8.997,0.329,21,10.2,0.8,71.6999149794315,0,0.99
Hubble,Tiangong,10.356,0.771,158,13.0,0.2,31.33511890423769,0,0.99
Starlink-1001,GPS-79,13.285,5.368,19650,2.0,0.2,81.10360187698964,0,0.99
Envisat,ISS,5.371,11.259,374,46.9,0.2,133.43991881383465,0,0.4274
DEBRIS_A,Envisat,16.6,9.526,372,46.9,0.8,39.097415361404494,0,0.99
Hubble,Starlink-1001,2.101,2.683,3,24.5,0.2,57.33317099614294,0,0.656
Hubble,DEBRIS_A,27.232,1.095,137,23.2,0.8,158.3194749380209,0,0.99
Iridium-33 Debris,ISS,13.592,9.701,372,34.8,0.9,127.28589925122715,0,0.99
Starlink-1001,ISS,18.075,3.105,142,1.4,0.2,72.25424948260444,0,0.99
Envisat,Iridium-33 Debris,15.971,7.657,2,12.1,0.9,57.69229850445017,0,0.99
Starlink-1001,ISS,4.424,7.65,142,1.4,0.2,162.36012081912372,0,0.5786
Hubble,Tiangong,30.446,4.444,158,13.0,0.2,21.727715084805705,0,0.99
DEBRIS_B,ISS,10.426,5.687,140,23.2,0.8,105.18162486807266,0,0.99
Cosmos-1408 Debris,GPS-79,10.725,8.396,19785,27.6,0.9,69.14974605014423,0,0.99
Iridium-33 Debris,GPS-79,3.278,3.155,19420,31.4,0.9,108.52303206000246,0,0.9236
Hubble,GPS-79,5.438,6.801,19653,26.5,0.2,91.39771634874229,0,0.7463
ISS,DEBRIS_A,3.547,8.936,2,0.0,0.8,127.0186178655606,0,0.6666
Hubble,GPS-79,17.6,12.658,19653,26.5,0.2,80.95047326825484,0,0.99
GPS-79,Cosmos-1408 Debris,10.835,8.873,19785,27.6,0.9,132.71885522905882,0,0.9896
Tiangong,Starlink-1001,39.766,2.389,161,11.5,0.2,30.325029764030457,0,0.99
ISS,Iridium-33 Debris,10.253,9.177,372,34.8,0.9,46.25710986326823,0,0.9848
Hubble,GPS-79,38.5,12.095,19653,26.5,0.2,38.73142402371832,0,0.99
DEBRIS_A,ISS,13.426,12.889,2,0.0,0.8,80.81639919359242,0,0.9884
Cosmos-1408 Debris,DEBRIS_A,17.099,0.966,5,30.9,0.9,156.09863561687357,0,0.99
Starlink-1001,Iridium-33 Debris,2.663,6.175,230,33.4,0.9,139.6309969984839,0,0.7822
GPS-79,ISS,33.309,2.572,19792,3.4,0.2,25.202500575524887,0,0.99
Tiangong,Iridium-33 Debris,2.593,13.848,391,44.9,0.9,0.5479854087591639,0,0.2577
ISS,Hubble,13.454,13.193,139,23.2,0.2,60.02160639687936,0,0.9597
Iridium-33 Debris,GPS-79,24.245,1.147,19420,31.4,0.9,115.77567716973941,0,0.99
Tiangong,Starlink-1001,13.305,13.771,161,11.5,0.2,91.86112067006292,0,0.9489
Cosmos-1408 Debris,Iridium-33 Debris,4.13,13.17,365,3.8,0.9,66.46316335120127,0,0.4785
Hubble,ISS,45.869,10.571,139,23.2,0.2,7.152768349618518,0,0.99
Tiangong,Envisat,9.5,12.484,393,57.1,0.2,2.6995048891888254,0,0.8029
Tiangong,DEBRIS_B,43.558,9.167,159,13.0,0.8,42.85185091102115,0,0.99
Tiangong,Envisat,9.275,4.736,393,57.1,0.2,82.43111410423496,0,0.9738
Envisat,Hubble,24.314,14.824,235,70.1,0.2,58.25443217191619,0,0.99
GPS-79,Tiangong,4.761,10.838,19811,13.5,0.2,8.251616728368123,0,0.3844
Cosmos-1408 Debris,GPS-79,6.633,14.493,19785,27.6,0.9,161.8799777377238,0,0.6832
Envisat,Iridium-33 Debris,25.653,14.943,2,12.1,0.9,55.4301242186598,0,0.99
DEBRIS_B,Starlink-1001,1.668,11.557,2,24.5,0.8,115.72052405533019,0,0.2625
ISS,Starlink-1001,18.069,12.411,142,1.4,0.2,122.89284148160709,0,0.99
Starlink-1001,DEBRIS_A,15.08,0.459,140,1.4,0.8,150.83450466547166,0,0.99
Envisat,Starlink-1001,39.512,7.979,232,45.5,0.2,126.66360492473869,0,0.99
Starlink-1001,GPS-79,32.958,9.66,19650,2.0,0.2,108.15279500198278,0,0.99
Tiangong,Cosmos-1408 Debris,42.232,5.797,26,41.1,0.9,75.14899811474406,0,0.99
Iridium-33 Debris,Hubble,1.321,9.338,233,57.9,0.9,24.84052941421042,0,0.4155
Tiangong,Starlink-1001,8.525,3.67,161,11.5,0.2,104.43047569559587,0,0.9724
DEBRIS_A,GPS-79,34.872,0.277,19790,3.4,0.8,83.80057800006267,0,0.99
Tiangong,Starlink-1001,8.09,9.375,161,11.5,0.2,35.449522754073826,0,0.8365
DEBRIS_A,Starlink-1001,19.3,13.591,140,1.4,0.8,133.67792394046745,0,0.99
Cosmos-1408 Debris,ISS,20.463,12.532,7,30.9,0.9,59.139512023424814,0,0.99
Starlink-1001,DEBRIS_A,10.043,14.123,140,1.4,0.8,38.23833201572329,0,0.9157
Cosmos-1408 Debris,DEBRIS_A,4.437,1.886,5,30.9,0.9,153.1434235992703,0,0.9693
Envisat,DEBRIS_A,27.173,3.806,372,46.9,0.8,72.67092597494599,0,0.99
Cosmos-1408 Debris,Envisat,21.713,13.736,367,16.0,0.9,69.52616931294011,0,0.99
Envisat,Cosmos-1408 Debris,1.758,9.453,367,16.0,0.9,31.45470118389119,0,0.4608
Cosmos-1408 Debris,DEBRIS_B,2.813,6.445,133,54.1,0.9,31.526365996234404,0,0.7813
Starlink-1001,Tiangong,34.101,13.536,161,11.5,0.2,55.25667022332723,0,0.99
GPS-79,Cosmos-1408 Debris,5.406,9.223,19785,27.6,0.9,73.69607302565,0,0.8502
DEBRIS_A,ISS,2.436,1.441,2,0.0,0.8,94.6921300578492,0,0.9157
Starlink-1001,ISS,21.491,4.011,142,1.4,0.2,41.287632611846036,0,0.99
Hubble,ISS,14.229,3.461,139,23.2,0.2,151.9917528784425,0,0.99
GPS-79,ISS,26.962,4.701,19792,3.4,0.2,68.96649685382401,0,0.99
ISS,Envisat,5.256,14.181,374,46.9,0.2,165.92998226250333,0,0.2269
Cosmos-1408 Debris,GPS-79,19.708,9.999,19785,27.6,0.9,22.035938841867253,0,0.99
GPS-79,Hubble,43.558,4.775,19653,26.5,0.2,74.41069701617661,0,0.99
Cosmos-1408 Debris,Iridium-33 Debris,32.648,10.974,365,3.8,0.9,27.74813707497653,0,0.99
ISS,Cosmos-1408 Debris,2.793,5.808,7,30.9,0.9,146.44446849861393,0,0.8106
Iridium-33 Debris,GPS-79,13.619,10.894,19420,31.4,0.9,31.206500919419447,0,0.99
Starlink-1001,ISS,5.786,0.654,142,1.4,0.2,60.689502472465094,0,0.9568
DEBRIS_B,DEBRIS_A,2.246,3.363,138,23.2,0.8,97.10641903286508,0,0.8474
DEBRIS_A,Hubble,32.181,10.649,137,23.2,0.8,145.91486700528029,0,0.99
Envisat,Cosmos-1408 Debris,4.976,7.273,367,16.0,0.9,7.553964988350002,0,0.8915
Envisat,GPS-79,8.835,9.549,19418,43.5,0.2,21.37656855295448,0,0.8758
Starlink-1001,DEBRIS_A,9.038,13.23,140,1.4,0.8,70.81803267268312,0,0.8957
DEBRIS_B,Tiangong,5.285,11.893,159,13.0,0.8,16.80452776191236,0,0.6625
Envisat,Starlink-1001,5.156,4.071,232,45.5,0.2,128.12964531386996,0,0.8528
DEBRIS_A,Envisat,6.929,6.79,372,46.9,0.8,55.501847811314065,0,0.9538
Cosmos-1408 Debris,Hubble,10.273,13.963,132,54.1,0.9,149.52526936256783,0,0.9398
Cosmos-1408 Debris,Envisat,26.725,13.451,367,16.0,0.9,69.71470847636863,0,0.99
GPS-79,DEBRIS_B,6.795,3.535,19652,26.5,0.8,78.98085770803908,0,0.9809
Hubble,Iridium-33 Debris,0.49,2.088,233,57.9,0.9,115.34189788252682,0,0.8051
Envisat,Starlink-1001,3.026,9.187,232,45.5,0.2,122.01320887922536,0,0.3008
DEBRIS_A,Starlink-1001,7.731,5.217,140,1.4,0.8,67.41156712103526,0,0.9802
DEBRIS_B,Tiangong,6.407,14.481,159,13.0,0.8,82.32153568584384,0,0.6129
Envisat,DEBRIS_B,31.764,5.393,234,70.1,0.8,18.445015351604933,0,0.99
Envisat,Cosmos-1408 Debris,28.947,5.785,367,16.0,0.9,124.35203516284332,0,0.99
Tiangong,DEBRIS_B,18.502,7.658,159,13.0,0.8,135.09542636026208,0,0.99
DEBRIS_A,Envisat,17.566,14.574,372,46.9,0.8,14.15003792678838,0,0.99
Envisat,ISS,13.525,10.651,374,46.9,0.2,139.9201804332107,0,0.9814
Hubble,Iridium-33 Debris,10.676,14.181,233,57.9,0.9,92.14341345180225,0,0.947
GPS-79,Hubble,14.006,8.516,19653,26.5,0.2,144.65022802496304,0,0.99
Starlink-1001,DEBRIS_A,30.577,6.537,140,1.4,0.8,135.8244314806875,0,0.99
GPS-79,Tiangong,1.366,4.371,19811,13.5,0.2,131.31221184311423,0,0.4431
DEBRIS_B,ISS,1.731,3.836,140,23.2,0.8,150.29307329119524,0,0.7883
ISS,Tiangong,11.273,14.426,19,10.2,0.2,53.97598689825242,0,0.8467
GPS-79,Envisat,3.632,9.878,19418,43.5,0.2,64.74842383340511,0,0.3214
GPS-79,Cosmos-1408 Debris,6.495,2.59,19785,27.6,0.9,5.706719096977457,0,0.9862
DEBRIS_A,Envisat,0.38,11.808,372,46.9,0.8,54.05801556889214,0,0.1477
GPS-79,DEBRIS_B,1.842,1.163,19652,26.5,0.8,127.79770759579506,0,0.8977
Iridium-33 Debris,Tiangong,7.197,9.244,391,44.9,0.9,104.80679655121065,0,0.9325
Iridium-33 Debris,Tiangong,11.211,10.208,391,44.9,0.9,48.15067081826609,0,0.9872
DEBRIS_B,Tiangong,0.838,2.611,159,13.0,0.8,76.64971084323012,0,0.7749
Envisat,Tiangong,6.585,8.657,393,57.1,0.2,139.97026043826145,0,0.7495
Starlink-1001,Cosmos-1408 Debris,72.898,6.012,135,29.6,0.9,69.95494697246357,0,0.99
Iridium-33 Debris,DEBRIS_B,2.691,3.628,232,57.9,0.9,84.47472432320797,0,0.8867
Tiangong,Envisat,5.981,9.837,393,57.1,0.2,47.04389481085065,0,0.6082
GPS-79,DEBRIS_A,2.971,14.556,19790,3.4,0.8,92.72291627191764,0,0.2174
Cosmos-1408 Debris,DEBRIS_B,7.056,9.025,133,54.1,0.9,143.86733902669326,0,0.9322
DEBRIS_A,Envisat,2.169,7.827,372,46.9,0.8,129.05962221760308,0,0.5833
Iridium-33 Debris,GPS-79,3.208,11.202,19420,31.4,0.9,21.432746953553522,0,0.5108
Hubble,Tiangong,24.54,4.189,158,13.0,0.2,147.67288737814215,0,0.99
Starlink-1001,DEBRIS_B,5.577,14.917,2,24.5,0.8,6.531823682379141,0,0.4783
Hubble,Tiangong,20.02,3.313,158,13.0,0.2,67.14234508672945,0,0.99
Iridium-33 Debris,Hubble,1.778,8.523,233,57.9,0.9,41.855354810203586,0,0.533
Iridium-33 Debris,GPS-79,46.806,7.763,19420,31.4,0.9,134.16723217910985,0,0.99
Envisat,GPS-79,7.27,3.367,19418,43.5,0.2,51.35208432596439,0,0.9537
Hubble,Starlink-1001,12.975,6.505,3,24.5,0.2,107.81965262538026,0,0.99
Tiangong,Starlink-1001,21.348,1.112,161,11.5,0.2,113.12368703380635,0,0.99
Hubble,Tiangong,11.243,2.49,158,13.0,0.2,120.2252228049132,0,0.99
ISS,Starlink-1001,3.765,5.209,142,1.4,0.2,129.93852572617652,0,0.6726
Starlink-1001,Envisat,6.226,14.046,232,45.5,0.2,27.760020341193357,0,0.3317
ISS,Hubble,11.428,1.591,139,23.2,0.2,98.9408787910171,0,0.99
Cosmos-1408 Debris,Tiangong,11.222,5.485,26,41.1,0.9,105.21539532925101,0,0.99
Envisat,Tiangong,1.918,8.026,393,57.1,0.2,60.00609132446352,0,0.2594
Envisat,Hubble,41.822,11.861,235,70.1,0.2,21.959649812234574,0,0.99
ISS,Hubble,9.088,7.165,139,23.2,0.2,78.65415360287535,0,0.9424
Tiangong,Starlink-1001,29.1,7.41,161,11.5,0.2,36.481687478135434,0,0.99
DEBRIS_A,Starlink-1001,15.514,9.036,140,1.4,0.8,58.871531542701504,0,0.99
Starlink-1001,DEBRIS_B,9.827,8.455,2,24.5,0.8,137.4214875014103,0,0.9816
Envisat,ISS,81.216,10.984,374,46.9,0.2,38.2997623002329,0,0.99
Envisat,ISS,0.738,8.549,374,46.9,0.2,40.880599129302084,0,0.1424
Hubble,DEBRIS_A,30.707,0.161,137,23.2,0.8,3.63006513217121,0,0.99
DEBRIS_A,Cosmos-1408 Debris,7.367,2.866,5,30.9,0.9,133.1141321022556,0,0.99
Tiangong,Envisat,6.932,2.684,393,57.1,0.2,16.61892419192014,0,0.9553
DEBRIS_B,ISS,27.904,12.689,140,23.2,0.8,55.37998008440457,0,0.99
GPS-79,Tiangong,2.214,8.878,19811,13.5,0.2,150.89394228703793,0,0.2393
Hubble,GPS-79,1.497,4.879,19653,26.5,0.2,65.10339066166377,0,0.4218
GPS-79,Tiangong,17.825,12.132,19811,13.5,0.2,111.5112067938824,0,0.99
DEBRIS_A,Starlink-1001,19.306,6.236,140,1.4,0.8,3.30676908542393,0,0.99
ISS,Cosmos-1408 Debris,51.352,14.796,7,30.9,0.9,92.3383081874927,0,0.99
Starlink-1001,Iridium-33 Debris,1.332,1.687,230,33.4,0.9,21.48185955351114,0,0.8765
Tiangong,DEBRIS_A,25.817,3.449,21,10.2,0.8,146.8751969700548,0,0.99
DEBRIS_B,GPS-79,5.985,10.611,19652,26.5,0.8,113.55762834206637,0,0.8036
DEBRIS_B,ISS,17.855,3.864,140,23.2,0.8,160.8985195663892,0,0.99
DEBRIS_A,DEBRIS_B,23.146,11.311,138,23.2,0.8,35.16430591738679,0,0.99
ISS,Cosmos-1408 Debris,1.506,6.001,7,30.9,0.9,165.18623718371575,0,0.6798
ISS,Cosmos-1408 Debris,19.453,7.695,7,30.9,0.9,67.86267214146828,0,0.99
DEBRIS_A,Envisat,12.966,9.737,372,46.9,0.8,156.34136433927264,0,0.99
Cosmos-1408 Debris,Iridium-33 Debris,2.422,14.372,365,3.8,0.9,67.9840572017975,0,0.2141
DEBRIS_A,Hubble,13.237,8.351,137,23.2,0.8,58.300928526620076,0,0.99
DEBRIS_A,Envisat,14.207,8.284,372,46.9,0.8,45.94153479397679,0,0.99
Tiangong,Cosmos-1408 Debris,2.926,13.108,26,41.1,0.9,124.80451202586131,0,0.3386
GPS-79,DEBRIS_B,5.122,12.76,19652,26.5,0.8,73.57566406516897,0,0.5825
Iridium-33 Debris,DEBRIS_A,33.89,3.623,370,34.8,0.9,58.096051609684494,0,0.99
DEBRIS_A,Envisat,6.101,7.818,372,46.9,0.8,38.119907657243495,0,0.9093
Tiangong,DEBRIS_A,1.808,1.799,21,10.2,0.8,58.474085392630215,0,0.877
GPS-79,Envisat,16.638,2.71,19418,43.5,0.2,79.64822653148336,0,0.99
Hubble,DEBRIS_B,8.257,13.857,1,0.0,0.8,12.342766302544206,0,0.828
DEBRIS_A,Hubble,7.094,9.46,137,23.2,0.8,91.9811641409317,0,0.9096
DEBRIS_A,Envisat,6.406,9.26,372,46.9,0.8,140.7194930497455,0,0.8834
DEBRIS_B,Tiangong,13.889,6.617,159,13.0,0.8,138.2977479316369,0,0.99
Starlink-1001,GPS-79,3.141,3.922,19650,2.0,0.2,9.054118451912693,0,0.6886
ISS,DEBRIS_B,10.474,2.717,140,23.2,0.8,110.68271925490355,0,0.99
GPS-79,Cosmos-1408 Debris,22.461,10.802,19785,27.6,0.9,44.55440847174425,0,0.99
Cosmos-1408 Debris,Envisat,0.075,10.2,367,16.0,0.9,92.42961819865042,1,0.2275
Cosmos-1408 Debris,Envisat,6.13,1.327,367,16.0,0.9,92.49461834244745,0,0.9886
Envisat,Starlink-1001,13.938,9.325,232,45.5,0.2,89.01785922296882,0,0.9898
Envisat,Hubble,10.722,1.326,235,70.1,0.2,103.64797852234234,0,0.99
Starlink-1001,Cosmos-1408 Debris,11.488,11.983,135,29.6,0.9,100.1360846882759,0,0.9811
Starlink-1001,Hubble,4.158,6.608,3,24.5,0.2,124.42207924820471,0,0.6216
Iridium-33 Debris,Hubble,2.752,12.583,233,57.9,0.9,161.4082643995314,0,0.3546
DEBRIS_A,Starlink-1001,10.036,14.849,140,1.4,0.8,36.0176499569026,0,0.8969
Iridium-33 Debris,Hubble,0.172,6.469,233,57.9,0.9,68.99568208897593,0,0.4864
Cosmos-1408 Debris,GPS-79,46.306,3.165,19785,27.6,0.9,52.43161882443691,0,0.99
Tiangong,DEBRIS_A,14.297,10.227,21,10.2,0.8,59.06977598908495,0,0.99
GPS-79,Cosmos-1408 Debris,33.663,14.495,19785,27.6,0.9,148.70912699669836,0,0.99
ISS,Starlink-1001,15.947,0.831,142,1.4,0.2,17.49508970072779,0,0.99
Iridium-33 Debris,DEBRIS_B,10.412,11.919,232,57.9,0.9,25.310796858472653,0,0.9686
Starlink-1001,Cosmos-1408 Debris,1.041,9.79,135,29.6,0.9,20.263229633363448,0,0.3506
Tiangong,GPS-79,11.88,14.33,19811,13.5,0.2,83.49695917608642,0,0.885
Cosmos-1408 Debris,Tiangong,4.355,4.964,26,41.1,0.9,13.166559712580161,0,0.9233
DEBRIS_B,GPS-79,28.405,14.277,19652,26.5,0.8,95.45654286159561,0,0.99
Starlink-1001,Envisat,20.678,1.464,232,45.5,0.2,43.71218217162249,0,0.99
Hubble,DEBRIS_B,48.562,1.887,1,0.0,0.8,123.99509801035167,0,0.99
GPS-79,Starlink-1001,3.929,11.182,19650,2.0,0.2,88.76100903568772,0,0.2709
GPS-79,DEBRIS_B,17.35,1.894,19652,26.5,0.8,20.716424529719102,0,0.99
Tiangong,Iridium-33 Debris,1.785,8.64,391,44.9,0.9,131.225601880561,0,0.5252
GPS-79,Cosmos-1408 Debris,13.507,4.083,19785,27.6,0.9,108.5493847834858,0,0.99
GPS-79,Hubble,5.747,5.584,19653,26.5,0.2,63.16137194626623,0,0.8318
ISS,Hubble,36.67,3.556,139,23.2,0.2,20.43916654923056,0,0.99
DEBRIS_A,Hubble,22.83,0.33,137,23.2,0.8,137.25087468283766,0,0.99
DEBRIS_A,Envisat,2.835,11.457,372,46.9,0.8,166.33943268909258,0,0.3966
Cosmos-1408 Debris,DEBRIS_A,5.934,11.375,5,30.9,0.9,76.31531414876801,0,0.7949
DEBRIS_B,Envisat,0.887,6.878,234,70.1,0.8,133.65687949344755,0,0.495
ISS,DEBRIS_B,12.672,7.651,140,23.2,0.8,141.1374269693394,0,0.99
ISS,Tiangong,1.156,14.883,19,10.2,0.2,110.1742244140085,0,0.0297
DEBRIS_A,Tiangong,1.252,6.108,21,10.2,0.8,62.908157469689336,0,0.5972
GPS-79,ISS,8.309,9.101,19792,3.4,0.2,9.257209027357803,0,0.8611
GPS-79,ISS,0.018,9.28,19792,3.4,0.2,31.835965605471664,1,0.0851
Envisat,Tiangong,7.568,2.981,393,57.1,0.2,90.27565489991537,0,0.9641
ISS,GPS-79,3.683,3.925,19792,3.4,0.2,17.039229873573717,0,0.7435
Starlink-1001,Hubble,1.827,14.877,3,24.5,0.2,50.88434815075564,0,0.0411
Tiangong,Cosmos-1408 Debris,7.231,6.226,26,41.1,0.9,113.0484331971287,0,0.972
DEBRIS_A,Envisat,2.092,14.513,372,46.9,0.8,136.33531970344018,0,0.1534
Starlink-1001,Cosmos-1408 Debris,11.702,5.879,135,29.6,0.9,17.070743069215595,0,0.99
GPS-79,Starlink-1001,17.299,8.053,19650,2.0,0.2,112.08675824073676,0,0.99
ISS,DEBRIS_A,0.479,10.463,2,0.0,0.8,73.71221096867723,0,0.2143
Iridium-33 Debris,DEBRIS_B,8.999,9.094,232,57.9,0.9,150.4578282119407,0,0.9727
DEBRIS_B,Iridium-33 Debris,15.715,1.317,232,57.9,0.9,22.830066270263885,0,0.99
GPS-79,Iridium-33 Debris,5.561,3.681,19420,31.4,0.9,60.33606717756453,0,0.97
Envisat,Tiangong,12.41,4.249,393,57.1,0.2,16.159399865453526,0,0.99
Cosmos-1408 Debris,Hubble,17.014,11.484,132,54.1,0.9,166.64447921393182,0,0.99
DEBRIS_B,Hubble,1.081,0.81,1,0.0,0.8,10.362530767196258,0,0.8696
Envisat,DEBRIS_A,4.262,6.08,372,46.9,0.8,120.79727783719184,0,0.8707
GPS-79,DEBRIS_B,21.31,4.887,19652,26.5,0.8,17.396922746846403,0,0.99
Cosmos-1408 Debris,Hubble,20.988,4.486,132,54.1,0.9,128.2594261585438,0,0.99
Tiangong,ISS,32.8,3.861,19,10.2,0.2,62.85319928901385,0,0.99
ISS,Iridium-33 Debris,65.509,8.442,372,34.8,0.9,116.8978314254427,0,0.99
ISS,Hubble,2.21,7.375,139,23.2,0.2,43.56741977684771,0,0.3301
DEBRIS_A,Cosmos-1408 Debris,9.703,0.845,5,30.9,0.9,102.50115922627535,0,0.99
Cosmos-1408 Debris,Hubble,1.126,11.182,132,54.1,0.9,119.62500210999765,0,0.2706
Starlink-1001,Hubble,10.62,11.042,3,24.5,0.2,20.389111778971746,0,0.9166
Cosmos-1408 Debris,Iridium-33 Debris,9.468,3.572,365,3.8,0.9,98.93327214532674,0,0.99
Envisat,Cosmos-1408 Debris,33.766,3.803,367,16.0,0.9,15.430760545373191,0,0.99
Starlink-1001,Iridium-33 Debris,19.464,11.92,230,33.4,0.9,112.75793509915214,0,0.99
DEBRIS_A,GPS-79,11.743,6.557,19790,3.4,0.8,46.54488032403242,0,0.99
Iridium-33 Debris,GPS-79,14.174,2.76,19420,31.4,0.9,63.255133350761305,0,0.99
ISS,Hubble,34.137,2.129,139,23.2,0.2,42.13763521370156,0,0.99
Tiangong,Cosmos-1408 Debris,11.044,14.656,26,41.1,0.9,27.377069903204273,0,0.9491
Cosmos-1408 Debris,DEBRIS_B,9.839,10.143,133,54.1,0.9,73.13384368272072,0,0.9753
Hubble,Envisat,13.476,13.453,235,70.1,0.2,18.365271631717764,0,0.957
DEBRIS_B,Hubble,82.254,2.761,1,0.0,0.8,165.04895050618288,0,0.99
DEBRIS_B,Envisat,3.267,11.492,234,70.1,0.8,4.046056791196607,0,0.4466
DEBRIS_B,ISS,8.107,4.579,140,23.2,0.8,110.34682531653839,0,0.9863
Envisat,ISS,12.717,6.88,374,46.9,0.2,25.224005541348795,0,0.99
Hubble,Envisat,24.324,10.089,235,70.1,0.2,21.36595642767614,0,0.99
Cosmos-1408 Debris,Starlink-1001,6.103,14.402,135,29.6,0.9,87.42310052401957,0,0.6297
Starlink-1001,Envisat,26.457,6.44,232,45.5,0.2,10.475180823249488,0,0.99
Envisat,Tiangong,14.643,10.028,393,57.1,0.2,91.85965169093207,0,0.99
DEBRIS_A,Envisat,1.119,4.098,372,46.9,0.8,13.566874141924595,0,0.7171
Cosmos-1408 Debris,Iridium-33 Debris,2.747,14.679,365,3.8,0.9,63.069333234531264,0,0.2262
GPS-79,Envisat,32.612,4.145,19418,43.5,0.2,6.643459910298234,0,0.99
Hubble,GPS-79,13.084,10.075,19653,26.5,0.2,54.80922284950537,0,0.9805
Envisat,ISS,11.395,14.135,374,46.9,0.2,114.48282030837629,0,0.8649
Hubble,ISS,0.179,1.967,139,23.2,0.2,54.6661392147565,0,0.4749
DEBRIS_B,Tiangong,12.248,0.944,159,13.0,0.8,28.623334739502504,0,0.99
Iridium-33 Debris,Tiangong,5.566,7.966,391,44.9,0.9,36.35390839765097,0,0.8997
Starlink-1001,Hubble,1.927,1.887,3,24.5,0.2,121.9775456119924,0,0.6894
DEBRIS_B,Hubble,4.06,6.449,1,0.0,0.8,122.76207680576867,0,0.8449
Cosmos-1408 Debris,Hubble,19.099,2.497,132,54.1,0.9,106.32350921856971,0,0.99
Tiangong,Envisat,8.796,12.774,393,57.1,0.2,12.973292932475884,0,0.7243
GPS-79,Tiangong,11.753,12.502,19811,13.5,0.2,18.836866492893254,0,0.9259
GPS-79,Iridium-33 Debris,0.663,14.617,19420,31.4,0.9,2.983345132211847,0,0.095
DEBRIS_A,ISS,14.42,14.921,2,0.0,0.8,123.53738412226724,0,0.9871
Starlink-1001,DEBRIS_A,21.63,14.407,140,1.4,0.8,46.46330429730625,0,0.99
ISS,DEBRIS_A,14.97,3.707,2,0.0,0.8,72.72921909406256,0,0.99
Hubble,Cosmos-1408 Debris,1.562,0.731,132,54.1,0.9,113.25527299936063,0,0.9138
GPS-79,Tiangong,55.853,5.569,19811,13.5,0.2,34.970159617256634,0,0.99
Cosmos-1408 Debris,Hubble,12.486,5.006,132,54.1,0.9,23.660193916387588,0,0.99
Tiangong,GPS-79,2.508,10.641,19811,13.5,0.2,163.74741125717946,0,0.1768
DEBRIS_A,Cosmos-1408 Debris,7.756,12.949,5,30.9,0.9,30.500460761570427,0,0.8573
ISS,DEBRIS_A,4.384,5.41,2,0.0,0.8,32.21574206788909,0,0.8975
Envisat,GPS-79,55.712,12.951,19418,43.5,0.2,136.0651395018551,0,0.99
Cosmos-1408 Debris,GPS-79,26.076,11.517,19785,27.6,0.9,63.0611811365324,0,0.99
Starlink-1001,Cosmos-1408 Debris,0.489,0.779,135,29.6,0.9,57.943901534534774,0,0.8594
GPS-79,Hubble,15.955,10.304,19653,26.5,0.2,156.65767595951397,0,0.99
Iridium-33 Debris,Cosmos-1408 Debris,2.822,8.516,365,3.8,0.9,118.19094626372875,0,0.6584
Cosmos-1408 Debris,Hubble,18.582,10.201,132,54.1,0.9,59.43073225706,0,0.99
GPS-79,Cosmos-1408 Debris,43.325,9.2,19785,27.6,0.9,120.29121760695158,0,0.99
Starlink-1001,DEBRIS_A,1.298,1.622,140,1.4,0.8,79.05168197708426,0,0.8535
Iridium-33 Debris,Hubble,21.309,3.164,233,57.9,0.9,91.47980624456885,0,0.99
Tiangong,ISS,26.883,10.915,19,10.2,0.2,132.78847126910014,0,0.99
Cosmos-1408 Debris,DEBRIS_A,6.491,8.634,5,30.9,0.9,145.83111697227991,0,0.921
Tiangong,Envisat,8.46,4.655,393,57.1,0.2,61.446861184415425,0,0.9621
DEBRIS_B,Iridium-33 Debris,6.61,8.769,232,57.9,0.9,16.8141156656413,0,0.9223
GPS-79,DEBRIS_B,2.408,12.845,19652,26.5,0.8,113.45665316112215,0,0.2593
Tiangong,Envisat,3.33,14.116,393,57.1,0.2,127.96282592197869,0,0.1025
DEBRIS_B,Cosmos-1408 Debris,7.962,10.77,133,54.1,0.9,18.47336497196093,0,0.9276
Hubble,ISS,3.488,6.552,139,23.2,0.2,108.66535506531734,0,0.5445
Envisat,Tiangong,2.408,10.56,393,57.1,0.2,121.95491518860496,0,0.173
DEBRIS_B,Starlink-1001,8.47,13.06,2,24.5,0.8,150.62400139956785,0,0.8718
Hubble,Iridium-33 Debris,3.247,2.845,233,57.9,0.9,48.424913085855685,0,0.9289
ISS,DEBRIS_B,8.495,9.664,140,23.2,0.8,162.8575046908458,0,0.9502
DEBRIS_B,Iridium-33 Debris,28.864,11.596,232,57.9,0.9,10.957344812510813,0,0.99
Hubble,Envisat,12.481,11.238,235,70.1,0.2,74.75257780633304,0,0.9634
DEBRIS_A,Iridium-33 Debris,53.22,10.936,370,34.8,0.9,58.806802579609716,0,0.99
Cosmos-1408 Debris,Starlink-1001,15.068,8.161,135,29.6,0.9,155.7878997188136,0,0.99
Hubble,Starlink-1001,1.562,6.558,3,24.5,0.2,21.274888278023926,0,0.313
Cosmos-1408 Debris,GPS-79,8.896,9.921,19785,27.6,0.9,8.591637544665842,0,0.9634
ISS,Envisat,0.591,2.833,374,46.9,0.2,150.123687305264,0,0.4615
Cosmos-1408 Debris,Envisat,0.854,12.167,367,16.0,0.9,165.34306395082146,0,0.1942
DEBRIS_B,Envisat,34.718,3.986,234,70.1,0.8,145.80840551349218,0,0.99
Iridium-33 Debris,Starlink-1001,30.911,4.53,230,33.4,0.9,43.319345550026846,0,0.99
Hubble,Tiangong,28.06,12.205,158,13.0,0.2,80.1015305988999,0,0.99
Hubble,DEBRIS_A,24.597,2.772,137,23.2,0.8,136.62247727159172,0,0.99
Hubble,DEBRIS_A,8.858,4.698,137,23.2,0.8,102.07513678591317,0,0.99
Hubble,Envisat,2.915,8.276,235,70.1,0.2,80.87118134329081,0,0.3486
Tiangong,ISS,4.65,5.239,19,10.2,0.2,109.07456605433312,0,0.7601
Iridium-33 Debris,DEBRIS_B,23.246,10.527,232,57.9,0.9,34.615492685997474,0,0.99
Envisat,Cosmos-1408 Debris,21.078,14.009,367,16.0,0.9,37.0597297583248,0,0.99
Envisat,DEBRIS_A,22.335,4.011,372,46.9,0.8,55.27062417241041,0,0.99
Cosmos-1408 Debris,Hubble,48.256,5.092,132,54.1,0.9,130.8178434168695,0,0.99
Cosmos-1408 Debris,GPS-79,3.865,13.336,19785,27.6,0.9,65.17496196264428,0,0.4333
ISS,Starlink-1001,14.462,1.077,142,1.4,0.2,118.48291994205863,0,0.99
DEBRIS_A,DEBRIS_B,20.968,9.901,138,23.2,0.8,97.67045094808843,0,0.99
GPS-79,Envisat,7.384,5.866,19418,43.5,0.2,84.65138042788789,0,0.9115
ISS,Envisat,0.524,14.74,374,46.9,0.2,145.35857330811325,0,0.0228
Tiangong,DEBRIS_A,29.079,2.595,21,10.2,0.8,44.683428182550664,0,0.99
DEBRIS_B,Hubble,25.3,13.917,1,0.0,0.8,118.09917301344258,0,0.99
DEBRIS_A,GPS-79,12.036,11.966,19790,3.4,0.8,55.952690701958105,0,0.9825
DEBRIS_A,DEBRIS_B,0.712,8.29,138,23.2,0.8,78.50786511011471,0,0.3703
ISS,Iridium-33 Debris,29.217,8.418,372,34.8,0.9,144.72280051280757,0,0.99
Iridium-33 Debris,GPS-79,7.769,5.966,19420,31.4,0.9,50.93262672675435,0,0.9801
Tiangong,Cosmos-1408 Debris,0.686,4.093,26,41.1,0.9,9.129142405419433,0,0.714
Iridium-33 Debris,Envisat,12.076,12.904,2,12.1,0.9,17.153962917938628,0,0.9814
Envisat,DEBRIS_A,0.811,2.211,372,46.9,0.8,100.5459723244147,0,0.7929
DEBRIS_B,GPS-79,12.183,6.129,19652,26.5,0.8,72.13715818791822,0,0.99
ISS,Iridium-33 Debris,0.453,14.01,372,34.8,0.9,88.54128300497753,0,0.1019
DEBRIS_B,DEBRIS_A,8.256,11.631,138,23.2,0.8,163.26932090367228,0,0.9037
Envisat,Iridium-33 Debris,4.06,3.602,2,12.1,0.9,70.9546816169969,0,0.9399
Starlink-1001,DEBRIS_B,0.887,9.631,2,24.5,0.8,95.823229450818,0,0.3003
Starlink-1001,Cosmos-1408 Debris,12.994,3.778,135,29.6,0.9,52.02282610926124,0,0.99
DEBRIS_B,Envisat,26.278,14.855,234,70.1,0.8,63.007578204468814,0,0.99
DEBRIS_A,Iridium-33 Debris,9.075,6.178,370,34.8,0.9,83.58751612382767,0,0.9888
Envisat,Iridium-33 Debris,41.25,13.551,2,12.1,0.9,91.31638122324992,0,0.99
ISS,GPS-79,14.234,10.816,19792,3.4,0.2,108.0267091246449,0,0.9862
Hubble,Tiangong,13.398,14.584,158,13.0,0.2,60.792212294428865,0,0.9384
GPS-79,Cosmos-1408 Debris,17.46,7.121,19785,27.6,0.9,147.23951977726549,0,0.99
Cosmos-1408 Debris,Tiangong,34.543,13.898,26,41.1,0.9,134.11842234240785,0,0.99
Iridium-33 Debris,Cosmos-1408 Debris,11.462,4.589,365,3.8,0.9,47.94617181728355,0,0.99
Hubble,GPS-79,78.734,8.611,19653,26.5,0.2,79.45175772967201,0,0.99
DEBRIS_B,Starlink-1001,20.302,7.541,2,24.5,0.8,79.80679514691417,0,0.99
DEBRIS_A,Cosmos-1408 Debris,5.589,4.741,5,30.9,0.9,38.396120394872824,0,0.9598
Envisat,Iridium-33 Debris,7.636,2.622,2,12.1,0.9,85.84139266909963,0,0.99
Cosmos-1408 Debris,Envisat,19.311,2.871,367,16.0,0.9,152.80934141693513,0,0.99
Envisat,DEBRIS_B,1.496,4.851,234,70.1,0.8,166.79354821270493,0,0.7095
Iridium-33 Debris,Cosmos-1408 Debris,12.826,4.989,365,3.8,0.9,137.83592802648036,0,0.99
Hubble,Cosmos-1408 Debris,7.068,4.304,132,54.1,0.9,144.64009374482941,0,0.9828
Hubble,Starlink-1001,33.635,3.925,3,24.5,0.2,40.44043903528454,0,0.99
Envisat,Iridium-33 Debris,3.644,3.909,2,12.1,0.9,49.96969641733607,0,0.9205
Starlink-1001,Cosmos-1408 Debris,17.734,3.837,135,29.6,0.9,42.550792193430574,0,0.99
ISS,Hubble,57.026,8.963,139,23.2,0.2,142.91313248315532,0,0.99
Cosmos-1408 Debris,Tiangong,1.973,12.106,26,41.1,0.9,1.6517846181630231,0,0.3004
DEBRIS_B,ISS,15.863,1.907,140,23.2,0.8,29.568372868956807,0,0.99
ISS,GPS-79,3.111,13.384,19792,3.4,0.2,1.3430407064772556,0,0.1131
Hubble,Tiangong,49.443,12.49,158,13.0,0.2,77.93041829252094,0,0.99
Envisat,Iridium-33 Debris,19.489,12.482,2,12.1,0.9,21.08979857044446,0,0.99
Cosmos-1408 Debris,GPS-79,13.776,2.488,19785,27.6,0.9,35.46015851299815,0,0.99
DEBRIS_B,ISS,5.288,4.656,140,23.2,0.8,148.65843729321688,0,0.9452
ISS,Cosmos-1408 Debris,0.68,4.904,7,30.9,0.9,95.66444744187667,0,0.6612
Starlink-1001,Tiangong,6.369,10.116,161,11.5,0.2,159.77842806529097,0,0.6341
DEBRIS_B,Tiangong,0.59,0.365,159,13.0,0.8,73.99789722817113,0,0.8564
GPS-79,Iridium-33 Debris,1.964,14.45,19420,31.4,0.9,20.73080986422823,0,0.1747
ISS,GPS-79,10.895,10.404,19792,3.4,0.2,8.146637043016442,0,0.9386
Starlink-1001,DEBRIS_A,21.308,5.086,140,1.4,0.8,63.75490460740672,0,0.99
Cosmos-1408 Debris,Tiangong,3.068,0.68,26,41.1,0.9,6.142692267049334,0,0.9581
Cosmos-1408 Debris,Iridium-33 Debris,6.163,9.333,365,3.8,0.9,48.10723726590464,0,0.8891
Cosmos-1408 Debris,ISS,3.553,3.657,7,30.9,0.9,154.17061275575514,0,0.9227
DEBRIS_A,Iridium-33 Debris,20.999,14.565,370,34.8,0.9,132.2542801527732,0,0.99
Starlink-1001,DEBRIS_B,6.478,4.173,2,24.5,0.8,97.04533695164598,0,0.9731
Iridium-33 Debris,GPS-79,17.355,10.309,19420,31.4,0.9,4.630787522319861,0,0.99
DEBRIS_A,Iridium-33 Debris,7.535,9.165,370,34.8,0.9,6.849360262197474,0,0.9436
GPS-79,Envisat,5.008,1.878,19418,43.5,0.2,17.36155751544988,0,0.9122
Starlink-1001,DEBRIS_A,8.284,13.744,140,1.4,0.8,83.70379916512229,0,0.8346
ISS,Envisat,10.01,11.877,374,46.9,0.2,153.94187358997894,0,0.8632
Tiangong,DEBRIS_B,40.242,11.08,159,13.0,0.8,116.62042902266371,0,0.99
ISS,Tiangong,12.834,2.734,19,10.2,0.2,99.50759727205052,0,0.99
Iridium-33 Debris,Starlink-1001,8.145,12.24,230,33.4,0.9,149.22507115253046,0,0.9003
Starlink-1001,Hubble,2.6,0.325,3,24.5,0.2,75.52691425727625,0,0.8324
Cosmos-1408 Debris,Starlink-1001,3.192,13.678,135,29.6,0.9,3.3403243009107415,0,0.3302
Envisat,Starlink-1001,28.18,7.43,232,45.5,0.2,138.2037975755719,0,0.99
Cosmos-1408 Debris,Hubble,9.628,11.356,132,54.1,0.9,147.90090305995494,0,0.9611
DEBRIS_B,Starlink-1001,14.022,0.104,2,24.5,0.8,135.33904005274258,0,0.99
Tiangong,Iridium-33 Debris,14.859,2.287,391,44.9,0.9,162.990613593594,0,0.99
Hubble,DEBRIS_A,0.633,12.158,137,23.2,0.8,92.73122796073996,0,0.1505
Iridium-33 Debris,Starlink-1001,52.567,6.581,230,33.4,0.9,68.2731432871946,0,0.99
Iridium-33 Debris,ISS,5.124,9.658,372,34.8,0.9,31.321357254335112,0,0.8123
Tiangong,DEBRIS_A,6.497,1.043,21,10.2,0.8,165.642966810998,0,0.9894
DEBRIS_A,DEBRIS_B,16.801,10.966,138,23.2,0.8,116.04378832310036,0,0.99
Hubble,Envisat,8.525,7.061,235,70.1,0.2,118.43997736910126,0,0.9272
ISS,Tiangong,3.812,7.702,19,10.2,0.2,87.5478953625474,0,0.4989
Cosmos-1408 Debris,Tiangong,1.647,11.567,26,41.1,0.9,53.84899582695202,0,0.3001
Iridium-33 Debris,ISS,1.701,1.479,372,34.8,0.9,119.74632648636967,0,0.9009
Cosmos-1408 Debris,Envisat,6.441,2.068,367,16.0,0.9,21.359469296659476,0,0.9879
Tiangong,Iridium-33 Debris,5.771,8.837,391,44.9,0.9,13.077577499963217,0,0.8844
Iridium-33 Debris,GPS-79,20.937,11.911,19420,31.4,0.9,39.22624965750534,0,0.99
GPS-79,DEBRIS_A,1.56,1.137,19790,3.4,0.8,25.894732274029476,0,0.8848
Hubble,GPS-79,4.056,5.395,19653,26.5,0.2,43.17864464372885,0,0.6921
Iridium-33 Debris,ISS,30.997,5.893,372,34.8,0.9,20.096899672610807,0,0.99
Starlink-1001,GPS-79,64.464,6.678,19650,2.0,0.2,87.10325181940814,0,0.99
DEBRIS_B,Iridium-33 Debris,1.542,1.613,232,57.9,0.9,118.45219101351026,0,0.8896
DEBRIS_B,Tiangong,10.693,2.714,159,13.0,0.8,135.46260110345153,0,0.99
DEBRIS_B,Iridium-33 Debris,8.31,14.934,232,57.9,0.9,16.428982842143892,0,0.8138
ISS,GPS-79,4.876,12.495,19792,3.4,0.2,16.14042881182019,0,0.2869
GPS-79,Iridium-33 Debris,2.728,12.541,19420,31.4,0.9,60.312870039203474,0,0.3547
Starlink-1001,DEBRIS_B,3.215,3.138,2,24.5,0.8,31.506842768829262,0,0.906
Starlink-1001,GPS-79,16.522,6.797,19650,2.0,0.2,115.8399882473939,0,0.99
DEBRIS_A,GPS-79,21.151,12.223,19790,3.4,0.8,0.8524763093562914,0,0.99
Envisat,Cosmos-1408 Debris,8.463,6.566,367,16.0,0.9,83.74974219898571,0,0.9831
Envisat,Hubble,15.911,6.627,235,70.1,0.2,130.38601927910622,0,0.99
Iridium-33 Debris,DEBRIS_A,24.878,14.383,370,34.8,0.9,62.250427411347744,0,0.99
DEBRIS_A,DEBRIS_B,2.48,2.157,138,23.2,0.8,22.310434574812753,0,0.8996
Iridium-33 Debris,GPS-79,9.177,4.936,19420,31.4,0.9,30.806836585531197,0,0.99
DEBRIS_A,DEBRIS_B,3.093,5.522,138,23.2,0.8,21.775277141432444,0,0.8161
Cosmos-1408 Debris,Starlink-1001,5.981,13.159,135,29.6,0.9,141.67313587861673,0,0.6991
GPS-79,Iridium-33 Debris,22.391,6.133,19420,31.4,0.9,159.7692791766873,0,0.99
Hubble,DEBRIS_A,23.057,6.873,137,23.2,0.8,82.77577108951094,0,0.99
DEBRIS_B,Tiangong,25.271,9.712,159,13.0,0.8,61.55398357667597,0,0.99
Starlink-1001,DEBRIS_A,1.864,9.124,140,1.4,0.8,165.23309548014814,0,0.4489
Hubble,DEBRIS_B,23.349,7.99,1,0.0,0.8,4.975611608576129,0,0.99
DEBRIS_B,Hubble,8.786,0.964,1,0.0,0.8,91.57225215253652,0,0.99
Envisat,Cosmos-1408 Debris,16.719,1.582,367,16.0,0.9,63.99870055738417,0,0.99
ISS,DEBRIS_A,37.779,5.368,2,0.0,0.8,120.9043278825199,0,0.99
ISS,Envisat,26.68,5.296,374,46.9,0.2,67.2851101007914,0,0.99
GPS-79,Starlink-1001,2.814,12.92,19650,2.0,0.2,89.4250630675787,0,0.1121
GPS-79,Tiangong,6.786,1.017,19811,13.5,0.2,143.205061044809,0,0.9703
ISS,Cosmos-1408 Debris,21.833,10.094,7,30.9,0.9,8.425316550979975,0,0.99
Envisat,Cosmos-1408 Debris,8.136,13.231,367,16.0,0.9,94.21325656269384,0,0.8698
DEBRIS_B,GPS-79,27.047,3.225,19652,26.5,0.8,55.223032469093425,0,0.99
DEBRIS_A,DEBRIS_B,21.792,6.735,138,23.2,0.8,58.193805138045214,0,0.99
DEBRIS_A,Cosmos-1408 Debris,9.478,13.291,5,30.9,0.9,60.81100573197,0,0.9277
Cosmos-1408 Debris,Iridium-33 Debris,0.974,5.737,365,3.8,0.9,144.31357273430336,0,0.6378
DEBRIS_A,DEBRIS_B,5.549,5.683,138,23.2,0.8,78.86238949435516,0,0.9352
DEBRIS_B,ISS,19.02,6.661,140,23.2,0.8,24.019562563825534,0,0.99
Cosmos-1408 Debris,Hubble,5.986,9.013,132,54.1,0.9,30.920212273332677,0,0.8898
ISS,DEBRIS_B,2.865,8.521,140,23.2,0.8,153.25836329331221,0,0.6169
ISS,Hubble,11.432,9.926,139,23.2,0.2,7.085182880358453,0,0.9584
DEBRIS_B,Hubble,2.422,14.777,1,0.0,0.8,149.4110290822688,0,0.1649
Hubble,Starlink-1001,6.269,6.554,3,24.5,0.2,24.16849086561983,0,0.8275
Cosmos-1408 Debris,DEBRIS_B,22.667,5.389,133,54.1,0.9,165.06993706249872,0,0.99
Envisat,Tiangong,40.17,13.153,393,57.1,0.2,113.77406267365866,0,0.99
DEBRIS_A,Envisat,2.543,3.878,372,46.9,0.8,15.045807342821172,0,0.8466
Cosmos-1408 Debris,Iridium-33 Debris,4.356,5.779,365,3.8,0.9,130.666187448884,0,0.9041
Cosmos-1408 Debris,Envisat,15.888,4.78,367,16.0,0.9,32.3585140371934,0,0.99
Starlink-1001,Hubble,29.893,4.776,3,24.5,0.2,41.26119366170212,0,0.99
DEBRIS_B,DEBRIS_A,45.069,10.776,138,23.2,0.8,82.79608603152187,0,0.99
Tiangong,Hubble,0.351,7.796,158,13.0,0.2,81.40608814102063,0,0.1463
Iridium-33 Debris,Starlink-1001,7.785,2.637,230,33.4,0.9,34.119699731134276,0,0.99
DEBRIS_B,Tiangong,1.272,13.218,159,13.0,0.8,8.746900280251904,0,0.1507
Iridium-33 Debris,Envisat,5.511,8.435,2,12.1,0.9,156.70574820357874,0,0.8834
ISS,Iridium-33 Debris,3.175,12.127,372,34.8,0.9,110.49325254912455,0,0.4377
ISS,Hubble,0.181,8.16,139,23.2,0.2,96.41862172847873,0,0.1238
DEBRIS_B,Starlink-1001,24.728,14.501,2,24.5,0.8,106.87604369320054,0,0.99
Envisat,DEBRIS_A,23.63,6.035,372,46.9,0.8,165.0441295032629,0,0.99
Hubble,Envisat,11.02,13.968,235,70.1,0.2,156.6546247621431,0,0.8481
Cosmos-1408 Debris,Hubble,5.597,12.023,132,54.1,0.9,87.9505735286228,0,0.7294
Hubble,Envisat,24.591,6.469,235,70.1,0.2,19.13957916121018,0,0.99
Cosmos-1408 Debris,DEBRIS_A,11.224,8.104,5,30.9,0.9,73.94590188220171,0,0.99
Cosmos-1408 Debris,Hubble,12.598,6.037,132,54.1,0.9,164.2826325170295,0,0.99
Envisat,Tiangong,17.075,14.673,393,57.1,0.2,139.44395634992804,0,0.9894
GPS-79,DEBRIS_A,14.738,5.832,19790,3.4,0.8,22.456410351762763,0,0.99
Hubble,Tiangong,39.072,6.888,158,13.0,0.2,61.10374198374078,0,0.99
Starlink-1001,Tiangong,7.423,13.654,161,11.5,0.2,37.970516029748524,0,0.5038
DEBRIS_B,DEBRIS_A,5.144,12.438,138,23.2,0.8,112.92676360845054,0,0.6084
ISS,DEBRIS_A,13.377,6.705,2,0.0,0.8,75.10454925069978,0,0.99
DEBRIS_A,DEBRIS_B,26.036,3.251,138,23.2,0.8,81.06411216288889,0,0.99
Cosmos-1408 Debris,Hubble,16.62,4.106,132,54.1,0.9,68.9890521369765,0,0.99
Iridium-33 Debris,Envisat,7.534,10.281,2,12.1,0.9,149.8318283580222,0,0.9229
Cosmos-1408 Debris,DEBRIS_B,3.275,7.078,133,54.1,0.9,144.8009431654508,0,0.7882
Starlink-1001,DEBRIS_A,7.429,4.839,140,1.4,0.8,25.471400038796585,0,0.9794
Envisat,Iridium-33 Debris,21.617,0.43,2,12.1,0.9,88.5034989384744,0,0.99
Tiangong,Starlink-1001,17.387,0.61,161,11.5,0.2,137.58204377805038,0,0.99
GPS-79,Envisat,30.452,4.255,19418,43.5,0.2,34.28489597184855,0,0.99
GPS-79,Iridium-33 Debris,2.618,0.215,19420,31.4,0.9,71.1407450641925,0,0.9545
Envisat,Iridium-33 Debris,4.872,8.31,2,12.1,0.9,19.36019889522806,0,0.8511
GPS-79,ISS,22.765,5.52,19792,3.4,0.2,123.68346903166038,0,0.99
Hubble,Starlink-1001,4.328,3.515,3,24.5,0.2,42.050840896004104,0,0.819
Cosmos-1408 Debris,Hubble,43.104,11.623,132,54.1,0.9,140.9481334168098,0,0.99
Starlink-1001,Tiangong,10.748,9.473,161,11.5,0.2,70.40888020080402,0,0.9494
Tiangong,ISS,2.135,12.192,19,10.2,0.2,113.2558554873706,0,0.1006
DEBRIS_B,GPS-79,22.449,6.532,19652,26.5,0.8,55.88104158672906,0,0.99
GPS-79,Hubble,32.793,9.606,19653,26.5,0.2,143.12384816526455,0,0.99
ISS,Cosmos-1408 Debris,7.032,11.436,7,30.9,0.9,76.11259913116692,0,0.8682
Starlink-1001,DEBRIS_B,7.628,11.399,2,24.5,0.8,109.38333715229768,0,0.8802
DEBRIS_B,Tiangong,1.305,2.865,159,13.0,0.8,36.925202098791324,0,0.801
Starlink-1001,DEBRIS_A,2.821,14.767,140,1.4,0.8,78.7690328699882,0,0.1947
Starlink-1001,DEBRIS_B,17.49,4.159,2,24.5,0.8,139.80322604502192,0,0.99
Envisat,Hubble,4.75,9.723,235,70.1,0.2,38.92468178795499,0,0.4646
Cosmos-1408 Debris,ISS,35.058,3.544,7,30.9,0.9,14.54855805279639,0,0.99
Iridium-33 Debris,Tiangong,2.59,9.661,391,44.9,0.9,120.48042168862497,0,0.549
GPS-79,Tiangong,30.641,11.66,19811,13.5,0.2,14.201837283239788,0,0.99
Envisat,ISS,4.044,6.632,374,46.9,0.2,2.9312758867853304,0,0.6065
ISS,DEBRIS_B,0.442,9.304,140,23.2,0.8,23.72484479561392,0,0.2748
Hubble,DEBRIS_B,3.819,4.247,1,0.0,0.8,30.371410499555974,0,0.9034
GPS-79,Hubble,3.564,8.365,19653,26.5,0.2,21.228316137245052,0,0.4189
Cosmos-1408 Debris,GPS-79,2.208,14.045,19785,27.6,0.9,160.55676838060012,0,0.2126
Cosmos-1408 Debris,Starlink-1001,25.078,3.463,135,29.6,0.9,88.44483634042442,0,0.99
DEBRIS_A,Iridium-33 Debris,0.128,3.329,370,34.8,0.9,138.98464932178953,0,0.7038
Hubble,Tiangong,10.808,9.182,158,13.0,0.2,32.21812394853381,0,0.9548
Envisat,Iridium-33 Debris,62.862,13.676,2,12.1,0.9,4.967881885328718,0,0.99
DEBRIS_A,ISS,23.408,1.806,2,0.0,0.8,20.22853561910253,0,0.99
Envisat,GPS-79,7.015,1.256,19418,43.5,0.2,100.27572166882693,0,0.9715
Tiangong,Envisat,4.265,9.047,393,57.1,0.2,43.3474775814141,0,0.4547
Cosmos-1408 Debris,ISS,20.856,5.727,7,30.9,0.9,146.03433844974887,0,0.99
Starlink-1001,Envisat,24.52,13.903,232,45.5,0.2,14.353879642205984,0,0.99
DEBRIS_A,Starlink-1001,4.869,3.233,140,1.4,0.8,14.83424176378235,0,0.9554
GPS-79,Tiangong,4.176,3.803,19811,13.5,0.2,63.68479743522685,0,0.7936
Iridium-33 Debris,ISS,3.197,7.374,372,34.8,0.9,67.46396957273211,0,0.7661
Starlink-1001,GPS-79,11.502,12.881,19650,2.0,0.2,9.863573143098753,0,0.9078
Hubble,GPS-79,41.925,14.892,19653,26.5,0.2,161.14858637638577,0,0.99
Starlink-1001,ISS,3.102,9.333,142,1.4,0.2,154.12507729245993,0,0.2997
GPS-79,Iridium-33 Debris,8.661,0.358,19420,31.4,0.9,166.9922194401554,0,0.99
Tiangong,DEBRIS_B,45.782,5.501,159,13.0,0.8,25.605025961042962,0,0.99
DEBRIS_B,Starlink-1001,38.577,11.767,2,24.5,0.8,30.45228281775804,0,0.99
DEBRIS_B,Starlink-1001,41.345,4.83,2,24.5,0.8,26.21052592887028,0,0.99
Tiangong,ISS,20.934,5.69,19,10.2,0.2,81.69997895919826,0,0.99
Hubble,Tiangong,7.056,5.971,158,13.0,0.2,90.70678043042616,0,0.8944
Starlink-1001,Hubble,26.846,10.495,3,24.5,0.2,116.18378415160161,0,0.99
Starlink-1001,Envisat,26.743,4.845,232,45.5,0.2,106.34220744695482,0,0.99
Hubble,Starlink-1001,40.154,12.77,3,24.5,0.2,11.462386804875408,0,0.99
Tiangong,Iridium-33 Debris,0.328,3.574,391,44.9,0.9,127.25160945672557,0,0.7093
GPS-79,Iridium-33 Debris,3.863,8.346,19420,31.4,0.9,108.27598148101406,0,0.7734
GPS-79,Hubble,36.604,7.045,19653,26.5,0.2,54.76435028577224,0,0.99
Envisat,GPS-79,0.477,2.367,19418,43.5,0.2,23.922518248554383,0,0.4821
Cosmos-1408 Debris,ISS,0.183,7.381,7,30.9,0.9,108.26210040105222,0,0.42
Hubble,DEBRIS_B,32.724,0.834,1,0.0,0.8,22.999107473564337,0,0.99
Cosmos-1408 Debris,Envisat,0.061,6.085,367,16.0,0.9,31.463861211461477,1,0.5012
Hubble,Cosmos-1408 Debris,19.112,12.466,132,54.1,0.9,33.76554900419401,0,0.99
Tiangong,GPS-79,3.948,3.851,19811,13.5,0.2,78.44094344984052,0,0.7719
Envisat,Hubble,37.937,6.47,235,70.1,0.2,61.39200482431863,0,0.99
Iridium-33 Debris,Cosmos-1408 Debris,3.268,13.991,365,3.8,0.9,42.170919829778626,0,0.3179
Cosmos-1408 Debris,Iridium-33 Debris,0.315,1.641,365,3.8,0.9,58.45604280705635,0,0.8123
DEBRIS_B,Tiangong,3.648,10.67,159,13.0,0.8,157.09392057400365,0,0.5555
Envisat,GPS-79,13.577,10.898,19418,43.5,0.2,74.86916389976794,0,0.9805
Envisat,DEBRIS_A,10.832,8.998,372,46.9,0.8,76.9218738979959,0,0.9868
Tiangong,ISS,12.528,3.645,19,10.2,0.2,166.0954355700627,0,0.99
Tiangong,Hubble,17.071,8.265,158,13.0,0.2,28.568787254745757,0,0.99
Hubble,GPS-79,6.84,9.204,19653,26.5,0.2,152.8771964582746,0,0.7425
ISS,Tiangong,3.053,13.246,19,10.2,0.2,57.731439083499,0,0.1144
Cosmos-1408 Debris,GPS-79,19.218,12.245,19785,27.6,0.9,143.41108327420136,0,0.99
DEBRIS_A,GPS-79,12.068,6.171,19790,3.4,0.8,65.58742681815782,0,0.99
Cosmos-1408 Debris,DEBRIS_B,41.855,9.976,133,54.1,0.9,141.8636029105688,0,0.99
Cosmos-1408 Debris,Tiangong,33.662,10.894,26,41.1,0.9,78.20266366864958,0,0.99
DEBRIS_B,Envisat,25.423,10.649,234,70.1,0.8,10.400254981928265,0,0.99
Envisat,DEBRIS_A,62.423,12.828,372,46.9,0.8,156.2848283225077,0,0.99
Tiangong,GPS-79,72.051,4.381,19811,13.5,0.2,117.17911131582086,0,0.99
DEBRIS_B,Tiangong,21.049,3.712,159,13.0,0.8,28.404918387250305,0,0.99
Iridium-33 Debris,Cosmos-1408 Debris,5.248,11.115,365,3.8,0.9,134.11813829546483,0,0.7483
Envisat,Hubble,10.854,4.895,235,70.1,0.2,25.982800732094834,0,0.9874
Cosmos-1408 Debris,Tiangong,12.855,7.004,26,41.1,0.9,110.94298653252406,0,0.99
Hubble,Tiangong,61.741,7.607,158,13.0,0.2,76.62171831043844,0,0.99
DEBRIS_A,GPS-79,18.483,9.94,19790,3.4,0.8,19.290076963806193,0,0.99
DEBRIS_B,Cosmos-1408 Debris,1.789,1.36,133,54.1,0.9,7.5286127680900155,0,0.9078
GPS-79,Envisat,12.437,11.062,19418,43.5,0.2,45.43341658024869,0,0.9644
Tiangong,DEBRIS_B,142.436,6.586,159,13.0,0.8,71.97679398532806,0,0.99
DEBRIS_A,GPS-79,6.162,9.41,19790,3.4,0.8,83.77656569120936,0,0.8651
Tiangong,DEBRIS_B,0.396,8.524,159,13.0,0.8,16.231156309679996,0,0.3188
Hubble,Iridium-33 Debris,4.296,14.094,233,57.9,0.9,135.97237599090974,0,0.4304
DEBRIS_B,DEBRIS_A,21.964,12.573,138,23.2,0.8,33.551852589223095,0,0.99
GPS-79,Hubble,5.373,1.733,19653,26.5,0.2,82.35322646376551,0,0.9287
Hubble,GPS-79,0.855,9.284,19653,26.5,0.2,115.11652848229674,0,0.1237
DEBRIS_B,Starlink-1001,36.944,4.878,2,24.5,0.8,137.78267135836487,0,0.99
Cosmos-1408 Debris,Starlink-1001,35.108,2.741,135,29.6,0.9,114.64629402610845,0,0.99
Cosmos-1408 Debris,ISS,0.18,7.568,7,30.9,0.9,117.21392509729579,0,0.406
Cosmos-1408 Debris,Iridium-33 Debris,0.68,8.877,365,3.8,0.9,92.39198655775836,0,0.3721
GPS-79,Hubble,21.271,5.489,19653,26.5,0.2,124.0466007428881,0,0.99
Starlink-1001,Cosmos-1408 Debris,21.126,8.661,135,29.6,0.9,8.229601445596655,0,0.99
Tiangong,DEBRIS_B,12.694,0.681,159,13.0,0.8,126.14071978425639,0,0.99
DEBRIS_B,DEBRIS_A,0.938,1.525,138,23.2,0.8,6.466254909963036,0,0.8336
DEBRIS_B,Iridium-33 Debris,63.79,9.855,232,57.9,0.9,76.36505878903913,0,0.99
Iridium-33 Debris,Hubble,2.997,9.517,233,57.9,0.9,103.49110724876289,0,0.609
DEBRIS_B,Hubble,36.266,5.27,1,0.0,0.8,17.236173724641127,0,0.99
ISS,Hubble,19.799,5.96,139,23.2,0.2,121.2422114035951,0,0.99
Cosmos-1408 Debris,Iridium-33 Debris,5.035,14.033,365,3.8,0.9,116.09391236074967,0,0.5269
Iridium-33 Debris,Envisat,10.218,4.219,2,12.1,0.9,95.58942140272605,0,0.99
Iridium-33 Debris,DEBRIS_B,6.332,9.997,232,57.9,0.9,151.08890926685032,0,0.8773
Cosmos-1408 Debris,Iridium-33 Debris,3.446,5.527,365,3.8,0.9,109.26122946199314,0,0.8659
Tiangong,DEBRIS_B,3.011,2.627,159,13.0,0.8,144.96412573021328,0,0.9103
Starlink-1001,DEBRIS_A,6.401,7.3,140,1.4,0.8,126.4060424927225,0,0.9315
Starlink-1001,DEBRIS_B,5.316,0.717,2,24.5,0.8,5.573837527438042,0,0.9828
Hubble,GPS-79,4.361,6.07,19653,26.5,0.2,23.397798188227718,0,0.6812
Envisat,GPS-79,63.344,8.863,19418,43.5,0.2,43.171826496883284,0,0.99
Tiangong,Iridium-33 Debris,0.728,13.618,391,44.9,0.9,146.7379985369087,0,0.1277
Hubble,DEBRIS_B,0.508,7.592,1,0.0,0.8,52.835787433717755,0,0.3956
DEBRIS_B,DEBRIS_A,40.741,0.657,138,23.2,0.8,84.09441080546584,0,0.99
ISS,Cosmos-1408 Debris,0.629,1.166,7,30.9,0.9,54.676150814049755,0,0.8538
Iridium-33 Debris,Hubble,14.743,3.781,233,57.9,0.9,41.009506535142755,0,0.99
DEBRIS_B,Hubble,27.147,6.182,1,0.0,0.8,44.22798610106007,0,0.99
DEBRIS_B,Starlink-1001,8.009,8.299,2,24.5,0.8,49.80904984800596,0,0.9575
Tiangong,Starlink-1001,10.209,2.235,161,11.5,0.2,22.740704266893736,0,0.99
Hubble,GPS-79,20.335,10.352,19653,26.5,0.2,56.6702436368906,0,0.99
ISS,DEBRIS_B,10.144,11.603,140,23.2,0.8,159.31025754780248,0,0.9605
Envisat,GPS-79,9.937,8.113,19418,43.5,0.2,10.09746077061912,0,0.9495
Hubble,Envisat,11.808,7.365,235,70.1,0.2,64.09928266205374,0,0.9836
ISS,DEBRIS_B,29.03,7.06,140,23.2,0.8,140.29214691796508,0,0.99
Starlink-1001,Cosmos-1408 Debris,47.064,11.202,135,29.6,0.9,95.32676160366012,0,0.99
Cosmos-1408 Debris,ISS,7.5,14.476,7,30.9,0.9,96.08546255206761,0,0.7698
Starlink-1001,Cosmos-1408 Debris,50.399,14.404,135,29.6,0.9,37.99252717266258,0,0.99
GPS-79,ISS,11.074,5.761,19792,3.4,0.2,7.598418848485869,0,0.9853
Starlink-1001,Hubble,26.803,9.369,3,24.5,0.2,6.384829014370477,0,0.99
Iridium-33 Debris,Cosmos-1408 Debris,18.195,11.212,365,3.8,0.9,42.657468814681884,0,0.99
Hubble,Envisat,7.216,12.167,235,70.1,0.2,98.23250152313052,0,0.5885
GPS-79,Tiangong,0.569,3.966,19811,13.5,0.2,116.86657941692724,0,0.3763
Hubble,Tiangong,34.628,0.863,158,13.0,0.2,121.8286458247037,0,0.99
Tiangong,GPS-79,2.051,1.909,19811,13.5,0.2,47.369733233947564,0,0.7011
ISS,Iridium-33 Debris,3.668,1.365,372,34.8,0.9,104.31735402126581,0,0.9617
DEBRIS_A,Cosmos-1408 Debris,4.273,3.727,5,30.9,0.9,166.4427367760729,0,0.9437
Hubble,ISS,13.57,10.383,139,23.2,0.2,66.07417351416873,0,0.9832
ISS,Starlink-1001,12.617,1.837,142,1.4,0.2,95.80087095055497,0,0.99
DEBRIS_B,DEBRIS_A,18.096,8.451,138,23.2,0.8,10.360969431949014,0,0.99
Starlink-1001,Hubble,5.288,3.588,3,24.5,0.2,139.47662940863378,0,0.8773
Tiangong,Iridium-33 Debris,35.875,6.676,391,44.9,0.9,125.4159720976362,0,0.99
Cosmos-1408 Debris,DEBRIS_A,17.367,4.662,5,30.9,0.9,25.047829097633432,0,0.99
GPS-79,Envisat,0.183,2.083,19418,43.5,0.2,142.76036838480064,0,0.4667
Envisat,Cosmos-1408 Debris,3.093,13.91,367,16.0,0.9,118.58495583935502,0,0.3044
Envisat,Cosmos-1408 Debris,2.64,0.295,367,16.0,0.9,137.9983426128971,0,0.954
Hubble,Envisat,42.829,14.96,235,70.1,0.2,47.477794604506244,0,0.99
Hubble,Iridium-33 Debris,36.048,6.8,233,57.9,0.9,47.184173758203556,0,0.99
GPS-79,ISS,26.877,5.283,19792,3.4,0.2,5.851342911912851,0,0.99
GPS-79,DEBRIS_B,0.868,9.513,19652,26.5,0.8,128.484669786021,0,0.3058
Iridium-33 Debris,Tiangong,41.338,4.413,391,44.9,0.9,115.83079732598698,0,0.99
Tiangong,GPS-79,13.846,1.939,19811,13.5,0.2,84.87116771743757,0,0.99
Hubble,Starlink-1001,8.502,5.204,3,24.5,0.2,160.12117870108432,0,0.9565
ISS,GPS-79,0.583,10.82,19792,3.4,0.2,47.15654389928651,0,0.0721
ISS,Hubble,19.889,7.565,139,23.2,0.2,101.57229164598627,0,0.99
Starlink-1001,Tiangong,17.592,0.784,161,11.5,0.2,56.97520058351255,0,0.99
Hubble,Cosmos-1408 Debris,20.009,1.403,132,54.1,0.9,3.499870866756466,0,0.99
Iridium-33 Debris,Starlink-1001,22.862,14.342,230,33.4,0.9,97.5208330973666,0,0.99
DEBRIS_A,Hubble,14.873,11.869,137,23.2,0.8,28.91751942404113,0,0.99
ISS,Cosmos-1408 Debris,18.848,10.468,7,30.9,0.9,98.55387730939765,0,0.99
DEBRIS_A,Envisat,2.185,12.274,372,46.9,0.8,123.67345428624225,0,0.2709
Iridium-33 Debris,DEBRIS_A,8.055,9.502,370,34.8,0.9,64.88511775157949,0,0.9515
DEBRIS_B,ISS,8.716,11.969,140,23.2,0.8,144.73660451359584,0,0.9143
DEBRIS_B,Starlink-1001,19.587,3.712,2,24.5,0.8,99.91627560938446,0,0.99
Tiangong,Iridium-33 Debris,4.009,3.044,391,44.9,0.9,1.1893492667503918,0,0.9474
DEBRIS_A,Cosmos-1408 Debris,39.386,9.738,5,30.9,0.9,163.0123177285155,0,0.99
DEBRIS_A,DEBRIS_B,63.506,7.046,138,23.2,0.8,125.99801572406672,0,0.99
DEBRIS_B,Tiangong,10.862,14.747,159,13.0,0.8,9.837792418167744,0,0.9313
Iridium-33 Debris,Hubble,6.663,11.273,233,57.9,0.9,158.99751219324423,0,0.8519
Envisat,DEBRIS_B,6.011,5.739,234,70.1,0.8,158.78523310018375,0,0.947
Starlink-1001,DEBRIS_A,4.074,6.492,140,1.4,0.8,20.602709127350394,0,0.8441
ISS,GPS-79,6.55,9.615,19792,3.4,0.2,99.11993464682769,0,0.6879
Cosmos-1408 Debris,Hubble,9.222,14.612,132,54.1,0.9,7.740161524990716,0,0.8836
Starlink-1001,ISS,33.941,3.656,142,1.4,0.2,33.5527114143574,0,0.99
Hubble,Envisat,7.008,7.636,235,70.1,0.2,109.3085844864099,0,0.8339
DEBRIS_A,Hubble,11.053,10.281,137,23.2,0.8,45.3387225966046,0,0.9827
Hubble,GPS-79,11.451,14.094,19653,26.5,0.2,121.91240452690671,0,0.8696
Hubble,ISS,5.937,2.011,139,23.2,0.2,11.592126202587997,0,0.9408
Tiangong,Iridium-33 Debris,10.462,10.806,391,44.9,0.9,26.320096614012797,0,0.9779
Envisat,GPS-79,13.305,5.773,19418,43.5,0.2,55.99405207477715,0,0.99
ISS,Starlink-1001,21.948,2.614,142,1.4,0.2,2.849682597736513,0,0.99
Tiangong,Cosmos-1408 Debris,6.988,11.87,26,41.1,0.9,6.701741979536661,0,0.8498
DEBRIS_A,ISS,0.47,2.568,2,0.0,0.8,66.44146815364985,0,0.7436
Envisat,Tiangong,5.267,13.308,393,57.1,0.2,50.81400451566022,0,0.2771
ISS,Starlink-1001,38.753,8.628,142,1.4,0.2,11.791937452212673,0,0.99
Envisat,DEBRIS_B,9.831,13.877,234,70.1,0.8,120.93588317601503,0,0.9132
ISS,Starlink-1001,12.127,9.516,142,1.4,0.2,73.82753850205516,0,0.9736
Envisat,DEBRIS_B,24.762,12.55,234,70.1,0.8,97.13060922606836,0,0.99
GPS-79,ISS,5.948,14.782,19792,3.4,0.2,61.91540724299822,0,0.2572
Cosmos-1408 Debris,Tiangong,2.089,10.442,26,41.1,0.9,154.1416443539113,0,0.4285
GPS-79,Envisat,30.391,1.655,19418,43.5,0.2,0.34066763283640483,0,0.99
Iridium-33 Debris,DEBRIS_A,5.887,2.823,370,34.8,0.9,150.51605908460604,0,0.9801
Cosmos-1408 Debris,Iridium-33 Debris,2.704,7.911,365,3.8,0.9,45.30034541930744,0,0.6854
Tiangong,Cosmos-1408 Debris,8.596,12.803,26,41.1,0.9,105.10418873270795,0,0.9053
GPS-79,Starlink-1001,7.23,14.813,19650,2.0,0.2,118.47306946952258,0,0.3944
Cosmos-1408 Debris,DEBRIS_A,14.951,3.248,5,30.9,0.9,31.64447088821841,0,0.99
Cosmos-1408 Debris,Starlink-1001,6.541,3.286,135,29.6,0.9,96.10689809463008,0,0.9835
Starlink-1001,Tiangong,35.044,7.301,161,11.5,0.2,96.46541959749239,0,0.99
Iridium-33 Debris,Starlink-1001,13.976,7.389,230,33.4,0.9,16.214319475277364,0,0.99
Tiangong,Iridium-33 Debris,25.945,9.762,391,44.9,0.9,48.784002230855805,0,0.99
Cosmos-1408 Debris,DEBRIS_B,3.644,2.717,133,54.1,0.9,42.64226607665005,0,0.9431
Cosmos-1408 Debris,GPS-79,10.744,8.522,19785,27.6,0.9,1.0962341036628827,0,0.99
ISS,Iridium-33 Debris,14.491,11.256,372,34.8,0.9,87.8623379325959,0,0.99
Envisat,ISS,18.176,11.8,374,46.9,0.2,86.18459355946388,0,0.99
Iridium-33 Debris,DEBRIS_A,1.315,13.286,370,34.8,0.9,45.24408720444035,0,0.1783
DEBRIS_A,Iridium-33 Debris,3.263,2.337,370,34.8,0.9,9.871405604875195,0,0.9388
Starlink-1001,Hubble,12.898,11.117,3,24.5,0.2,12.902637653735956,0,0.9711
ISS,Envisat,5.871,13.909,374,46.9,0.2,76.55467334438137,0,0.3021
Iridium-33 Debris,Envisat,14.772,13.826,2,12.1,0.9,30.87495574162689,0,0.99
Hubble,Envisat,12.946,0.884,235,70.1,0.2,42.967187216656384,0,0.99
Hubble,Starlink-1001,26.851,8.111,3,24.5,0.2,86.88054643771558,0,0.99
Tiangong,DEBRIS_A,31.164,13.166,21,10.2,0.8,135.49735956775498,0,0.99
Cosmos-1408 Debris,DEBRIS_B,34.444,7.837,133,54.1,0.9,85.03511942296677,0,0.99
Cosmos-1408 Debris,Envisat,3.64,7.958,367,16.0,0.9,40.51099625859893,0,0.7743
GPS-79,DEBRIS_B,1.437,14.561,19652,26.5,0.8,164.43177486394035,0,0.1141
Starlink-1001,Iridium-33 Debris,18.24,2.763,230,33.4,0.9,61.10201289203287,0,0.99
Tiangong,Starlink-1001,0.653,14.542,161,11.5,0.2,118.61424002448142,0,0.0257
Hubble,Iridium-33 Debris,18.058,12.439,233,57.9,0.9,132.9997349633443,0,0.99
Iridium-33 Debris,GPS-79,35.445,5.657,19420,31.4,0.9,98.30664089563821,0,0.99
Iridium-33 Debris,Envisat,1.577,11.852,2,12.1,0.9,115.08681925880605,0,0.2754
ISS,Envisat,35.761,4.297,374,46.9,0.2,151.02179091326863,0,0.99
Iridium-33 Debris,Starlink-1001,5.564,11.138,230,33.4,0.9,4.249544299326347,0,0.7756
Cosmos-1408 Debris,Hubble,5.145,6.869,132,54.1,0.9,116.66406497513613,0,0.9098
DEBRIS_B,Iridium-33 Debris,6.42,1.61,232,57.9,0.9,65.02097908705645,0,0.9893
Cosmos-1408 Debris,GPS-79,3.607,10.037,19785,27.6,0.9,112.64673905298824,0,0.6439
Iridium-33 Debris,GPS-79,16.561,14.082,19420,31.4,0.9,165.93749436223024,0,0.99
DEBRIS_A,GPS-79,4.395,3.528,19790,3.4,0.8,102.74617386714631,0,0.9393
Tiangong,Starlink-1001,6.743,14.037,161,11.5,0.2,144.92873362121497,0,0.3918
DEBRIS_B,Cosmos-1408 Debris,1.252,12.328,133,54.1,0.9,95.97230515084709,0,0.2188
ISS,DEBRIS_B,32.733,11.511,140,23.2,0.8,33.16642298781728,0,0.99
GPS-79,Cosmos-1408 Debris,4.666,1.042,19785,27.6,0.9,133.65621587801695,0,0.9786
DEBRIS_A,Iridium-33 Debris,3.245,6.766,370,34.8,0.9,104.97631030374478,0,0.801
DEBRIS_A,ISS,21.865,9.303,2,0.0,0.8,137.78876567133196,0,0.99
DEBRIS_B,Hubble,11.143,4.165,1,0.0,0.8,143.56930978913286,0,0.99
Cosmos-1408 Debris,ISS,20.202,9.961,7,30.9,0.9,138.99980072299857,0,0.99
DEBRIS_B,Starlink-1001,1.716,7.641,2,24.5,0.8,88.60173967687524,0,0.5414
ISS,Tiangong,28.53,4.49,19,10.2,0.2,1.3661494670161778,0,0.99
DEBRIS_A,Cosmos-1408 Debris,9.56,8.27,5,30.9,0.9,15.699867937257183,0,0.9837
ISS,Iridium-33 Debris,6.405,0.188,372,34.8,0.9,5.981814528729566,0,0.99
DEBRIS_A,GPS-79,23.916,9.179,19790,3.4,0.8,19.551681258932064,0,0.99
Iridium-33 Debris,ISS,21.228,2.933,372,34.8,0.9,55.942882570082936,0,0.99
DEBRIS_A,Hubble,5.893,7.793,137,23.2,0.8,74.78683235069731,0,0.901
Iridium-33 Debris,DEBRIS_B,31.87,9.652,232,57.9,0.9,63.95978635279762,0,0.99
Tiangong,Starlink-1001,4.337,4.345,161,11.5,0.2,108.7664136816954,0,0.7799
GPS-79,Hubble,69.208,8.407,19653,26.5,0.2,6.009240859335851,0,0.99
Envisat,Iridium-33 Debris,47.485,11.24,2,12.1,0.9,142.8349579466212,0,0.99
DEBRIS_B,DEBRIS_A,4.051,2.236,138,23.2,0.8,62.88960653266415,0,0.9505
Hubble,Tiangong,35.224,8.572,158,13.0,0.2,131.11879177626386,0,0.99
Starlink-1001,Hubble,46.91,6.42,3,24.5,0.2,48.773453115425234,0,0.99
Cosmos-1408 Debris,GPS-79,14.965,2.157,19785,27.6,0.9,6.591582539302981,0,0.99
ISS,Iridium-33 Debris,6.533,0.192,372,34.8,0.9,83.04046186572057,0,0.99
ISS,Envisat,11.77,4.207,374,46.9,0.2,37.245414915415765,0,0.99
Iridium-33 Debris,Tiangong,6.024,8.497,391,44.9,0.9,143.21361096732156,0,0.9057
Cosmos-1408 Debris,Hubble,18.005,12.041,132,54.1,0.9,121.15563472553936,0,0.99
Starlink-1001,ISS,5.442,0.548,142,1.4,0.2,6.190276104449432,0,0.9506
Iridium-33 Debris,ISS,6.097,12.49,372,34.8,0.9,103.37276587328203,0,0.7506
DEBRIS_A,GPS-79,14.804,2.375,19790,3.4,0.8,29.055041114696575,0,0.99
Envisat,Cosmos-1408 Debris,7.432,6.069,367,16.0,0.9,111.88318949610648,0,0.9758
Cosmos-1408 Debris,GPS-79,3.292,10.236,19785,27.6,0.9,37.28178079764452,0,0.5927
Iridium-33 Debris,Cosmos-1408 Debris,9.652,1.133,365,3.8,0.9,8.943822926895201,0,0.99
Hubble,ISS,23.446,8.542,139,23.2,0.2,121.65420600657349,0,0.99
DEBRIS_A,Starlink-1001,8.966,1.923,140,1.4,0.8,63.473399290852676,0,0.99
DEBRIS_B,Cosmos-1408 Debris,8.799,3.659,133,54.1,0.9,44.222436358474894,0,0.99
Cosmos-1408 Debris,DEBRIS_B,44.793,9.089,133,54.1,0.9,151.73930663086503,0,0.99
Cosmos-1408 Debris,Starlink-1001,7.769,11.664,135,29.6,0.9,160.18039051299655,0,0.8989
Iridium-33 Debris,DEBRIS_B,17.99,7.424,232,57.9,0.9,148.76551846496213,0,0.99
Iridium-33 Debris,ISS,0.35,14.544,372,34.8,0.9,136.07911823998884,0,0.0841
DEBRIS_A,Iridium-33 Debris,34.346,2.741,370,34.8,0.9,49.18513252572394,0,0.99
Iridium-33 Debris,Starlink-1001,6.985,1.295,230,33.4,0.9,60.82353713581035,0,0.99
Hubble,Iridium-33 Debris,4.511,7.353,233,57.9,0.9,77.49850618581466,0,0.8641
ISS,Hubble,32.206,8.46,139,23.2,0.2,102.3804622478446,0,0.99
Hubble,DEBRIS_B,11.89,1.025,1,0.0,0.8,15.187144432207864,0,0.99
Cosmos-1408 Debris,Tiangong,42.093,9.802,26,41.1,0.9,69.52478855944105,0,0.99
GPS-79,Tiangong,7.295,0.153,19811,13.5,0.2,103.09426930941484,0,0.982
Hubble,DEBRIS_B,6.514,7.415,1,0.0,0.8,32.06013914169664,0,0.9329
DEBRIS_B,Starlink-1001,0.266,10.829,2,24.5,0.8,103.84600865860425,0,0.1801
Hubble,DEBRIS_A,8.691,10.49,137,23.2,0.8,106.54413527715023,0,0.9426
DEBRIS_A,ISS,9.506,13.234,2,0.0,0.8,137.54754736683776,0,0.9155
Hubble,Cosmos-1408 Debris,2.258,1.221,132,54.1,0.9,7.636306594899811,0,0.9284
Hubble,Envisat,25.95,1.808,235,70.1,0.2,140.39623767666012,0,0.99
Tiangong,Hubble,2.268,4.089,158,13.0,0.2,8.99127889577739,0,0.5763
Tiangong,GPS-79,22.669,3.604,19811,13.5,0.2,126.63311375011389,0,0.99
GPS-79,ISS,7.161,9.616,19792,3.4,0.2,27.14435449786379,0,0.7495
ISS,Cosmos-1408 Debris,10.348,1.064,7,30.9,0.9,24.327533842019417,0,0.99
GPS-79,ISS,2.282,5.87,19792,3.4,0.2,75.14719810271988,0,0.4452
Iridium-33 Debris,GPS-79,0.342,2.3,19420,31.4,0.9,4.5222680235818835,0,0.7827
DEBRIS_B,Cosmos-1408 Debris,64.108,3.89,133,54.1,0.9,135.46872851547806,0,0.99
Iridium-33 Debris,GPS-79,5.755,11.734,19420,31.4,0.9,115.31227140920494,0,0.7609
Starlink-1001,Hubble,1.562,4.846,3,24.5,0.2,88.6716025849651,0,0.4322
GPS-79,ISS,6.684,2.176,19792,3.4,0.2,22.738654028826343,0,0.9565
ISS,Cosmos-1408 Debris,22.615,4.952,7,30.9,0.9,79.85531349919502,0,0.99
Envisat,GPS-79,6.061,11.231,19418,43.5,0.2,103.5756880835113,0,0.5152
Iridium-33 Debris,DEBRIS_B,8.395,12.156,232,57.9,0.9,14.98202367065025,0,0.913
ISS,Tiangong,24.845,8.846,19,10.2,0.2,106.70206801071032,0,0.99
Iridium-33 Debris,GPS-79,13.09,7.966,19420,31.4,0.9,80.828467322927,0,0.99
Hubble,ISS,42.51,11.116,139,23.2,0.2,90.95117967265196,0,0.99
DEBRIS_B,Hubble,27.347,2.859,1,0.0,0.8,93.25800376339298,0,0.99
GPS-79,Tiangong,4.021,9.545,19811,13.5,0.2,108.10570356074868,0,0.3886
Starlink-1001,DEBRIS_B,4.243,9.067,2,24.5,0.8,22.06117081100433,0,0.7313
Tiangong,Hubble,6.128,5.592,158,13.0,0.2,113.6179696023732,0,0.8565
ISS,DEBRIS_B,0.628,12.457,140,23.2,0.8,90.93331594553318,0,0.1391
Envisat,DEBRIS_B,2.449,13.192,234,70.1,0.8,6.928831884342294,0,0.2436
DEBRIS_A,Iridium-33 Debris,14.103,1.958,370,34.8,0.9,13.274879911826789,0,0.99
Cosmos-1408 Debris,Envisat,28.77,11.019,367,16.0,0.9,103.3806938301616,0,0.99
DEBRIS_A,DEBRIS_B,23.759,3.517,138,23.2,0.8,26.76884905464043,0,0.99
Hubble,GPS-79,25.226,12.745,19653,26.5,0.2,28.51134963342059,0,0.99
DEBRIS_B,Hubble,9.105,14.795,1,0.0,0.8,97.46417418280426,0,0.8473
Envisat,Cosmos-1408 Debris,14.07,12.474,367,16.0,0.9,39.85901719314967,0,0.99
Hubble,ISS,68.668,7.314,139,23.2,0.2,78.69090418018803,0,0.99
Tiangong,Hubble,10.708,2.04,158,13.0,0.2,76.02238274766326,0,0.99
Cosmos-1408 Debris,ISS,6.726,2.241,7,30.9,0.9,7.817069668165423,0,0.9889
Hubble,DEBRIS_A,18.537,1.015,137,23.2,0.8,154.3891433682525,0,0.99
Cosmos-1408 Debris,Iridium-33 Debris,2.039,7.642,365,3.8,0.9,88.94648465045572,0,0.6288
GPS-79,DEBRIS_B,1.84,8.597,19652,26.5,0.8,95.52784253096655,0,0.4853
Cosmos-1408 Debris,Tiangong,4.372,5.331,26,41.1,0.9,148.70562364280167,0,0.9158
Hubble,Starlink-1001,0.924,0.364,3,24.5,0.2,147.535797641544,0,0.6798
Iridium-33 Debris,Envisat,31.159,11.794,2,12.1,0.9,18.923881555983137,0,0.99
ISS,Starlink-1001,13.833,2.988,142,1.4,0.2,33.106888055011126,0,0.99
DEBRIS_B,ISS,5.933,3.719,140,23.2,0.8,102.32878518824823,0,0.9693
ISS,Hubble,15.398,2.723,139,23.2,0.2,26.74618540496469,0,0.99
GPS-79,Cosmos-1408 Debris,9.0,5.071,19785,27.6,0.9,51.07528740592281,0,0.99
Iridium-33 Debris,Envisat,43.686,10.931,2,12.1,0.9,121.69415763064984,0,0.99
Starlink-1001,Cosmos-1408 Debris,14.201,1.885,135,29.6,0.9,27.52183259103241,0,0.99
ISS,GPS-79,0.307,11.547,19792,3.4,0.2,67.42954873988113,0,0.0516
Envisat,Cosmos-1408 Debris,18.952,12.527,367,16.0,0.9,2.3050934458978727,0,0.99
GPS-79,Cosmos-1408 Debris,0.267,3.616,19785,27.6,0.9,47.91657496430132,0,0.7003
GPS-79,DEBRIS_A,9.442,5.943,19790,3.4,0.8,121.63794733304103,0,0.9894
DEBRIS_B,Starlink-1001,4.418,8.34,2,24.5,0.8,29.612204436968664,0,0.787
Cosmos-1408 Debris,Hubble,2.262,2.504,132,54.1,0.9,112.82654971011553,0,0.8984
Cosmos-1408 Debris,Starlink-1001,0.429,6.803,135,29.6,0.9,109.46528365018173,0,0.4933
Envisat,Tiangong,1.827,10.743,393,57.1,0.2,36.66234365438009,0,0.1291
GPS-79,Tiangong,37.863,6.518,19811,13.5,0.2,34.26682738071827,0,0.99
Hubble,DEBRIS_B,12.764,14.953,1,0.0,0.8,144.329148118852,0,0.9706
DEBRIS_A,Starlink-1001,14.876,3.493,140,1.4,0.8,78.76387463144297,0,0.99
Iridium-33 Debris,Hubble,42.64,9.607,233,57.9,0.9,143.5229909337264,0,0.99
Tiangong,Envisat,7.82,0.768,393,57.1,0.2,160.86283256653277,0,0.9834
Iridium-33 Debris,ISS,4.561,7.418,372,34.8,0.9,70.48988247740677,0,0.8647
DEBRIS_A,Iridium-33 Debris,11.211,11.734,370,34.8,0.9,129.20052797432282,0,0.9799
Cosmos-1408 Debris,Iridium-33 Debris,1.662,13.094,365,3.8,0.9,86.84729724514577,0,0.2146
ISS,Tiangong,9.655,13.974,19,10.2,0.2,66.39380386054704,0,0.738
Cosmos-1408 Debris,Tiangong,14.117,13.82,26,41.1,0.9,17.958537935261113,0,0.99
ISS,DEBRIS_B,0.848,14.12,140,23.2,0.8,94.24943437500512,0,0.0987
Iridium-33 Debris,GPS-79,10.083,2.095,19420,31.4,0.9,137.73410102151695,0,0.99
Envisat,DEBRIS_A,9.416,14.47,372,46.9,0.8,147.6894680780595,0,0.8773
Envisat,DEBRIS_B,24.566,14.867,234,70.1,0.8,22.725517525182333,0,0.99
Tiangong,Hubble,21.112,4.916,158,13.0,0.2,157.62095122827307,0,0.99
Tiangong,DEBRIS_A,10.152,7.083,21,10.2,0.8,13.153460030586507,0,0.9896
Cosmos-1408 Debris,ISS,19.854,8.132,7,30.9,0.9,33.442082044159406,0,0.99
Iridium-33 Debris,Envisat,2.184,7.459,2,12.1,0.9,25.728513042503955,0,0.658
Tiangong,Starlink-1001,6.872,10.606,161,11.5,0.2,124.58975185380822,0,0.658
Tiangong,Cosmos-1408 Debris,15.564,6.096,26,41.1,0.9,79.33353955465925,0,0.99
Hubble,Cosmos-1408 Debris,7.623,7.47,132,54.1,0.9,105.78707446864965,0,0.9668
DEBRIS_B,Envisat,33.013,5.014,234,70.1,0.8,10.51837173748916,0,0.99
GPS-79,Cosmos-1408 Debris,32.697,6.85,19785,27.6,0.9,129.65847977509114,0,0.99
Iridium-33 Debris,Tiangong,9.389,10.546,391,44.9,0.9,123.84664958220043,0,0.9655
Iridium-33 Debris,Envisat,37.154,1.365,2,12.1,0.9,56.04145180778291,0,0.99
ISS,Hubble,1.689,12.608,139,23.2,0.2,125.20926597979835,0,0.0732
Cosmos-1408 Debris,DEBRIS_B,30.509,14.969,133,54.1,0.9,98.35224945758361,0,0.99
Starlink-1001,GPS-79,17.98,6.31,19650,2.0,0.2,120.37680802087264,0,0.99
GPS-79,Envisat,0.873,10.197,19418,43.5,0.2,55.20507391526598,0,0.0977
Starlink-1001,Envisat,7.396,12.093,232,45.5,0.2,164.81029455781533,0,0.6154
Hubble,Starlink-1001,4.832,0.341,3,24.5,0.2,12.934949102752427,0,0.9378
DEBRIS_B,GPS-79,10.572,11.283,19652,26.5,0.8,32.538301403621965,0,0.9707
DEBRIS_B,Cosmos-1408 Debris,6.769,12.888,133,54.1,0.9,138.56408835159175,0,0.7889
DEBRIS_A,Envisat,7.827,7.808,372,46.9,0.8,32.80760499724822,0,0.9597
DEBRIS_B,GPS-79,8.586,2.315,19652,26.5,0.8,7.141033425109624,0,0.99
ISS,Envisat,26.957,7.495,374,46.9,0.2,104.40984881989974,0,0.99
Envisat,Iridium-33 Debris,8.499,2.58,2,12.1,0.9,53.64762762101424,0,0.99
Iridium-33 Debris,Cosmos-1408 Debris,8.225,11.31,365,3.8,0.9,124.5877679482328,0,0.9255
Tiangong,DEBRIS_B,7.117,8.889,159,13.0,0.8,23.833903243758794,0,0.9236
DEBRIS_B,Hubble,23.729,11.006,1,0.0,0.8,13.033714465016486,0,0.99
DEBRIS_A,Iridium-33 Debris,1.797,1.079,370,34.8,0.9,126.96653509695192,0,0.9149
Tiangong,GPS-79,9.511,9.522,19811,13.5,0.2,72.46079060835282,0,0.9088
ISS,Envisat,16.133,5.388,374,46.9,0.2,32.42360802686002,0,0.99
GPS-79,Starlink-1001,16.552,12.013,19650,2.0,0.2,38.30766489070548,0,0.99
Envisat,ISS,13.009,5.818,374,46.9,0.2,15.81297876578053,0,0.99
GPS-79,Cosmos-1408 Debris,23.034,3.5,19785,27.6,0.9,32.42659589582155,0,0.99
Iridium-33 Debris,Starlink-1001,0.217,13.227,230,33.4,0.9,59.470531698862544,0,0.1131
Tiangong,Cosmos-1408 Debris,1.556,8.454,26,41.1,0.9,20.228837711350316,0,0.5104
DEBRIS_B,Tiangong,1.562,2.257,159,13.0,0.8,51.55425309374066,0,0.8461
Tiangong,Hubble,42.06,8.273,158,13.0,0.2,132.3771922963449,0,0.99
Iridium-33 Debris,DEBRIS_A,10.775,11.616,370,34.8,0.9,36.8834204585782,0,0.9759
ISS,Cosmos-1408 Debris,2.211,7.714,7,30.9,0.9,9.643763519437718,0,0.6437
DEBRIS_B,Tiangong,26.461,2.061,159,13.0,0.8,154.86984331693915,0,0.99
Cosmos-1408 Debris,GPS-79,0.213,9.486,19785,27.6,0.9,92.70230495860666,0,0.281
Iridium-33 Debris,Tiangong,11.473,13.336,391,44.9,0.9,86.52560053516025,0,0.9717
DEBRIS_B,GPS-79,3.601,14.026,19652,26.5,0.8,133.84921664607748,0,0.3085
GPS-79,Envisat,17.687,11.718,19418,43.5,0.2,40.234134854852456,0,0.99
Iridium-33 Debris,DEBRIS_A,22.651,7.564,370,34.8,0.9,61.187512054061905,0,0.99
Envisat,Cosmos-1408 Debris,20.844,10.564,367,16.0,0.9,136.29533340200976,0,0.99
Cosmos-1408 Debris,Starlink-1001,16.766,6.6,135,29.6,0.9,43.12498182322893,0,0.99
Cosmos-1408 Debris,ISS,10.515,2.421,7,30.9,0.9,21.60438165856123,0,0.99
Starlink-1001,Hubble,1.81,11.327,3,24.5,0.2,120.2807542165428,0,0.1098
DEBRIS_B,GPS-79,9.626,4.657,19652,26.5,0.8,156.46621790243344,0,0.99
Tiangong,Starlink-1001,48.845,8.062,161,11.5,0.2,63.625569987675036,0,0.99
DEBRIS_B,ISS,47.08,3.436,140,23.2,0.8,76.95611878347125,0,0.99
Envisat,DEBRIS_A,7.04,9.846,372,46.9,0.8,27.562688977762615,0,0.8972
DEBRIS_B,Starlink-1001,1.289,12.869,2,24.5,0.8,99.57058366825315,0,0.1658
Hubble,Tiangong,2.809,3.243,158,13.0,0.2,128.36813353907212,0,0.6967
Envisat,DEBRIS_A,7.049,2.083,372,46.9,0.8,158.05137480474014,0,0.989
DEBRIS_A,GPS-79,6.921,9.141,19790,3.4,0.8,76.11683444696422,0,0.9104
Hubble,Iridium-33 Debris,2.317,5.002,233,57.9,0.9,74.31643545546815,0,0.8112
DEBRIS_B,DEBRIS_A,20.887,1.284,138,23.2,0.8,159.64717539428435,0,0.99
Envisat,Cosmos-1408 Debris,4.618,4.803,367,16.0,0.9,154.6231680156798,0,0.9351
DEBRIS_B,Hubble,27.807,6.6,1,0.0,0.8,72.85812689884145,0,0.99
Tiangong,DEBRIS_B,9.484,7.076,159,13.0,0.8,118.09078007890122,0,0.9855
Envisat,Tiangong,5.474,11.632,393,57.1,0.2,76.28444936611488,0,0.4127
Envisat,Tiangong,7.646,10.027,393,57.1,0.2,162.5704961082445,0,0.7711
Starlink-1001,GPS-79,7.784,14.725,19650,2.0,0.2,26.635305490453113,0,0.4686
GPS-79,Envisat,18.95,5.99,19418,43.5,0.2,39.15246526802994,0,0.99
Starlink-1001,Iridium-33 Debris,25.194,9.9,230,33.4,0.9,136.94305080371853,0,0.99
Cosmos-1408 Debris,DEBRIS_A,7.776,14.014,5,30.9,0.9,32.847129486679,0,0.8151
ISS,Iridium-33 Debris,4.0,8.264,372,34.8,0.9,118.86321864817833,0,0.7893
Cosmos-1408 Debris,DEBRIS_B,4.215,10.987,133,54.1,0.9,15.032227594443095,0,0.6482
DEBRIS_B,Envisat,17.171,14.022,234,70.1,0.8,131.09616712225025,0,0.99
Starlink-1001,DEBRIS_A,20.772,11.387,140,1.4,0.8,109.61386933417805,0,0.99
DEBRIS_B,Hubble,2.619,10.561,1,0.0,0.8,116.3296799131524,0,0.4357
Cosmos-1408 Debris,Envisat,26.497,11.439,367,16.0,0.9,31.380931561460592,0,0.99
Iridium-33 Debris,Starlink-1001,78.402,4.554,230,33.4,0.9,123.69890864309929,0,0.99
Envisat,GPS-79,6.099,8.247,19418,43.5,0.2,17.29516337298947,0,0.7261
Starlink-1001,Tiangong,20.78,10.089,161,11.5,0.2,46.575861235802215,0,0.99
GPS-79,ISS,17.733,0.766,19792,3.4,0.2,81.43024215997626,0,0.99
Iridium-33 Debris,Starlink-1001,6.784,1.596,230,33.4,0.9,142.58141027330115,0,0.99
Envisat,Tiangong,16.077,7.724,393,57.1,0.2,4.9001283488781535,0,0.99
GPS-79,Iridium-33 Debris,2.295,10.405,19420,31.4,0.9,56.501183184653875,0,0.4565
Starlink-1001,DEBRIS_B,13.698,14.421,2,24.5,0.8,32.26879205201463,0,0.9841
Iridium-33 Debris,Envisat,12.753,2.538,2,12.1,0.9,130.53518904118317,0,0.99
Envisat,DEBRIS_B,50.726,14.211,234,70.1,0.8,114.89908598621754,0,0.99
Starlink-1001,DEBRIS_A,19.33,2.212,140,1.4,0.8,78.63224832011959,0,0.99
DEBRIS_B,ISS,7.608,12.942,140,23.2,0.8,55.650018038117096,0,0.8207
Hubble,Envisat,6.141,11.566,235,70.1,0.2,44.624937557580765,0,0.5002
Cosmos-1408 Debris,Envisat,24.999,1.254,367,16.0,0.9,119.86000118797746,0,0.99
DEBRIS_A,Cosmos-1408 Debris,8.805,11.72,5,30.9,0.9,125.8089289905052,0,0.9362
DEBRIS_A,Cosmos-1408 Debris,4.212,0.142,5,30.9,0.9,153.21811231541795,0,0.9794
Hubble,Envisat,1.066,9.65,235,70.1,0.2,130.60690417240784,0,0.1233
DEBRIS_A,Hubble,34.516,0.158,137,23.2,0.8,61.25386124444884,0,0.99
Iridium-33 Debris,DEBRIS_B,2.152,11.6,232,57.9,0.9,36.604286471457606,0,0.3535
GPS-79,Cosmos-1408 Debris,0.478,4.798,19785,27.6,0.9,45.004085076989625,0,0.6456
Starlink-1001,Cosmos-1408 Debris,27.834,8.963,135,29.6,0.9,131.81108029139835,0,0.99
ISS,Starlink-1001,30.136,1.43,142,1.4,0.2,138.24293214308165,0,0.99
Envisat,DEBRIS_B,25.584,11.628,234,70.1,0.8,39.60649420224299,0,0.99
GPS-79,Tiangong,1.831,8.753,19811,13.5,0.2,116.27528536311216,0,0.2124
ISS,Tiangong,8.231,3.875,19,10.2,0.2,137.48204049052868,0,0.9662
ISS,DEBRIS_B,48.171,3.858,140,23.2,0.8,12.025543778415093,0,0.99
Envisat,Starlink-1001,2.28,14.534,232,45.5,0.2,84.84560258113147,0,0.0563
DEBRIS_A,Tiangong,31.515,9.675,21,10.2,0.8,149.53222142113228,0,0.99
Starlink-1001,DEBRIS_B,7.6,14.222,2,24.5,0.8,42.016250574119034,0,0.7565
Cosmos-1408 Debris,DEBRIS_A,12.318,13.52,5,30.9,0.9,5.310110364296339,0,0.9802
Cosmos-1408 Debris,Iridium-33 Debris,22.9,2.493,365,3.8,0.9,163.98638057281894,0,0.99
ISS,Hubble,50.859,10.983,139,23.2,0.2,50.550424718957004,0,0.99
Iridium-33 Debris,GPS-79,6.388,10.515,19420,31.4,0.9,15.228340664522634,0,0.8629
Tiangong,ISS,0.076,6.187,19,10.2,0.2,105.84509660005716,1,0.195
Hubble,ISS,4.677,6.214,139,23.2,0.2,10.872105020228208,0,0.7056
Iridium-33 Debris,Cosmos-1408 Debris,8.479,11.444,365,3.8,0.9,138.01341989623685,0,0.9313
DEBRIS_B,Cosmos-1408 Debris,44.517,3.282,133,54.1,0.9,137.09380599258984,0,0.99
Iridium-33 Debris,Cosmos-1408 Debris,17.564,8.192,365,3.8,0.9,95.1128900395244,0,0.99
ISS,Cosmos-1408 Debris,12.819,11.166,7,30.9,0.9,96.45543713241231,0,0.99
Tiangong,GPS-79,38.234,7.543,19811,13.5,0.2,119.136927003215,0,0.99
DEBRIS_B,Iridium-33 Debris,36.564,1.808,232,57.9,0.9,76.72712358415441,0,0.99
DEBRIS_A,Starlink-1001,2.622,3.654,140,1.4,0.8,77.67345752692448,0,0.8599
Tiangong,Envisat,15.185,2.202,393,57.1,0.2,109.17844514653368,0,0.99
ISS,Cosmos-1408 Debris,11.53,7.275,7,30.9,0.9,84.3013623405051,0,0.99
GPS-79,Iridium-33 Debris,0.009,12.994,19420,31.4,0.9,138.18505417094985,1,0.1097
DEBRIS_A,Tiangong,3.766,14.485,21,10.2,0.8,21.022300478249637,0,0.2968
GPS-79,Hubble,0.927,3.489,19653,26.5,0.2,43.649901197636225,0,0.4543
DEBRIS_B,Envisat,1.242,11.425,234,70.1,0.8,74.78242219505069,0,0.2304
Tiangong,Starlink-1001,15.491,4.289,161,11.5,0.2,165.59247475699746,0,0.99
Cosmos-1408 Debris,Envisat,13.209,14.023,367,16.0,0.9,58.16421289961554,0,0.9852
Envisat,GPS-79,43.49,6.808,19418,43.5,0.2,125.92753495685989,0,0.99
GPS-79,Hubble,44.425,11.625,19653,26.5,0.2,161.66491165355762,0,0.99
Hubble,Starlink-1001,45.476,0.214,3,24.5,0.2,124.52824036430074,0,0.99
Envisat,DEBRIS_A,3.826,0.999,372,46.9,0.8,15.869144018519894,0,0.9613
DEBRIS_A,ISS,3.137,6.217,2,0.0,0.8,19.945244485466056,0,0.7865
Cosmos-1408 Debris,Iridium-33 Debris,41.515,1.707,365,3.8,0.9,16.765779069013828,0,0.99
DEBRIS_A,Iridium-33 Debris,1.679,13.44,370,34.8,0.9,133.15868942543497,0,0.199
GPS-79,Cosmos-1408 Debris,5.517,4.359,19785,27.6,0.9,51.240323105010106,0,0.9627
ISS,DEBRIS_A,13.635,5.194,2,0.0,0.8,77.2687996907881,0,0.99
DEBRIS_A,ISS,7.261,8.137,2,0.0,0.8,63.91979718438349,0,0.9421
Cosmos-1408 Debris,GPS-79,0.693,1.248,19785,27.6,0.9,132.53103752431343,0,0.8547
Hubble,Cosmos-1408 Debris,61.368,4.515,132,54.1,0.9,40.447335343726174,0,0.99
DEBRIS_A,DEBRIS_B,0.785,13.691,138,23.2,0.8,148.3901533945543,0,0.1077
Iridium-33 Debris,GPS-79,10.188,14.084,19420,31.4,0.9,92.33506476090537,0,0.9352
DEBRIS_A,Envisat,4.642,4.518,372,46.9,0.8,33.276600914817244,0,0.9286
Iridium-33 Debris,DEBRIS_B,5.438,2.032,232,57.9,0.9,41.85127092841972,0,0.9803
DEBRIS_B,DEBRIS_A,34.84,3.622,138,23.2,0.8,76.71207877715743,0,0.99
Tiangong,ISS,35.045,14.981,19,10.2,0.2,154.45020780361153,0,0.99
DEBRIS_A,DEBRIS_B,12.372,11.003,138,23.2,0.8,139.68080794783575,0,0.9888
Cosmos-1408 Debris,DEBRIS_A,2.799,0.431,5,30.9,0.9,56.679466257885984,0,0.9556
Starlink-1001,Tiangong,8.222,14.261,161,11.5,0.2,6.046845613857022,0,0.5579
DEBRIS_A,DEBRIS_B,6.645,9.428,138,23.2,0.8,26.758538467631336,0,0.8903
Hubble,Iridium-33 Debris,3.283,14.318,233,57.9,0.9,100.52399180611644,0,0.2986
Hubble,Iridium-33 Debris,55.515,13.071,233,57.9,0.9,64.39686992041037,0,0.99
Cosmos-1408 Debris,Tiangong,45.252,9.966,26,41.1,0.9,86.17723476825076,0,0.99
GPS-79,Starlink-1001,5.778,7.002,19650,2.0,0.2,24.76023072746604,0,0.7664
Starlink-1001,Iridium-33 Debris,17.249,7.904,230,33.4,0.9,116.39304982302976,0,0.99
Envisat,Iridium-33 Debris,3.185,14.6,2,12.1,0.9,48.21105958492989,0,0.2714
Starlink-1001,Cosmos-1408 Debris,0.692,6.177,135,29.6,0.9,70.02874023676684,0,0.5727
Starlink-1001,Iridium-33 Debris,31.078,11.009,230,33.4,0.9,124.66005444777889,0,0.99
GPS-79,DEBRIS_B,4.553,10.428,19652,26.5,0.8,67.24465897035797,0,0.6788
GPS-79,Tiangong,2.626,13.449,19811,13.5,0.2,100.07697554664723,0,0.0893
DEBRIS_A,GPS-79,54.143,0.184,19790,3.4,0.8,165.59332526581474,0,0.99
Envisat,ISS,3.811,14.185,374,46.9,0.2,2.4110920110136567,0,0.1245
Hubble,GPS-79,10.512,12.281,19653,26.5,0.2,63.88691601335634,0,0.8778
Iridium-33 Debris,Cosmos-1408 Debris,3.18,9.787,365,3.8,0.9,33.620902420546,0,0.6116
DEBRIS_B,Tiangong,25.855,12.676,159,13.0,0.8,123.83887412158137,0,0.99
GPS-79,Hubble,7.168,14.376,19653,26.5,0.2,10.81281653404329,0,0.4186
Starlink-1001,DEBRIS_B,10.742,5.834,2,24.5,0.8,35.508482192876436,0,0.99
Hubble,Tiangong,32.15,6.73,158,13.0,0.2,85.33611340416168,0,0.99
Iridium-33 Debris,Envisat,82.476,8.974,2,12.1,0.9,132.04784593708243,0,0.99
Envisat,ISS,4.173,6.966,374,46.9,0.2,80.47707114135946,0,0.5978
Cosmos-1408 Debris,Envisat,0.273,1.499,367,16.0,0.9,24.86031456046214,0,0.8156
Tiangong,Envisat,10.154,7.997,393,57.1,0.2,22.066428957499454,0,0.956
Tiangong,DEBRIS_A,6.907,10.08,21,10.2,0.8,157.64556982299746,0,0.8839
GPS-79,Hubble,10.82,8.759,19653,26.5,0.2,27.45702810290284,0,0.9602
ISS,Starlink-1001,7.268,9.387,142,1.4,0.2,73.9815663893725,0,0.7717
Hubble,Starlink-1001,0.924,10.914,3,24.5,0.2,56.56923821028724,0,0.0822
Iridium-33 Debris,DEBRIS_A,33.049,4.296,370,34.8,0.9,58.55061137943369,0,0.99
DEBRIS_A,Tiangong,11.777,12.035,21,10.2,0.8,122.43202059143567,0,0.9797
DEBRIS_B,GPS-79,4.919,14.581,19652,26.5,0.8,30.11653867972679,0,0.4219
Iridium-33 Debris,Hubble,6.305,7.995,233,57.9,0.9,26.107321393701312,0,0.9279
ISS,Iridium-33 Debris,6.638,0.115,372,34.8,0.9,135.14087256817746,0,0.99
Hubble,Iridium-33 Debris,3.666,0.191,233,57.9,0.9,106.01850299773942,0,0.9728
Envisat,GPS-79,3.723,10.412,19418,43.5,0.2,33.95198101029895,0,0.2969
GPS-79,Starlink-1001,48.259,0.95,19650,2.0,0.2,6.646323587480539,0,0.99
Cosmos-1408 Debris,DEBRIS_B,39.082,8.618,133,54.1,0.9,17.67737851482559,0,0.99
Iridium-33 Debris,ISS,13.63,0.26,372,34.8,0.9,147.81761533815188,0,0.99
Envisat,ISS,20.506,5.136,374,46.9,0.2,59.09317850630601,0,0.99
GPS-79,Cosmos-1408 Debris,10.041,10.87,19785,27.6,0.9,162.92433484901105,0,0.9723
GPS-79,Hubble,16.44,4.159,19653,26.5,0.2,39.4538493344824,0,0.99
GPS-79,ISS,32.793,5.061,19792,3.4,0.2,32.30314569696183,0,0.99
ISS,Hubble,34.06,8.465,139,23.2,0.2,90.40194430584832,0,0.99
Tiangong,ISS,42.026,9.986,19,10.2,0.2,85.08145160083825,0,0.99
Starlink-1001,DEBRIS_A,1.636,4.112,140,1.4,0.8,95.70931499366678,0,0.7658
Hubble,Cosmos-1408 Debris,3.789,2.531,132,54.1,0.9,76.83288050084967,0,0.9496
ISS,Starlink-1001,3.192,13.834,142,1.4,0.2,95.03892659586985,0,0.1039
Starlink-1001,Cosmos-1408 Debris,13.331,2.973,135,29.6,0.9,22.35494001170841,0,0.99
Hubble,Envisat,9.909,10.373,235,70.1,0.2,159.86492828632458,0,0.904
Tiangong,GPS-79,17.625,3.715,19811,13.5,0.2,89.90615311700833,0,0.99
DEBRIS_B,Iridium-33 Debris,7.01,11.71,232,57.9,0.9,82.28145166877057,0,0.8572
Envisat,Tiangong,15.928,2.127,393,57.1,0.2,48.807361311251334,0,0.99
Hubble,DEBRIS_B,27.947,3.982,1,0.0,0.8,103.60345521442112,0,0.99
Tiangong,DEBRIS_B,14.845,14.727,159,13.0,0.8,158.68405562009033,0,0.99
Starlink-1001,Tiangong,16.215,4.066,161,11.5,0.2,21.83685391835417,0,0.99
DEBRIS_A,ISS,7.457,7.018,2,0.0,0.8,12.897068259423596,0,0.9617
DEBRIS_B,ISS,7.707,1.675,140,23.2,0.8,4.17874490082311,0,0.99
Hubble,Cosmos-1408 Debris,10.206,6.606,132,54.1,0.9,45.273672148013546,0,0.99
Starlink-1001,Envisat,10.32,6.612,232,45.5,0.2,66.06661647005497,0,0.9728
Starlink-1001,DEBRIS_B,2.671,6.039,2,24.5,0.8,13.872203153255253,0,0.7548
DEBRIS_B,Hubble,15.148,14.457,1,0.0,0.8,26.656724599742642,0,0.99
Hubble,Envisat,5.796,6.45,235,70.1,0.2,57.48622291029784,0,0.7963
ISS,DEBRIS_B,10.162,3.912,140,23.2,0.8,9.527661230716555,0,0.99
Cosmos-1408 Debris,DEBRIS_A,4.149,8.877,5,30.9,0.9,115.22540002990134,0,0.7706
Cosmos-1408 Debris,Iridium-33 Debris,12.221,9.749,365,3.8,0.9,150.97211599046202,0,0.99
Iridium-33 Debris,GPS-79,20.537,4.494,19420,31.4,0.9,104.63583649902728,0,0.99
Envisat,Hubble,4.081,8.388,235,70.1,0.2,59.57692935061293,0,0.481
DEBRIS_B,Starlink-1001,81.906,13.468,2,24.5,0.8,49.212041995379764,0,0.99
ISS,GPS-79,15.021,0.115,19792,3.4,0.2,79.47449235589077,0,0.99
DEBRIS_B,Tiangong,5.891,13.987,159,13.0,0.8,114.02516104886263,0,0.5864
Iridium-33 Debris,Envisat,0.749,4.434,2,12.1,0.9,67.11548991868656,0,0.6994
Iridium-33 Debris,GPS-79,29.389,10.545,19420,31.4,0.9,7.5138006458596704,0,0.99
Envisat,Cosmos-1408 Debris,13.123,0.913,367,16.0,0.9,14.26833351078639,0,0.99
Tiangong,Cosmos-1408 Debris,19.844,14.01,26,41.1,0.9,35.20306880192862,0,0.99
GPS-79,Envisat,8.353,6.825,19418,43.5,0.2,142.4444598131878,0,0.9262
Iridium-33 Debris,DEBRIS_A,0.976,14.202,370,34.8,0.9,128.58435390832133,0,0.1221
Iridium-33 Debris,Cosmos-1408 Debris,12.862,12.777,365,3.8,0.9,26.140328077513125,0,0.9878
Tiangong,DEBRIS_A,1.994,7.603,21,10.2,0.8,45.7071171599334,0,0.5784
Cosmos-1408 Debris,Iridium-33 Debris,1.376,6.537,365,3.8,0.9,53.97324105952452,0,0.6288
Starlink-1001,Cosmos-1408 Debris,1.349,4.177,135,29.6,0.9,15.614200521905367,0,0.7723
Hubble,GPS-79,19.832,1.041,19653,26.5,0.2,99.7224000419444,0,0.99
Starlink-1001,DEBRIS_A,33.453,1.886,140,1.4,0.8,46.29389203479001,0,0.99
Hubble,Envisat,12.848,14.674,235,70.1,0.2,138.2733587317301,0,0.9185
Starlink-1001,Tiangong,9.34,7.877,161,11.5,0.2,160.07588991618564,0,0.9374
Tiangong,Envisat,10.745,12.591,393,57.1,0.2,165.55207676520428,0,0.8803
ISS,Tiangong,4.685,2.076,19,10.2,0.2,154.59879336593914,0,0.8928
Cosmos-1408 Debris,DEBRIS_A,0.306,3.728,5,30.9,0.9,15.212333200873095,0,0.6973
Iridium-33 Debris,Hubble,19.542,14.229,233,57.9,0.9,71.3923314260874,0,0.99
Starlink-1001,Envisat,0.894,0.195,232,45.5,0.2,26.699918385297526,0,0.6875
Tiangong,Envisat,1.672,7.775,393,57.1,0.2,129.7482973909885,0,0.2504
DEBRIS_B,Cosmos-1408 Debris,2.191,4.865,133,54.1,0.9,57.51941670785268,0,0.8079
Iridium-33 Debris,Cosmos-1408 Debris,5.955,4.866,365,3.8,0.9,54.918397614659945,0,0.965
DEBRIS_A,Iridium-33 Debris,3.987,10.018,370,34.8,0.9,85.70842787689273,0,0.6875
Cosmos-1408 Debris,Tiangong,12.999,3.613,26,41.1,0.9,150.31696917045494,0,0.99
DEBRIS_A,Hubble,0.96,12.885,137,23.2,0.8,52.76983343193665,0,0.1436
GPS-79,Tiangong,8.312,11.187,19811,13.5,0.2,162.26192086375005,0,0.7686
GPS-79,ISS,22.244,13.806,19792,3.4,0.2,71.76690425557504,0,0.99
Envisat,Starlink-1001,16.227,13.235,232,45.5,0.2,11.867379362174137,0,0.9895
GPS-79,DEBRIS_B,5.052,9.034,19652,26.5,0.8,162.182004196952,0,0.8047
Tiangong,Hubble,6.916,8.509,158,13.0,0.2,158.60879041138023,0,0.7868
GPS-79,ISS,43.894,12.979,19792,3.4,0.2,3.849010649913057,0,0.99
DEBRIS_B,DEBRIS_A,2.11,13.247,138,23.2,0.8,139.21378148128042,0,0.211
ISS,DEBRIS_B,18.154,8.547,140,23.2,0.8,98.81550182538962,0,0.99
Iridium-33 Debris,GPS-79,49.479,8.38,19420,31.4,0.9,101.95187607882883,0,0.99
Starlink-1001,GPS-79,26.745,4.724,19650,2.0,0.2,10.695367253772107,0,0.99
Starlink-1001,ISS,31.494,14.988,142,1.4,0.2,142.7674033757628,0,0.99
ISS,Iridium-33 Debris,10.21,13.271,372,34.8,0.9,13.178363243426867,0,0.949
Cosmos-1408 Debris,Starlink-1001,9.21,9.243,135,29.6,0.9,41.83283900811072,0,0.9742
Starlink-1001,Cosmos-1408 Debris,11.184,8.365,135,29.6,0.9,66.64606455503107,0,0.99
Tiangong,Cosmos-1408 Debris,7.277,2.053,26,41.1,0.9,146.28456579218914,0,0.99
Iridium-33 Debris,DEBRIS_B,53.81,7.507,232,57.9,0.9,39.44217824126361,0,0.99
Starlink-1001,Cosmos-1408 Debris,14.053,9.667,135,29.6,0.9,111.79764499374105,0,0.99
Cosmos-1408 Debris,DEBRIS_B,45.886,0.995,133,54.1,0.9,65.80788976782736,0,0.99
Iridium-33 Debris,Starlink-1001,13.671,2.963,230,33.4,0.9,37.15612110049707,0,0.99
GPS-79,ISS,21.074,6.648,19792,3.4,0.2,131.87938958377387,0,0.99
Envisat,GPS-79,26.052,2.785,19418,43.5,0.2,64.99488600207283,0,0.99
DEBRIS_A,DEBRIS_B,1.886,13.172,138,23.2,0.8,140.55893362768796,0,0.1965
Iridium-33 Debris,Hubble,5.184,8.006,233,57.9,0.9,20.49066032294271,0,0.8798
Envisat,DEBRIS_B,6.082,6.658,234,70.1,0.8,103.44050560763219,0,0.9336
DEBRIS_A,ISS,37.932,9.457,2,0.0,0.8,147.6137016498343,0,0.99
Tiangong,ISS,88.967,11.825,19,10.2,0.2,46.0485640636967,0,0.99
Envisat,Cosmos-1408 Debris,24.629,11.447,367,16.0,0.9,124.14605043555481,0,0.99
Starlink-1001,Hubble,13.967,5.566,3,24.5,0.2,37.72346712594675,0,0.99
DEBRIS_B,ISS,27.839,4.47,140,23.2,0.8,110.05026651753792,0,0.99
DEBRIS_B,GPS-79,21.522,5.032,19652,26.5,0.8,84.56414056817619,0,0.99
Starlink-1001,Iridium-33 Debris,6.881,9.285,230,33.4,0.9,69.96987493992503,0,0.9209
Tiangong,Starlink-1001,13.578,9.175,161,11.5,0.2,36.78118536816795,0,0.9883
Cosmos-1408 Debris,GPS-79,21.291,0.603,19785,27.6,0.9,92.64053658742628,0,0.99
Iridium-33 Debris,Envisat,1.173,9.018,2,12.1,0.9,30.095947973684794,0,0.421
Tiangong,Iridium-33 Debris,13.812,13.956,391,44.9,0.9,143.93888957853017,0,0.9892
ISS,Tiangong,5.434,4.923,19,10.2,0.2,166.26943250135707,0,0.8375
Iridium-33 Debris,ISS,1.774,6.301,372,34.8,0.9,132.7454932797396,0,0.6893
Tiangong,GPS-79,12.518,4.578,19811,13.5,0.2,49.65166278862035,0,0.99
Tiangong,Iridium-33 Debris,0.713,5.205,391,44.9,0.9,3.929406229451915,0,0.6445
Starlink-1001,ISS,9.98,11.424,142,1.4,0.2,35.5424259920744,0,0.8769
Iridium-33 Debris,Hubble,6.728,9.928,233,57.9,0.9,55.52843880324077,0,0.8989
ISS,Iridium-33 Debris,44.395,13.377,372,34.8,0.9,54.06906163704818,0,0.99
Cosmos-1408 Debris,Envisat,9.428,12.986,367,16.0,0.9,15.848740439624475,0,0.932
DEBRIS_A,Envisat,26.928,2.571,372,46.9,0.8,9.023816525837953,0,0.99
Iridium-33 Debris,GPS-79,1.433,2.293,19420,31.4,0.9,85.53112120163806,0,0.8616
Iridium-33 Debris,DEBRIS_B,29.963,11.743,232,57.9,0.9,76.92217976744301,0,0.99
DEBRIS_A,Hubble,58.433,1.866,137,23.2,0.8,43.506303601697866,0,0.99
DEBRIS_A,Hubble,8.65,12.119,137,23.2,0.8,98.48422510371245,0,0.908
ISS,Cosmos-1408 Debris,29.272,7.307,7,30.9,0.9,140.65705371948718,0,0.99
DEBRIS_A,Tiangong,7.787,0.477,21,10.2,0.8,101.32629539305172,0,0.99
Tiangong,Iridium-33 Debris,15.746,13.213,391,44.9,0.9,42.84353172811819,0,0.99
ISS,Hubble,29.291,2.511,139,23.2,0.2,116.35596790608325,0,0.99
Starlink-1001,Iridium-33 Debris,2.427,10.025,230,33.4,0.9,153.32851152842875,0,0.5015
DEBRIS_A,Envisat,3.459,6.413,372,46.9,0.8,111.56710341026745,0,0.8031
DEBRIS_A,Envisat,50.174,0.437,372,46.9,0.8,99.15439254333528,0,0.99
Iridium-33 Debris,Cosmos-1408 Debris,45.988,3.793,365,3.8,0.9,41.39107522185293,0,0.99
DEBRIS_A,Iridium-33 Debris,0.699,8.166,370,34.8,0.9,133.4071812027265,0,0.4255
GPS-79,Starlink-1001,5.659,10.71,19650,2.0,0.2,27.239412359123005,0,0.5041
GPS-79,DEBRIS_B,10.321,10.804,19652,26.5,0.8,138.46708239529173,0,0.9712
Tiangong,DEBRIS_A,21.633,1.148,21,10.2,0.8,81.24766693213095,0,0.99
GPS-79,ISS,1.343,2.762,19792,3.4,0.2,67.99476410025763,0,0.5605
Hubble,Starlink-1001,38.509,10.149,3,24.5,0.2,32.95485424705757,0,0.99
Cosmos-1408 Debris,DEBRIS_B,41.253,12.653,133,54.1,0.9,152.69058632440317,0,0.99
Envisat,DEBRIS_B,25.556,1.495,234,70.1,0.8,46.40157503336339,0,0.99
Starlink-1001,Iridium-33 Debris,25.331,10.3,230,33.4,0.9,141.89321527707725,0,0.99
Tiangong,DEBRIS_A,12.169,13.152,21,10.2,0.8,139.61506046585342,0,0.9768
Envisat,Tiangong,0.153,10.465,393,57.1,0.2,104.24888881828346,0,0.0652
DEBRIS_B,GPS-79,20.281,11.322,19652,26.5,0.8,163.34893707255438,0,0.99
Starlink-1001,Envisat,9.243,9.395,232,45.5,0.2,63.35930358032071,0,0.9005
GPS-79,Envisat,7.438,3.749,19418,43.5,0.2,40.92684738085451,0,0.9523
Iridium-33 Debris,DEBRIS_B,11.105,7.684,232,57.9,0.9,53.1862947421154,0,0.99
GPS-79,Hubble,60.759,10.414,19653,26.5,0.2,63.60362583446527,0,0.99
Starlink-1001,Tiangong,23.57,1.362,161,11.5,0.2,100.89686074016927,0,0.99
Tiangong,Starlink-1001,11.706,14.306,161,11.5,0.2,52.44631520716662,0,0.8767
Tiangong,ISS,6.276,14.369,19,10.2,0.2,35.269749700099055,0,0.3159
Tiangong,Iridium-33 Debris,10.466,14.271,391,44.9,0.9,84.89433071587717,0,0.94
Starlink-1001,Hubble,4.525,3.276,3,24.5,0.2,145.74243762970707,0,0.8429
Cosmos-1408 Debris,Iridium-33 Debris,5.604,2.875,365,3.8,0.9,67.81573019400983,0,0.9768
Tiangong,Starlink-1001,6.523,5.033,161,11.5,0.2,59.86240581961828,0,0.8958
Envisat,Hubble,7.188,1.898,235,70.1,0.2,166.3808996221323,0,0.9685
DEBRIS_B,DEBRIS_A,3.02,7.963,138,23.2,0.8,1.5307424423930582,0,0.6728
DEBRIS_B,Hubble,23.769,0.389,1,0.0,0.8,84.97682791798394,0,0.99
DEBRIS_B,DEBRIS_A,5.679,10.842,138,23.2,0.8,131.4592170058797,0,0.7662
Tiangong,Cosmos-1408 Debris,2.173,10.642,26,41.1,0.9,136.71281218287905,0,0.4241
Hubble,Iridium-33 Debris,1.573,3.155,233,57.9,0.9,0.3691049014172829,0,0.8375
DEBRIS_A,Hubble,3.529,13.884,137,23.2,0.8,9.162005005298292,0,0.3099
DEBRIS_B,Tiangong,4.966,8.874,159,13.0,0.8,166.89466478748693,0,0.8055
Cosmos-1408 Debris,DEBRIS_B,7.803,5.084,133,54.1,0.9,57.859901618732664,0,0.9849
DEBRIS_B,Iridium-33 Debris,15.938,9.415,232,57.9,0.9,151.91444729577827,0,0.99
DEBRIS_B,Iridium-33 Debris,52.33,13.788,232,57.9,0.9,64.03087536528116,0,0.99
DEBRIS_A,Hubble,8.882,6.492,137,23.2,0.8,161.17237475486994,0,0.9836
Starlink-1001,DEBRIS_B,12.43,1.135,2,24.5,0.8,100.1406791896313,0,0.99
Envisat,GPS-79,17.547,6.421,19418,43.5,0.2,38.605610422861716,0,0.99
Hubble,DEBRIS_B,32.343,6.073,1,0.0,0.8,139.91990968074722,0,0.99
DEBRIS_A,Hubble,3.766,7.605,137,23.2,0.8,139.53709311648421,0,0.7688
Iridium-33 Debris,Hubble,8.527,1.77,233,57.9,0.9,119.26487462503502,0,0.99
GPS-79,Hubble,8.623,14.37,19653,26.5,0.2,64.7270223043523,0,0.5989
Iridium-33 Debris,ISS,0.586,0.823,372,34.8,0.9,47.76988104519752,0,0.8637
Cosmos-1408 Debris,Tiangong,1.665,5.456,26,41.1,0.9,26.100993583873578,0,0.7302
ISS,Cosmos-1408 Debris,19.94,4.15,7,30.9,0.9,166.82604929211118,0,0.99
DEBRIS_A,Cosmos-1408 Debris,1.111,1.396,5,30.9,0.9,110.88211827515441,0,0.874
Cosmos-1408 Debris,Hubble,4.971,1.416,132,54.1,0.9,163.06015620769028,0,0.9794
DEBRIS_B,Iridium-33 Debris,14.785,7.615,232,57.9,0.9,162.4787121566516,0,0.99
Envisat,ISS,5.055,3.958,374,46.9,0.2,154.61209020335275,0,0.8507
Tiangong,Hubble,4.097,9.081,158,13.0,0.2,108.79469829443863,0,0.4315
Envisat,ISS,6.354,8.92,374,46.9,0.2,143.86608233591355,0,0.7112
Iridium-33 Debris,Hubble,12.029,14.212,233,57.9,0.9,12.651842464586915,0,0.9721
DEBRIS_A,Envisat,3.28,4.57,372,46.9,0.8,105.32798155504705,0,0.8663
Hubble,Envisat,0.569,13.418,235,70.1,0.2,150.84068207205954,0,0.0342
Cosmos-1408 Debris,Starlink-1001,60.177,11.977,135,29.6,0.9,130.61162887053564,0,0.99
Cosmos-1408 Debris,DEBRIS_B,0.014,14.642,133,54.1,0.9,60.40284851337543,1,0.0701
Cosmos-1408 Debris,Starlink-1001,12.242,7.05,135,29.6,0.9,96.77154484262854,0,0.99
DEBRIS_B,Envisat,18.381,0.28,234,70.1,0.8,118.35432523052039,0,0.99
Starlink-1001,Envisat,0.182,13.29,232,45.5,0.2,23.540965673263077,0,0.0294
Tiangong,Hubble,8.61,13.705,158,13.0,0.2,132.95672277657482,0,0.6442
Envisat,Iridium-33 Debris,35.814,8.673,2,12.1,0.9,11.7928063072204,0,0.99
DEBRIS_A,ISS,0.151,11.759,2,0.0,0.8,9.75874698569043,0,0.1356
ISS,Envisat,48.955,6.826,374,46.9,0.2,94.24621410655269,0,0.99
DEBRIS_B,Hubble,0.097,2.345,1,0.0,0.8,71.10602348827305,0,0.7201
Cosmos-1408 Debris,DEBRIS_B,0.904,7.345,133,54.1,0.9,46.47167807850135,0,0.5121
DEBRIS_A,DEBRIS_B,4.643,5.106,138,23.2,0.8,55.37973742878549,0,0.9161
ISS,DEBRIS_B,0.6,2.459,140,23.2,0.8,32.12688995770046,0,0.7617
Starlink-1001,Envisat,14.942,0.751,232,45.5,0.2,5.965554417358957,0,0.99
Tiangong,GPS-79,8.25,8.842,19811,13.5,0.2,36.44366319735494,0,0.8667
Hubble,ISS,30.161,8.834,139,23.2,0.2,158.69217195546022,0,0.99
ISS,Hubble,30.327,7.629,139,23.2,0.2,148.79622352108572,0,0.99
Tiangong,GPS-79,5.488,2.497,19811,13.5,0.2,85.42424190386552,0,0.9164
Cosmos-1408 Debris,GPS-79,24.809,2.936,19785,27.6,0.9,146.46621673063035,0,0.99
Iridium-33 Debris,Tiangong,29.831,8.808,391,44.9,0.9,35.90213390830463,0,0.99
GPS-79,Starlink-1001,13.11,10.619,19650,2.0,0.2,136.08976703677237,0,0.9774
ISS,DEBRIS_B,5.397,11.287,140,23.2,0.8,143.00026857754793,0,0.7135
Hubble,GPS-79,16.148,4.751,19653,26.5,0.2,44.71742332401754,0,0.99
ISS,Hubble,17.557,0.26,139,23.2,0.2,51.32832825200491,0,0.99
DEBRIS_A,Tiangong,39.102,4.992,21,10.2,0.8,37.82620516992175,0,0.99
Iridium-33 Debris,Starlink-1001,10.854,2.432,230,33.4,0.9,166.48900747167704,0,0.99
Tiangong,Hubble,6.996,13.987,158,13.0,0.2,147.32698400261282,0,0.426
Starlink-1001,ISS,1.895,10.535,142,1.4,0.2,118.09395148940976,0,0.1403
Starlink-1001,DEBRIS_B,11.935,8.965,2,24.5,0.8,34.94430973580949,0,0.99
Envisat,Cosmos-1408 Debris,36.468,11.181,367,16.0,0.9,66.42245939529971,0,0.99
Starlink-1001,Cosmos-1408 Debris,3.153,12.122,135,29.6,0.9,46.38066625767837,0,0.4354
Tiangong,Envisat,25.663,11.995,393,57.1,0.2,17.078860487658254,0,0.99
Envisat,Tiangong,14.236,11.341,393,57.1,0.2,39.07613010213937,0,0.9839
Envisat,Iridium-33 Debris,6.662,14.482,2,12.1,0.9,117.28743549166231,0,0.6871
Cosmos-1408 Debris,Starlink-1001,3.929,3.567,135,29.6,0.9,111.30277655383307,0,0.9367
Cosmos-1408 Debris,Hubble,5.5,3.367,132,54.1,0.9,133.13591132836356,0,0.9718
Tiangong,Hubble,0.956,0.685,158,13.0,0.2,95.19675164598256,0,0.6621
Tiangong,Starlink-1001,2.425,2.722,161,11.5,0.2,47.41216757764368,0,0.6892
ISS,DEBRIS_B,9.118,5.122,140,23.2,0.8,92.10018445345531,0,0.99
Envisat,Tiangong,1.06,1.267,393,57.1,0.2,93.4809544255536,0,0.6341
Envisat,DEBRIS_B,20.877,1.346,234,70.1,0.8,95.01259555805498,0,0.99
Envisat,Cosmos-1408 Debris,1.741,14.337,367,16.0,0.9,87.9231100487575,0,0.1638
Envisat,DEBRIS_A,19.255,8.014,372,46.9,0.8,122.76630161692201,0,0.99
DEBRIS_A,Starlink-1001,19.823,14.013,140,1.4,0.8,58.33499083654304,0,0.99
DEBRIS_B,Iridium-33 Debris,7.056,2.181,232,57.9,0.9,35.456978654241816,0,0.99
DEBRIS_B,Cosmos-1408 Debris,2.434,14.275,133,54.1,0.9,32.25719618298689,0,0.22
ISS,Tiangong,6.677,4.95,19,10.2,0.2,45.023932315385096,0,0.9049
DEBRIS_B,Hubble,10.958,7.496,1,0.0,0.8,50.54477922644878,0,0.99
Hubble,Cosmos-1408 Debris,19.571,1.652,132,54.1,0.9,139.7149425049205,0,0.99
Starlink-1001,DEBRIS_B,20.595,10.832,2,24.5,0.8,110.83340038908543,0,0.99
GPS-79,Hubble,3.591,11.218,19653,26.5,0.2,57.955619123352285,0,0.2369
Cosmos-1408 Debris,Envisat,29.656,0.772,367,16.0,0.9,96.38225268743278,0,0.99
Envisat,GPS-79,28.185,3.762,19418,43.5,0.2,96.24356142201151,0,0.99
Iridium-33 Debris,Tiangong,17.724,4.0,391,44.9,0.9,155.3686624525879,0,0.99
Tiangong,Starlink-1001,26.765,4.008,161,11.5,0.2,148.6447016956688,0,0.99
ISS,DEBRIS_B,5.677,1.518,140,23.2,0.8,24.190169390287622,0,0.9817
Starlink-1001,GPS-79,0.481,14.658,19650,2.0,0.2,33.43296711571103,0,0.0228
Iridium-33 Debris,ISS,15.456,9.294,372,34.8,0.9,134.1432530264017,0,0.99
Tiangong,Envisat,0.598,7.021,393,57.1,0.2,137.3497734805709,0,0.1966
DEBRIS_B,DEBRIS_A,18.479,12.287,138,23.2,0.8,91.40662359888361,0,0.99
DEBRIS_B,Hubble,8.705,4.284,1,0.0,0.8,20.732859850567216,0,0.99
GPS-79,DEBRIS_B,14.413,9.151,19652,26.5,0.8,35.92514324488137,0,0.99
DEBRIS_A,Cosmos-1408 Debris,7.587,6.57,5,30.9,0.9,124.04450257566381,0,0.974
Iridium-33 Debris,Hubble,2.145,0.362,233,57.9,0.9,105.96380181743027,0,0.9407
DEBRIS_A,Starlink-1001,14.095,8.355,140,1.4,0.8,110.11728609788481,0,0.99
Iridium-33 Debris,Envisat,30.293,10.941,2,12.1,0.9,12.757016354686499,0,0.99
Envisat,Hubble,11.124,13.063,235,70.1,0.2,1.557244663947444,0,0.8852
Tiangong,Starlink-1001,0.238,7.207,161,11.5,0.2,16.14110647899844,0,0.162
Hubble,Tiangong,26.687,10.146,158,13.0,0.2,1.2450687659286128,0,0.99
ISS,Starlink-1001,15.326,14.509,142,1.4,0.2,30.09496353104836,0,0.9761
Envisat,DEBRIS_A,62.003,12.724,372,46.9,0.8,4.505492636553056,0,0.99
Envisat,DEBRIS_A,21.31,1.397,372,46.9,0.8,82.2778459287265,0,0.99
GPS-79,Iridium-33 Debris,21.826,0.978,19420,31.4,0.9,141.2042774691476,0,0.99
GPS-79,Tiangong,3.986,1.656,19811,13.5,0.2,44.89684078482789,0,0.8695
DEBRIS_A,Hubble,2.979,5.197,137,23.2,0.8,39.33655698362791,0,0.8221
Starlink-1001,Hubble,4.5,11.53,3,24.5,0.2,64.02405825591025,0,0.3081
DEBRIS_A,Envisat,36.462,5.512,372,46.9,0.8,130.17585155631755,0,0.99
GPS-79,ISS,0.502,4.179,19792,3.4,0.2,78.37427569929936,0,0.3538
Starlink-1001,DEBRIS_A,6.041,2.711,140,1.4,0.8,129.12799839733867,0,0.9783
Hubble,Starlink-1001,0.698,12.595,3,24.5,0.2,166.21270703991047,0,0.0461
Starlink-1001,Iridium-33 Debris,16.075,3.524,230,33.4,0.9,17.71845528856849,0,0.99
Hubble,Starlink-1001,15.172,11.144,3,24.5,0.2,49.50349642454975,0,0.99
Cosmos-1408 Debris,Tiangong,2.977,3.069,26,41.1,0.9,155.39485960048344,0,0.9143
Envisat,GPS-79,6.583,8.982,19418,43.5,0.2,164.33253941942243,0,0.7304
Hubble,DEBRIS_B,63.582,10.646,1,0.0,0.8,75.47558968828653,0,0.99
Hubble,DEBRIS_A,6.571,13.782,137,23.2,0.8,167.42143476273043,0,0.6794
Iridium-33 Debris,Tiangong,30.659,4.432,391,44.9,0.9,135.60859033584111,0,0.99
DEBRIS_A,Starlink-1001,16.458,8.857,140,1.4,0.8,104.60568673249547,0,0.99
DEBRIS_B,Tiangong,15.234,12.439,159,13.0,0.8,149.3344633483936,0,0.99
GPS-79,Tiangong,13.981,9.737,19811,13.5,0.2,68.09828623683435,0,0.9887
GPS-79,Hubble,28.183,11.801,19653,26.5,0.2,52.21621069457815,0,0.99
DEBRIS_B,Starlink-1001,5.531,5.505,2,24.5,0.8,167.94229427376928,0,0.9378
ISS,Iridium-33 Debris,26.371,3.411,372,34.8,0.9,32.845030785173,0,0.99
DEBRIS_B,ISS,11.308,0.77,140,23.2,0.8,5.001142119021189,0,0.99
Envisat,Starlink-1001,4.89,2.794,232,45.5,0.2,3.7771906480371737,0,0.8815
Hubble,Cosmos-1408 Debris,6.811,6.188,132,54.1,0.9,43.61852974860899,0,0.9661
Starlink-1001,Envisat,1.274,10.264,232,45.5,0.2,132.8028249548482,0,0.1149
Tiangong,Starlink-1001,11.272,0.705,161,11.5,0.2,52.506832424064186,0,0.99
GPS-79,Cosmos-1408 Debris,13.531,5.43,19785,27.6,0.9,128.13654365990865,0,0.99
DEBRIS_A,Hubble,29.514,6.742,137,23.2,0.8,116.87620899734435,0,0.99
DEBRIS_A,Iridium-33 Debris,13.238,3.878,370,34.8,0.9,137.41641778984624,0,0.99
Tiangong,Iridium-33 Debris,11.943,12.685,391,44.9,0.9,160.6199030107731,0,0.9814
GPS-79,Tiangong,9.899,4.286,19811,13.5,0.2,120.38130306887665,0,0.9831
Cosmos-1408 Debris,Starlink-1001,28.205,1.712,135,29.6,0.9,137.18367655137294,0,0.99
Tiangong,Hubble,6.987,13.875,158,13.0,0.2,63.7391809303601,0,0.4332
Iridium-33 Debris,DEBRIS_A,17.168,10.519,370,34.8,0.9,165.56238592097193,0,0.99
ISS,Envisat,15.04,9.473,374,46.9,0.2,24.016118220465923,0,0.99
Cosmos-1408 Debris,DEBRIS_A,1.543,9.418,5,30.9,0.9,70.95460690197793,0,0.4368
Starlink-1001,Iridium-33 Debris,38.001,13.735,230,33.4,0.9,65.92822610749333,0,0.99
DEBRIS_B,GPS-79,4.147,12.594,19652,26.5,0.8,30.543204234184987,0,0.4739
Tiangong,ISS,1.367,11.765,19,10.2,0.2,140.29862755749008,0,0.0797
Starlink-1001,GPS-79,10.504,5.051,19650,2.0,0.2,5.410248969952717,0,0.9843
Tiangong,DEBRIS_B,4.758,11.194,159,13.0,0.8,70.455374928425,0,0.6503
Iridium-33 Debris,Cosmos-1408 Debris,23.931,14.528,365,3.8,0.9,9.384985234529696,0,0.99
Tiangong,Envisat,4.755,13.043,393,57.1,0.2,65.64874491275874,0,0.2432
GPS-79,DEBRIS_A,6.901,9.913,19790,3.4,0.8,82.06197640274553,0,0.8886
Tiangong,Starlink-1001,19.055,6.935,161,11.5,0.2,74.54236948745688,0,0.99
Starlink-1001,Tiangong,2.032,2.603,161,11.5,0.2,154.6284967061371,0,0.6537
Tiangong,ISS,5.434,12.919,19,10.2,0.2,33.4349000548034,0,0.319
Envisat,DEBRIS_B,14.58,14.35,234,70.1,0.8,3.417087670297023,0,0.9899
Starlink-1001,Envisat,25.661,2.494,232,45.5,0.2,79.6283126922724,0,0.99
Iridium-33 Debris,Cosmos-1408 Debris,13.626,8.914,365,3.8,0.9,102.65704858282326,0,0.99
Starlink-1001,ISS,19.192,1.326,142,1.4,0.2,63.11418667658383,0,0.99
DEBRIS_B,Cosmos-1408 Debris,61.726,2.932,133,54.1,0.9,75.49460953678427,0,0.99
DEBRIS_B,Iridium-33 Debris,27.226,0.326,232,57.9,0.9,160.31670515114152,0,0.99
DEBRIS_A,Starlink-1001,8.599,6.687,140,1.4,0.8,46.16959244553792,0,0.98
Envisat,Cosmos-1408 Debris,5.516,3.23,367,16.0,0.9,29.13172382210868,0,0.9731
GPS-79,ISS,13.37,10.589,19792,3.4,0.2,13.236477939714975,0,0.9803
DEBRIS_A,Hubble,11.57,4.096,137,23.2,0.8,48.21292435396689,0,0.99
ISS,Cosmos-1408 Debris,2.022,7.385,7,30.9,0.9,87.72967468756129,0,0.6447
Envisat,ISS,11.048,12.118,374,46.9,0.2,0.77573228711769,0,0.9079
DEBRIS_A,Envisat,0.73,12.997,372,46.9,0.8,28.608581328700563,0,0.1263
DEBRIS_A,Iridium-33 Debris,4.341,13.976,370,34.8,0.9,11.064957432881293,0,0.4447
ISS,Tiangong,3.92,3.311,19,10.2,0.2,67.17845064206041,0,0.7968
Iridium-33 Debris,Starlink-1001,27.104,9.902,230,33.4,0.9,10.933312823294559,0,0.99
Starlink-1001,DEBRIS_B,5.844,6.507,2,24.5,0.8,80.60507444458406,0,0.9289
Cosmos-1408 Debris,Iridium-33 Debris,4.346,4.409,365,3.8,0.9,61.77126263369736,0,0.934
Tiangong,Envisat,1.873,6.312,393,57.1,0.2,60.67838602821452,0,0.3643
Hubble,Starlink-1001,4.762,11.959,3,24.5,0.2,90.85395591583274,0,0.3086
Hubble,Cosmos-1408 Debris,9.926,9.598,132,54.1,0.9,103.50009945040392,0,0.9798
Starlink-1001,DEBRIS_A,1.703,0.815,140,1.4,0.8,131.88675073227742,0,0.9009
DEBRIS_B,Hubble,11.587,12.275,1,0.0,0.8,40.01198252043753,0,0.9761
DEBRIS_A,Tiangong,18.872,5.519,21,10.2,0.8,133.0593992460868,0,0.99
Hubble,Starlink-1001,19.628,6.835,3,24.5,0.2,52.47640654229852,0,0.99
ISS,Tiangong,7.346,1.808,19,10.2,0.2,141.5480609141452,0,0.9715
DEBRIS_B,Tiangong,15.589,2.758,159,13.0,0.8,162.74318153060523,0,0.99
Tiangong,ISS,4.089,12.069,19,10.2,0.2,66.2788226444895,0,0.2358
Starlink-1001,Hubble,0.085,6.293,3,24.5,0.2,73.44171208390364,1,0.1907
Iridium-33 Debris,DEBRIS_A,15.108,1.313,370,34.8,0.9,19.357104486072064,0,0.99
Starlink-1001,DEBRIS_B,7.998,11.581,2,24.5,0.8,164.65246275352504,0,0.8933
GPS-79,Iridium-33 Debris,7.097,5.978,19420,31.4,0.9,77.31870799627148,0,0.9722
Envisat,Tiangong,21.692,1.69,393,57.1,0.2,154.14241137065156,0,0.99
Cosmos-1408 Debris,Tiangong,6.075,8.821,26,41.1,0.9,130.96009380760484,0,0.8995
Cosmos-1408 Debris,Starlink-1001,39.984,4.31,135,29.6,0.9,48.529403780801594,0,0.99
DEBRIS_B,DEBRIS_A,0.544,14.623,138,23.2,0.8,2.506429988191351,0,0.0748
DEBRIS_A,Cosmos-1408 Debris,20.278,2.05,5,30.9,0.9,134.02065231553325,0,0.99
Starlink-1001,Envisat,0.972,2.285,232,45.5,0.2,24.701685141291804,0,0.55
Starlink-1001,Iridium-33 Debris,4.218,9.788,230,33.4,0.9,93.03751273929882,0,0.7257
GPS-79,Hubble,12.952,14.264,19653,26.5,0.2,24.972910455586874,0,0.9307
Starlink-1001,ISS,42.111,9.696,142,1.4,0.2,15.484086747430997,0,0.99
ISS,Iridium-33 Debris,10.894,0.389,372,34.8,0.9,47.52658377198693,0,0.99
Hubble,Iridium-33 Debris,12.524,10.569,233,57.9,0.9,103.13643154405075,0,0.99
GPS-79,Starlink-1001,3.688,11.606,19650,2.0,0.2,38.3033500195333,0,0.2249
Iridium-33 Debris,ISS,41.707,9.834,372,34.8,0.9,163.04302893757526,0,0.99
Tiangong,Iridium-33 Debris,39.874,9.987,391,44.9,0.9,51.402032078077546,0,0.99
GPS-79,Tiangong,28.347,7.297,19811,13.5,0.2,112.51965249113071,0,0.99
Cosmos-1408 Debris,Tiangong,23.813,0.649,26,41.1,0.9,112.25428489155533,0,0.99
ISS,Tiangong,8.286,10.687,19,10.2,0.2,145.78496247871377,0,0.792
Iridium-33 Debris,DEBRIS_B,6.714,9.346,232,57.9,0.9,111.91562731375089,0,0.9132
Cosmos-1408 Debris,Tiangong,27.022,7.247,26,41.1,0.9,147.72920231991796,0,0.99
GPS-79,ISS,1.706,4.172,19792,3.4,0.2,67.6419093735565,0,0.5004
DEBRIS_B,Tiangong,13.268,14.123,159,13.0,0.8,102.65067890018187,0,0.982
DEBRIS_B,DEBRIS_A,30.616,3.357,138,23.2,0.8,76.64951765429299,0,0.99
Hubble,Starlink-1001,16.023,5.918,3,24.5,0.2,58.985336866934645,0,0.99
Envisat,Cosmos-1408 Debris,11.168,8.231,367,16.0,0.9,47.260916656762404,0,0.99
Envisat,Starlink-1001,21.069,0.671,232,45.5,0.2,4.647345645656078,0,0.99
Starlink-1001,GPS-79,6.13,10.511,19650,2.0,0.2,79.63527227103489,0,0.5773
Hubble,GPS-79,7.899,3.544,19653,26.5,0.2,164.52446956638235,0,0.964
Envisat,Cosmos-1408 Debris,19.41,9.186,367,16.0,0.9,97.45416783325396,0,0.99
Starlink-1001,Envisat,10.202,0.344,232,45.5,0.2,13.928601930610306,0,0.99
Tiangong,Envisat,10.549,3.605,393,57.1,0.2,146.99769680347896,0,0.99
Starlink-1001,Envisat,5.947,10.385,232,45.5,0.2,10.347561348446627,0,0.5641
Envisat,GPS-79,84.396,0.335,19418,43.5,0.2,162.5667670041548,0,0.99
Starlink-1001,Cosmos-1408 Debris,6.72,10.791,135,29.6,0.9,100.77896530485047,0,0.8724
Tiangong,Cosmos-1408 Debris,28.933,11.012,26,41.1,0.9,13.414885511093571,0,0.99
Hubble,GPS-79,10.842,11.154,19653,26.5,0.2,114.76525623372022,0,0.9224
Envisat,DEBRIS_B,52.649,11.734,234,70.1,0.8,47.547000783051686,0,0.99
Tiangong,Starlink-1001,16.848,11.7,161,11.5,0.2,146.83740090927918,0,0.99
Envisat,GPS-79,2.613,7.147,19418,43.5,0.2,128.15269998566345,0,0.3923
GPS-79,DEBRIS_B,5.747,2.204,19652,26.5,0.8,63.701210962156146,0,0.9784
ISS,DEBRIS_B,3.697,12.021,140,23.2,0.8,84.44716559012303,0,0.4607
Hubble,DEBRIS_A,7.377,8.857,137,23.2,0.8,97.17343348064995,0,0.9328
DEBRIS_B,Hubble,0.6,10.76,1,0.0,0.8,88.98692544759444,0,0.2095
DEBRIS_B,Tiangong,23.815,14.962,159,13.0,0.8,162.840475382749,0,0.99
DEBRIS_B,Envisat,4.219,6.035,234,70.1,0.8,55.358477825041504,0,0.8698
Starlink-1001,ISS,15.478,6.991,142,1.4,0.2,159.91350540648216,0,0.99
Tiangong,GPS-79,17.197,10.176,19811,13.5,0.2,85.21493700337435,0,0.99
ISS,Envisat,34.975,7.543,374,46.9,0.2,75.14089647359832,0,0.99
ISS,DEBRIS_B,6.54,6.403,140,23.2,0.8,113.20715371721795,0,0.9502
Cosmos-1408 Debris,Tiangong,8.018,4.939,26,41.1,0.9,142.18997083820315,0,0.987
DEBRIS_B,GPS-79,24.52,7.809,19652,26.5,0.8,115.14688431022897,0,0.99
Starlink-1001,DEBRIS_A,2.404,2.899,140,1.4,0.8,157.05203349816267,0,0.8735
Starlink-1001,Cosmos-1408 Debris,12.454,0.35,135,29.6,0.9,132.6552327886892,0,0.99
Starlink-1001,Hubble,4.248,11.117,3,24.5,0.2,131.23505525766498,0,0.3076
Hubble,DEBRIS_B,1.552,14.58,1,0.0,0.8,145.9037235686531,0,0.1194
Cosmos-1408 Debris,DEBRIS_A,6.24,1.643,5,30.9,0.9,30.93380239290393,0,0.9882
GPS-79,Envisat,2.366,9.473,19418,43.5,0.2,75.73346432162882,0,0.2212
DEBRIS_B,DEBRIS_A,66.964,9.547,138,23.2,0.8,60.724736046301715,0,0.99
Tiangong,Starlink-1001,8.058,5.232,161,11.5,0.2,2.0182889650897895,0,0.9458
DEBRIS_A,DEBRIS_B,30.366,14.953,138,23.2,0.8,130.90163370614886,0,0.99
Cosmos-1408 Debris,Hubble,5.259,11.428,132,54.1,0.9,40.45878688188318,0,0.7312
DEBRIS_A,Cosmos-1408 Debris,12.569,2.69,5,30.9,0.9,27.47609835946177,0,0.99
Iridium-33 Debris,Starlink-1001,1.152,6.166,230,33.4,0.9,56.735662987024284,0,0.6286
Hubble,DEBRIS_A,8.371,10.881,137,23.2,0.8,139.36634977944715,0,0.9256
Iridium-33 Debris,DEBRIS_B,10.747,4.145,232,57.9,0.9,138.97526998708906,0,0.99
Cosmos-1408 Debris,ISS,31.979,2.059,7,30.9,0.9,133.99167368081248,0,0.99
Envisat,Iridium-33 Debris,3.637,5.108,2,12.1,0.9,142.38196703251552,0,0.8895
DEBRIS_B,GPS-79,5.016,1.025,19652,26.5,0.8,51.136609335531816,0,0.9781
Tiangong,GPS-79,1.69,12.237,19811,13.5,0.2,104.79396934722104,0,0.0812
GPS-79,DEBRIS_A,39.024,4.417,19790,3.4,0.8,66.99819266738128,0,0.99
GPS-79,DEBRIS_B,2.139,5.808,19652,26.5,0.8,160.35637484651474,0,0.7165
GPS-79,Tiangong,20.899,12.636,19811,13.5,0.2,46.61849579764026,0,0.99
Envisat,Tiangong,3.054,4.291,393,57.1,0.2,86.73728855597952,0,0.6546
Hubble,ISS,41.921,14.872,139,23.2,0.2,88.52618480410673,0,0.99
DEBRIS_B,Tiangong,3.457,11.632,159,13.0,0.8,1.4921945886612864,0,0.4598
ISS,DEBRIS_A,6.174,14.143,2,0.0,0.8,167.5594896007727,0,0.6093
GPS-79,Envisat,7.923,1.22,19418,43.5,0.2,126.02872576610838,0,0.9819
Starlink-1001,DEBRIS_A,18.293,12.645,140,1.4,0.8,90.73972743491971,0,0.99
Cosmos-1408 Debris,DEBRIS_B,0.742,2.873,133,54.1,0.9,49.82243730299851,0,0.7874
Iridium-33 Debris,ISS,7.738,13.081,372,34.8,0.9,5.002263947070823,0,0.8513
DEBRIS_B,DEBRIS_A,10.381,10.912,138,23.2,0.8,84.92160730758995,0,0.9712
DEBRIS_B,Starlink-1001,7.091,8.699,2,24.5,0.8,14.585263183462306,0,0.9266
Hubble,ISS,15.38,0.795,139,23.2,0.2,132.76906234347248,0,0.99
Tiangong,GPS-79,9.242,10.08,19811,13.5,0.2,42.81188091072393,0,0.8805
DEBRIS_B,Starlink-1001,9.506,10.996,2,24.5,0.8,76.92046305169511,0,0.955
DEBRIS_A,Starlink-1001,9.785,8.092,140,1.4,0.8,91.74485862094842,0,0.9831
Envisat,Tiangong,1.034,13.867,393,57.1,0.2,44.41862681867827,0,0.0376
Cosmos-1408 Debris,Starlink-1001,11.96,2.819,135,29.6,0.9,141.26127937191626,0,0.99
ISS,Iridium-33 Debris,12.812,3.404,372,34.8,0.9,67.82363555478922,0,0.99
Hubble,Starlink-1001,5.859,14.132,3,24.5,0.2,7.089797672164768,0,0.287
Tiangong,Hubble,1.088,13.939,158,13.0,0.2,57.948713755483695,0,0.0378
Iridium-33 Debris,Tiangong,22.608,12.485,391,44.9,0.9,52.63304102485712,0,0.99
DEBRIS_A,Hubble,8.361,14.71,137,23.2,0.8,83.4063394358337,0,0.797
Iridium-33 Debris,GPS-79,1.697,11.446,19420,31.4,0.9,154.2481157783705,0,0.3132
Hubble,Cosmos-1408 Debris,1.27,9.602,132,54.1,0.9,80.20125710479194,0,0.3904
Cosmos-1408 Debris,Tiangong,12.916,12.311,26,41.1,0.9,32.57689018461493,0,0.9897
DEBRIS_B,Iridium-33 Debris,15.348,7.358,232,57.9,0.9,0.8740082498949352,0,0.99
DEBRIS_B,Tiangong,3.8,14.037,159,13.0,0.8,72.7189284599452,0,0.3293
Hubble,Envisat,21.138,4.531,235,70.1,0.2,156.77850003771638,0,0.99
GPS-79,Iridium-33 Debris,45.48,0.378,19420,31.4,0.9,60.021419080976905,0,0.99
DEBRIS_B,GPS-79,3.561,9.121,19652,26.5,0.8,84.34184730635319,0,0.6557
Cosmos-1408 Debris,Starlink-1001,2.422,7.318,135,29.6,0.9,22.417015377887157,0,0.6933
Iridium-33 Debris,ISS,20.409,8.979,372,34.8,0.9,160.287991172165,0,0.99
Tiangong,Iridium-33 Debris,20.561,8.916,391,44.9,0.9,90.86584240017764,0,0.99
DEBRIS_A,Starlink-1001,13.257,9.968,140,1.4,0.8,124.59632647318513,0,0.99
GPS-79,Starlink-1001,22.023,8.271,19650,2.0,0.2,117.39349918067725,0,0.99
Iridium-33 Debris,ISS,23.727,6.869,372,34.8,0.9,147.13360594581323,0,0.99
Cosmos-1408 Debris,Starlink-1001,18.595,3.237,135,29.6,0.9,124.15182520383497,0,0.99
Tiangong,Iridium-33 Debris,10.098,8.195,391,44.9,0.9,47.10155185672181,0,0.9878
Starlink-1001,Envisat,1.692,8.411,232,45.5,0.2,135.8892878368131,0,0.218
Envisat,Tiangong,1.743,7.79,393,57.1,0.2,66.38745728078345,0,0.2563
DEBRIS_B,Iridium-33 Debris,2.614,5.441,232,57.9,0.9,39.25510550557459,0,0.8138
Iridium-33 Debris,Tiangong,5.066,1.522,391,44.9,0.9,149.839676988189,0,0.9797
Starlink-1001,Hubble,0.231,3.478,3,24.5,0.2,163.2690313739833,0,0.371
Starlink-1001,GPS-79,9.246,1.329,19650,2.0,0.2,141.47165991537645,0,0.99
Iridium-33 Debris,DEBRIS_B,67.769,0.402,232,57.9,0.9,66.12490058666009,0,0.99
Hubble,ISS,1.215,1.902,139,23.2,0.2,165.93580545134964,0,0.6075
DEBRIS_A,DEBRIS_B,4.804,6.084,138,23.2,0.8,69.48484344286709,0,0.8981
Cosmos-1408 Debris,Hubble,34.351,0.129,132,54.1,0.9,124.13000296756114,0,0.99
GPS-79,DEBRIS_A,6.277,13.647,19790,3.4,0.8,153.10864059499565,0,0.6557
DEBRIS_B,Envisat,9.52,11.094,234,70.1,0.8,8.285608096336583,0,0.954
DEBRIS_A,Tiangong,1.705,3.091,21,10.2,0.8,151.24635074970382,0,0.8213
Tiangong,Starlink-1001,1.001,9.805,161,11.5,0.2,163.1126423958581,0,0.115
Iridium-33 Debris,Cosmos-1408 Debris,7.82,12.29,365,3.8,0.9,30.669152101480332,0,0.8832
ISS,Iridium-33 Debris,6.453,9.819,372,34.8,0.9,149.9274254629108,0,0.889
ISS,DEBRIS_A,3.425,3.09,2,0.0,0.8,11.053872256063627,0,0.9157
DEBRIS_B,GPS-79,43.392,4.871,19652,26.5,0.8,150.7102703368055,0,0.99
DEBRIS_A,Envisat,5.434,11.991,372,46.9,0.8,163.13214099557817,0,0.6726
Starlink-1001,DEBRIS_B,15.398,11.408,2,24.5,0.8,137.7850167422599,0,0.99
Envisat,Hubble,25.466,7.204,235,70.1,0.2,131.7232968773522,0,0.99
Iridium-33 Debris,Hubble,54.921,10.428,233,57.9,0.9,94.36729000651768,0,0.99
DEBRIS_A,DEBRIS_B,7.682,5.039,138,23.2,0.8,163.82645922692635,0,0.9807
Envisat,Tiangong,9.695,8.863,393,57.1,0.2,71.6058336836784,0,0.9301
Tiangong,Hubble,1.102,5.016,158,13.0,0.2,107.54675460409592,0,0.365
Tiangong,Iridium-33 Debris,8.536,8.643,391,44.9,0.9,162.5464716324999,0,0.97
Iridium-33 Debris,DEBRIS_A,22.381,3.275,370,34.8,0.9,45.94917385657905,0,0.99
Tiangong,Iridium-33 Debris,24.697,12.034,391,44.9,0.9,133.86985269964234,0,0.99
DEBRIS_B,DEBRIS_A,41.704,4.339,138,23.2,0.8,77.14122018278518,0,0.99
GPS-79,Envisat,13.95,12.921,19418,43.5,0.2,154.86060778402245,0,0.9707
Envisat,DEBRIS_A,6.173,8.017,372,46.9,0.8,117.1906936943159,0,0.9073
Starlink-1001,Iridium-33 Debris,10.074,3.361,230,33.4,0.9,31.182848581243295,0,0.99
DEBRIS_B,Starlink-1001,7.389,10.372,2,24.5,0.8,44.803993767639994,0,0.8987
Starlink-1001,Cosmos-1408 Debris,3.933,13.379,135,29.6,0.9,34.47255623747622,0,0.4385
Starlink-1001,Envisat,18.198,14.479,232,45.5,0.2,76.26636275939865,0,0.99
DEBRIS_B,Cosmos-1408 Debris,1.681,12.526,133,54.1,0.9,139.41409108199613,0,0.2465
Cosmos-1408 Debris,Starlink-1001,2.015,9.624,135,29.6,0.9,160.18441556901487,0,0.4801
DEBRIS_B,ISS,9.208,8.862,140,23.2,0.8,86.40749927603562,0,0.9719
Cosmos-1408 Debris,Starlink-1001,33.242,6.591,135,29.6,0.9,154.51624210647768,0,0.99
DEBRIS_A,Cosmos-1408 Debris,10.71,6.465,5,30.9,0.9,48.24359385685763,0,0.99
Iridium-33 Debris,Hubble,3.048,11.298,233,57.9,0.9,127.85947837772024,0,0.4837
Tiangong,Envisat,3.335,8.218,393,57.1,0.2,163.594187686102,0,0.4018
Tiangong,Cosmos-1408 Debris,2.231,13.742,26,41.1,0.9,79.25932227740972,0,0.2302
DEBRIS_A,Hubble,4.675,0.994,137,23.2,0.8,123.19110406097722,0,0.9744
DEBRIS_A,DEBRIS_B,22.942,3.44,138,23.2,0.8,50.97217725854515,0,0.99
Starlink-1001,Tiangong,0.061,5.377,161,11.5,0.2,19.601954394216335,1,0.2346
ISS,GPS-79,11.969,5.704,19792,3.4,0.2,21.526038848147582,0,0.99
Tiangong,DEBRIS_B,16.049,12.364,159,13.0,0.8,62.9898223934765,0,0.99
DEBRIS_B,Tiangong,3.708,1.294,159,13.0,0.8,119.0830745557428,0,0.9555
ISS,DEBRIS_A,0.447,12.044,2,0.0,0.8,65.66768014773281,0,0.1431
Hubble,Cosmos-1408 Debris,6.236,3.036,132,54.1,0.9,55.446358604624784,0,0.9821
DEBRIS_B,ISS,9.128,8.41,140,23.2,0.8,115.31717803492833,0,0.9744
Tiangong,GPS-79,16.395,6.841,19811,13.5,0.2,26.548837960435396,0,0.99
DEBRIS_A,Starlink-1001,10.081,14.39,140,1.4,0.8,161.1938032786972,0,0.9108
Envisat,DEBRIS_B,19.403,8.739,234,70.1,0.8,24.56414011240676,0,0.99
ISS,DEBRIS_A,3.145,14.202,2,0.0,0.8,57.66369344551612,0,0.252
DEBRIS_A,GPS-79,21.796,9.024,19790,3.4,0.8,84.28559159886355,0,0.99
Starlink-1001,ISS,9.268,0.792,142,1.4,0.2,49.50464351805263,0,0.99
Starlink-1001,Iridium-33 Debris,34.559,1.29,230,33.4,0.9,141.1550002692555,0,0.99
Iridium-33 Debris,Starlink-1001,26.726,5.013,230,33.4,0.9,99.59591933592513,0,0.99
Cosmos-1408 Debris,DEBRIS_B,3.603,0.351,133,54.1,0.9,121.77743438853017,0,0.9706
Envisat,DEBRIS_A,13.957,12.564,372,46.9,0.8,62.61873994766629,0,0.99
ISS,Starlink-1001,7.56,3.042,142,1.4,0.2,101.24267762486603,0,0.9633
Starlink-1001,GPS-79,17.48,4.68,19650,2.0,0.2,63.089139783714714,0,0.99
Cosmos-1408 Debris,DEBRIS_B,67.903,13.512,133,54.1,0.9,48.212219922118145,0,0.99
DEBRIS_A,Starlink-1001,5.588,2.135,140,1.4,0.8,88.39332588952614,0,0.9771
DEBRIS_B,Cosmos-1408 Debris,4.432,2.735,133,54.1,0.9,91.55930679050621,0,0.9607
Cosmos-1408 Debris,Envisat,7.557,13.363,367,16.0,0.9,87.46149432414043,0,0.8277
Envisat,GPS-79,1.03,5.766,19418,43.5,0.2,143.67093919362728,0,0.3069
ISS,Tiangong,5.925,1.168,19,10.2,0.2,49.22477759816439,0,0.9531
ISS,DEBRIS_B,9.584,2.425,140,23.2,0.8,1.3970512164407642,0,0.99
Iridium-33 Debris,DEBRIS_A,3.089,9.869,370,34.8,0.9,76.76329517415647,0,0.5948
ISS,Tiangong,8.875,12.288,19,10.2,0.2,74.06681504859729,0,0.7597
DEBRIS_B,DEBRIS_A,37.983,12.38,138,23.2,0.8,11.075692338890079,0,0.99
Envisat,GPS-79,6.423,11.089,19418,43.5,0.2,110.08440901148383,0,0.5707
Iridium-33 Debris,GPS-79,5.545,3.19,19420,31.4,0.9,68.77565360156945,0,0.9738
Envisat,Cosmos-1408 Debris,3.946,9.573,367,16.0,0.9,115.20015372031942,0,0.7112
GPS-79,ISS,6.077,8.086,19792,3.4,0.2,72.52673747004438,0,0.7336
GPS-79,DEBRIS_A,22.194,3.901,19790,3.4,0.8,32.334158523432876,0,0.99
Tiangong,Envisat,1.802,3.195,393,57.1,0.2,161.70856983588263,0,0.5848
Tiangong,DEBRIS_A,4.472,2.521,21,10.2,0.8,160.69262619721275,0,0.956
DEBRIS_B,Envisat,92.898,8.026,234,70.1,0.8,63.103032216872734,0,0.99
Tiangong,DEBRIS_B,8.401,10.182,159,13.0,0.8,137.41692326000282,0,0.9397
GPS-79,Envisat,0.983,10.427,19418,43.5,0.2,10.476701886269932,0,0.0965
Starlink-1001,DEBRIS_B,19.462,2.137,2,24.5,0.8,57.10304183094258,0,0.99
GPS-79,Hubble,13.067,13.53,19653,26.5,0.2,3.6799761374116606,0,0.9466
Starlink-1001,DEBRIS_B,13.408,13.42,2,24.5,0.8,19.62142259760593,0,0.9863
ISS,Cosmos-1408 Debris,22.556,9.828,7,30.9,0.9,21.75353308268936,0,0.99
GPS-79,Envisat,13.655,5.251,19418,43.5,0.2,62.46493201811519,0,0.99
Iridium-33 Debris,DEBRIS_A,15.174,11.258,370,34.8,0.9,41.90429040027124,0,0.99
Tiangong,Iridium-33 Debris,7.451,12.337,391,44.9,0.9,33.2263467150029,0,0.8611
Envisat,ISS,8.436,0.377,374,46.9,0.2,90.72645739206443,0,0.9891
DEBRIS_B,ISS,0.737,14.502,140,23.2,0.8,122.68287250442786,0,0.0846
Envisat,ISS,83.0,6.475,374,46.9,0.2,149.27806517532514,0,0.99
DEBRIS_A,Iridium-33 Debris,3.898,2.423,370,34.8,0.9,38.76845184848125,0,0.9536
Envisat,Iridium-33 Debris,57.657,11.704,2,12.1,0.9,3.469265318829712,0,0.99
Iridium-33 Debris,Starlink-1001,10.978,5.858,230,33.4,0.9,78.79306228777277,0,0.99
Iridium-33 Debris,DEBRIS_A,1.274,5.729,370,34.8,0.9,167.00471197848165,0,0.6722
Hubble,Tiangong,8.414,1.461,158,13.0,0.2,161.6822175475378,0,0.9848
GPS-79,DEBRIS_A,2.422,14.727,19790,3.4,0.8,123.82574038762976,0,0.167
DEBRIS_A,Iridium-33 Debris,6.599,1.591,370,34.8,0.9,50.51350459119263,0,0.99
DEBRIS_A,Tiangong,5.399,12.931,21,10.2,0.8,82.18515868682236,0,0.6036
Iridium-33 Debris,ISS,0.952,2.398,372,34.8,0.9,36.95768263844868,0,0.8259
Envisat,ISS,11.893,7.878,374,46.9,0.2,121.94634250077601,0,0.9817
ISS,DEBRIS_A,6.666,10.78,2,0.0,0.8,97.16161972926214,0,0.8454
ISS,GPS-79,15.942,1.361,19792,3.4,0.2,159.6427112791373,0,0.99
Tiangong,DEBRIS_A,66.008,8.933,21,10.2,0.8,27.0570069696211,0,0.99
GPS-79,DEBRIS_B,12.944,12.103,19652,26.5,0.8,81.7834195278456,0,0.9884
DEBRIS_B,Iridium-33 Debris,0.818,11.462,232,57.9,0.9,50.54568764951167,0,0.2262
Hubble,DEBRIS_A,5.733,8.791,137,23.2,0.8,81.34803871441291,0,0.8617
Cosmos-1408 Debris,ISS,13.172,4.156,7,30.9,0.9,145.41903474197204,0,0.99
GPS-79,Envisat,68.822,14.038,19418,43.5,0.2,89.61365563141885,0,0.99
Tiangong,Envisat,0.741,14.503,393,57.1,0.2,21.30043546826989,0,0.0271
Envisat,ISS,14.195,10.053,374,46.9,0.2,39.854062689715384,0,0.9888
Tiangong,GPS-79,1.726,0.852,19811,13.5,0.2,149.4076194951087,0,0.7325
Cosmos-1408 Debris,ISS,3.954,4.161,7,30.9,0.9,37.092328639172806,0,0.9261
Cosmos-1408 Debris,GPS-79,21.242,11.92,19785,27.6,0.9,116.84988731811049,0,0.99
Cosmos-1408 Debris,Envisat,13.004,12.622,367,16.0,0.9,63.892229633387004,0,0.9892
GPS-79,Hubble,38.049,4.955,19653,26.5,0.2,17.73421207658421,0,0.99
DEBRIS_B,Cosmos-1408 Debris,15.436,14.083,133,54.1,0.9,165.0279074581984,0,0.99
Tiangong,Cosmos-1408 Debris,0.393,3.343,26,41.1,0.9,73.71896781601843,0,0.7298
Iridium-33 Debris,DEBRIS_B,6.649,6.376,232,57.9,0.9,98.50059769780297,0,0.9613
DEBRIS_A,Iridium-33 Debris,24.629,8.056,370,34.8,0.9,133.40038951194876,0,0.99
DEBRIS_B,Tiangong,41.395,12.092,159,13.0,0.8,122.81711168115613,0,0.99
Hubble,Iridium-33 Debris,1.575,6.537,233,57.9,0.9,12.782313193701594,0,0.6517
Iridium-33 Debris,Cosmos-1408 Debris,9.437,8.893,365,3.8,0.9,7.97558630299517,0,0.9792
Hubble,DEBRIS_A,8.684,2.292,137,23.2,0.8,16.939860747192608,0,0.99
Envisat,DEBRIS_A,19.93,8.313,372,46.9,0.8,153.3304087756653,0,0.99
Hubble,ISS,17.808,12.161,139,23.2,0.2,117.98302314604871,0,0.99
Hubble,GPS-79,7.139,12.906,19653,26.5,0.2,72.61943600567037,0,0.5243
Envisat,Cosmos-1408 Debris,3.937,3.929,367,16.0,0.9,60.81605072285609,0,0.9302
Iridium-33 Debris,Hubble,45.25,8.449,233,57.9,0.9,30.53883398296425,0,0.99
Iridium-33 Debris,Cosmos-1408 Debris,17.676,5.156,365,3.8,0.9,41.92332785074462,0,0.99
Tiangong,Iridium-33 Debris,2.302,12.217,391,44.9,0.9,101.56113228165722,0,0.3287
DEBRIS_A,Envisat,6.085,11.325,372,46.9,0.8,45.640731144695216,0,0.7764
Envisat,Cosmos-1408 Debris,5.21,10.647,367,16.0,0.9,117.6253609017649,0,0.7704
DEBRIS_B,Tiangong,4.466,13.788,159,13.0,0.8,94.71367892312223,0,0.4248
DEBRIS_A,Envisat,23.536,6.671,372,46.9,0.8,87.43590229767868,0,0.99
ISS,Iridium-33 Debris,21.941,6.599,372,34.8,0.9,29.827165732838186,0,0.99
DEBRIS_B,Hubble,31.043,4.701,1,0.0,0.8,117.74741601303519,0,0.99
ISS,Cosmos-1408 Debris,1.019,8.015,7,30.9,0.9,22.956966419362978,0,0.4762
DEBRIS_B,ISS,1.472,0.724,140,23.2,0.8,84.72918624642914,0,0.8927
Envisat,Tiangong,12.202,12.539,393,57.1,0.2,68.8497524767258,0,0.9393
DEBRIS_A,Starlink-1001,15.823,1.078,140,1.4,0.8,16.95158650747908,0,0.99
Cosmos-1408 Debris,Envisat,1.834,6.525,367,16.0,0.9,35.71644687380148,0,0.6813
GPS-79,Iridium-33 Debris,13.201,2.748,19420,31.4,0.9,5.740296446449306,0,0.99
DEBRIS_A,Cosmos-1408 Debris,2.516,0.948,5,30.9,0.9,81.08087392646343,0,0.9412
DEBRIS_A,Tiangong,5.329,4.706,21,10.2,0.8,16.53880697828576,0,0.9455
Cosmos-1408 Debris,DEBRIS_B,33.452,2.266,133,54.1,0.9,94.70023364110273,0,0.99
Iridium-33 Debris,Cosmos-1408 Debris,2.938,2.679,365,3.8,0.9,103.59280861003467,0,0.9217
GPS-79,Tiangong,1.927,8.8,19811,13.5,0.2,164.48575282808508,0,0.2182
Tiangong,Hubble,6.874,12.972,158,13.0,0.2,5.016344502571752,0,0.4863
GPS-79,Cosmos-1408 Debris,9.94,10.335,19785,27.6,0.9,129.97806861714318,0,0.9751
DEBRIS_A,Cosmos-1408 Debris,8.754,8.174,5,30.9,0.9,102.08902107569742,0,0.9764
Envisat,Starlink-1001,8.459,8.547,232,45.5,0.2,139.37359971136385,0,0.8875
DEBRIS_B,Iridium-33 Debris,27.305,8.206,232,57.9,0.9,124.04202990081265,0,0.99
Hubble,Starlink-1001,0.264,5.804,3,24.5,0.2,135.89770572014282,0,0.2298
Envisat,DEBRIS_A,14.158,5.944,372,46.9,0.8,86.06358275766986,0,0.99
GPS-79,Hubble,2.011,12.585,19653,26.5,0.2,19.21877343744076,0,0.0855
Envisat,DEBRIS_A,21.19,10.392,372,46.9,0.8,102.49836967503099,0,0.99
DEBRIS_B,GPS-79,5.435,5.785,19652,26.5,0.8,29.623654433005235,0,0.9297
Tiangong,DEBRIS_B,36.452,3.573,159,13.0,0.8,57.885056141627885,0,0.99
Starlink-1001,Cosmos-1408 Debris,6.521,14.71,135,29.6,0.9,50.28852684379651,0,0.6565
Envisat,GPS-79,27.9,3.157,19418,43.5,0.2,139.84974833688943,0,0.99
Cosmos-1408 Debris,Hubble,0.611,5.027,132,54.1,0.9,138.0140357369462,0,0.645
Envisat,ISS,18.497,6.302,374,46.9,0.2,149.48660766040567,0,0.99
Tiangong,Envisat,6.496,10.149,393,57.1,0.2,11.06173619481554,0,0.6464
GPS-79,Cosmos-1408 Debris,4.781,7.184,19785,27.6,0.9,68.65246081720937,0,0.8844
DEBRIS_B,Iridium-33 Debris,8.462,0.88,232,57.9,0.9,166.7471419371297,0,0.99
Tiangong,Starlink-1001,18.105,2.178,161,11.5,0.2,110.53405556199661,0,0.99
GPS-79,Cosmos-1408 Debris,10.51,4.116,19785,27.6,0.9,109.2758850715366,0,0.99
ISS,Tiangong,26.39,11.101,19,10.2,0.2,149.56272091749418,0,0.99
Iridium-33 Debris,DEBRIS_A,0.181,12.124,370,34.8,0.9,22.807131515183215,0,0.1485
ISS,DEBRIS_A,28.822,10.575,2,0.0,0.8,134.47664741426095,0,0.99
Envisat,Tiangong,3.9,2.17,393,57.1,0.2,33.95113533481542,0,0.8454
Iridium-33 Debris,GPS-79,3.722,12.346,19420,31.4,0.9,73.69214593244236,0,0.4893
GPS-79,ISS,13.881,3.701,19792,3.4,0.2,70.55890100029212,0,0.99
DEBRIS_B,Hubble,8.845,7.798,1,0.0,0.8,120.11673891213023,0,0.9755
Cosmos-1408 Debris,ISS,1.84,1.996,7,30.9,0.9,12.16997696692009,0,0.8929
ISS,DEBRIS_B,3.301,0.724,140,23.2,0.8,51.3879852794513,0,0.9541
DEBRIS_A,Starlink-1001,18.091,0.278,140,1.4,0.8,114.6979245845005,0,0.99
Tiangong,Hubble,8.836,4.151,158,13.0,0.2,144.63905924815305,0,0.9727
GPS-79,ISS,36.328,3.201,19792,3.4,0.2,62.85253126922659,0,0.99
Tiangong,Envisat,19.174,1.411,393,57.1,0.2,105.5097068408539,0,0.99
Envisat,GPS-79,2.53,2.011,19418,43.5,0.2,28.939442580388906,0,0.7431
DEBRIS_A,Envisat,4.817,12.789,372,46.9,0.8,124.96307216032798,0,0.5428
Hubble,DEBRIS_B,18.705,2.583,1,0.0,0.8,136.62121407624352,0,0.99
Starlink-1001,Iridium-33 Debris,3.191,9.076,230,33.4,0.9,33.12364700517851,0,0.6621
Starlink-1001,DEBRIS_A,13.119,6.208,140,1.4,0.8,122.6067852744923,0,0.99
Hubble,Iridium-33 Debris,0.835,8.838,233,57.9,0.9,149.07700016365652,0,0.3931
Cosmos-1408 Debris,DEBRIS_A,17.831,13.968,5,30.9,0.9,87.02402621350156,0,0.99
ISS,Tiangong,28.141,4.06,19,10.2,0.2,8.70035362575369,0,0.99
Iridium-33 Debris,Hubble,1.122,2.426,233,57.9,0.9,9.294192446738554,0,0.8366
Iridium-33 Debris,GPS-79,9.579,4.238,19420,31.4,0.9,160.0793703795135,0,0.99
Envisat,DEBRIS_B,8.853,14.978,234,70.1,0.8,102.75389548650483,0,0.8225
DEBRIS_A,Envisat,28.778,12.586,372,46.9,0.8,2.040457235213062,0,0.99
Starlink-1001,ISS,56.077,10.637,142,1.4,0.2,126.79840879034377,0,0.99
Cosmos-1408 Debris,DEBRIS_B,13.374,0.855,133,54.1,0.9,136.8688439260352,0,0.99
Starlink-1001,DEBRIS_B,14.413,12.846,2,24.5,0.8,28.003455403444434,0,0.99
GPS-79,Cosmos-1408 Debris,0.146,9.501,19785,27.6,0.9,79.83609479841863,0,0.2735
Starlink-1001,DEBRIS_A,10.516,5.718,140,1.4,0.8,51.7252095210173,0,0.99
GPS-79,ISS,1.27,12.945,19792,3.4,0.2,46.07573755680567,0,0.0548
Iridium-33 Debris,Starlink-1001,2.324,7.021,230,33.4,0.9,159.81735974936754,0,0.7018
Starlink-1001,DEBRIS_B,3.721,14.254,2,24.5,0.8,25.905164887715365,0,0.3066
DEBRIS_B,Envisat,19.373,4.042,234,70.1,0.8,155.98183736748524,0,0.99
DEBRIS_A,Hubble,19.04,12.379,137,23.2,0.8,122.4665608153552,0,0.99
GPS-79,Tiangong,15.047,13.922,19811,13.5,0.2,96.65536357329027,0,0.9769
GPS-79,ISS,9.391,11.797,19792,3.4,0.2,81.137341034732,0,0.8258
Starlink-1001,Envisat,36.098,14.647,232,45.5,0.2,38.25495450978596,0,0.99
Iridium-33 Debris,DEBRIS_A,23.95,7.471,370,34.8,0.9,79.44583526761717,0,0.99
Cosmos-1408 Debris,DEBRIS_A,37.844,3.09,5,30.9,0.9,121.93201405363041,0,0.99
ISS,Iridium-33 Debris,15.621,11.361,372,34.8,0.9,54.088195975334365,0,0.99
Tiangong,Cosmos-1408 Debris,55.627,7.216,26,41.1,0.9,130.17328313981278,0,0.99
DEBRIS_B,Cosmos-1408 Debris,43.137,7.561,133,54.1,0.9,106.76000937881903,0,0.99
ISS,Tiangong,2.759,6.216,19,10.2,0.2,16.06624898687826,0,0.4787
Envisat,Hubble,12.676,13.195,235,70.1,0.2,47.60524536977603,0,0.9416
Iridium-33 Debris,DEBRIS_A,11.838,3.85,370,34.8,0.9,63.85250688190892,0,0.99
Starlink-1001,DEBRIS_B,3.15,10.398,2,24.5,0.8,151.6325560154152,0,0.5138
GPS-79,Tiangong,10.662,8.333,19811,13.5,0.2,55.357448290432735,0,0.962
Tiangong,Hubble,3.875,0.234,158,13.0,0.2,164.37661711000587,0,0.9061
DEBRIS_B,Hubble,21.211,2.647,1,0.0,0.8,94.52662378609259,0,0.99
Starlink-1001,DEBRIS_B,9.185,10.892,2,24.5,0.8,137.84404396853012,0,0.9491
Tiangong,Iridium-33 Debris,2.912,14.055,391,44.9,0.9,131.94715855642306,0,0.2768
Iridium-33 Debris,GPS-79,1.432,2.234,19420,31.4,0.9,119.71695211780262,0,0.8637
DEBRIS_A,Starlink-1001,9.995,6.75,140,1.4,0.8,131.1524464941721,0,0.9898
Starlink-1001,Envisat,14.003,10.272,232,45.5,0.2,29.223144887148887,0,0.9869
DEBRIS_A,Cosmos-1408 Debris,33.026,10.151,5,30.9,0.9,139.09001162537862,0,0.99
ISS,DEBRIS_A,8.881,4.325,2,0.0,0.8,87.97914017250272,0,0.99
DEBRIS_B,GPS-79,7.222,2.626,19652,26.5,0.8,141.20505416510562,0,0.9881
DEBRIS_B,Iridium-33 Debris,16.189,8.679,232,57.9,0.9,117.27893823839482,0,0.99
ISS,Tiangong,7.794,5.405,19,10.2,0.2,94.51878811542274,0,0.9356
ISS,GPS-79,49.076,5.543,19792,3.4,0.2,64.0866647466025,0,0.99
ISS,Tiangong,15.525,0.965,19,10.2,0.2,116.91315565663965,0,0.99
Tiangong,Starlink-1001,2.24,5.126,161,11.5,0.2,134.8001857099981,0,0.4955
Tiangong,DEBRIS_B,12.536,13.539,159,13.0,0.8,151.54904038429433,0,0.9783
Tiangong,DEBRIS_B,4.686,14.687,159,13.0,0.8,144.14069764649904,0,0.3863
Hubble,DEBRIS_B,43.825,13.746,1,0.0,0.8,68.27494416384336,0,0.99
Hubble,DEBRIS_A,53.853,3.572,137,23.2,0.8,137.45253596971222,0,0.99
ISS,Starlink-1001,7.796,8.373,142,1.4,0.2,42.62418338256825,0,0.8565
DEBRIS_B,Iridium-33 Debris,2.947,6.385,232,57.9,0.9,71.08105490804594,0,0.7954
GPS-79,Iridium-33 Debris,23.14,2.305,19420,31.4,0.9,88.33231353501833,0,0.99
GPS-79,DEBRIS_B,29.438,4.736,19652,26.5,0.8,0.3435081556502492,0,0.99
Iridium-33 Debris,Envisat,17.161,12.608,2,12.1,0.9,20.81136686642068,0,0.99
GPS-79,Envisat,11.305,9.745,19418,43.5,0.2,46.37029573208766,0,0.9581
Tiangong,Iridium-33 Debris,5.008,2.549,391,44.9,0.9,134.31854513801903,0,0.9718
Iridium-33 Debris,Starlink-1001,38.019,11.534,230,33.4,0.9,23.63002176768257,0,0.99
Cosmos-1408 Debris,DEBRIS_B,4.073,5.807,133,54.1,0.9,48.12237230520833,0,0.8904
Hubble,Cosmos-1408 Debris,4.641,5.997,132,54.1,0.9,122.8979673171419,0,0.9106
DEBRIS_A,DEBRIS_B,15.202,7.553,138,23.2,0.8,87.31945237068078,0,0.99
Tiangong,Envisat,37.823,11.415,393,57.1,0.2,92.92633900024185,0,0.99
GPS-79,Hubble,8.876,4.927,19653,26.5,0.2,124.19565162944194,0,0.9664
ISS,Envisat,2.886,12.733,374,46.9,0.2,146.5055968949051,0,0.1217
Envisat,Tiangong,25.488,1.43,393,57.1,0.2,48.89100863260114,0,0.99
GPS-79,Hubble,58.45,4.71,19653,26.5,0.2,127.26985742880822,0,0.99
DEBRIS_B,Starlink-1001,3.035,6.277,2,24.5,0.8,103.39038935763936,0,0.7746
Starlink-1001,GPS-79,2.48,9.839,19650,2.0,0.2,8.968720260300275,0,0.2122
Iridium-33 Debris,DEBRIS_B,1.349,14.649,232,57.9,0.9,124.86791938012043,0,0.1278
Cosmos-1408 Debris,ISS,21.305,3.032,7,30.9,0.9,132.22251361374887,0,0.99
Hubble,DEBRIS_B,0.439,8.344,1,0.0,0.8,114.35114620026027,0,0.3355
ISS,DEBRIS_A,9.587,4.707,2,0.0,0.8,56.9822542538977,0,0.99
ISS,Starlink-1001,0.392,6.805,142,1.4,0.2,92.46545363965689,0,0.1907
Iridium-33 Debris,Envisat,4.232,5.844,2,12.1,0.9,4.6098932554792365,0,0.8969
Envisat,ISS,9.863,14.145,374,46.9,0.2,118.66431825249612,0,0.748
Iridium-33 Debris,Envisat,4.999,12.335,2,12.1,0.9,30.238285948359145,0,0.6455
Starlink-1001,DEBRIS_B,69.951,2.364,2,24.5,0.8,77.89630348686285,0,0.99
GPS-79,Cosmos-1408 Debris,0.785,5.662,19785,27.6,0.9,143.76021255310883,0,0.621
Starlink-1001,Tiangong,102.233,7.83,161,11.5,0.2,161.98942946185014,0,0.99
Cosmos-1408 Debris,ISS,11.567,9.226,7,30.9,0.9,25.202109427810516,0,0.99
Cosmos-1408 Debris,DEBRIS_B,1.066,13.038,133,54.1,0.9,128.55020447506547,0,0.171
Iridium-33 Debris,GPS-79,1.758,8.032,19420,31.4,0.9,6.355314291099678,0,0.5669
GPS-79,DEBRIS_B,21.943,6.905,19652,26.5,0.8,58.611259935939984,0,0.99
Iridium-33 Debris,GPS-79,34.163,1.284,19420,31.4,0.9,58.68185920589108,0,0.99
Tiangong,Envisat,0.473,3.813,393,57.1,0.2,56.34978787351274,0,0.3759
Envisat,Cosmos-1408 Debris,13.866,5.47,367,16.0,0.9,74.62003498434248,0,0.99
Envisat,DEBRIS_B,3.45,6.799,234,70.1,0.8,95.16274908124763,0,0.7833
Iridium-33 Debris,DEBRIS_A,10.317,8.651,370,34.8,0.9,62.721027120032744,0,0.9874
Hubble,Tiangong,5.372,7.477,158,13.0,0.2,161.049747817192,0,0.6991
GPS-79,Cosmos-1408 Debris,28.144,7.63,19785,27.6,0.9,104.16086791471264,0,0.99
Hubble,Envisat,4.113,3.444,235,70.1,0.2,62.08245806188142,0,0.8059
Starlink-1001,GPS-79,0.204,4.654,19650,2.0,0.2,114.12718017601844,0,0.2903
Envisat,Starlink-1001,23.379,4.702,232,45.5,0.2,128.64267213557696,0,0.99
Iridium-33 Debris,Tiangong,14.744,8.206,391,44.9,0.9,1.7008606498464718,0,0.99
Tiangong,Cosmos-1408 Debris,27.899,8.069,26,41.1,0.9,158.5317532841917,0,0.99
Tiangong,Cosmos-1408 Debris,29.969,1.362,26,41.1,0.9,68.69782922908497,0,0.99
Tiangong,Hubble,37.366,9.831,158,13.0,0.2,164.67347954486982,0,0.99
Cosmos-1408 Debris,Tiangong,12.995,14.346,26,41.1,0.9,38.961044719152,0,0.9819
Tiangong,DEBRIS_B,22.006,5.279,159,13.0,0.8,89.17714501415061,0,0.99
Tiangong,Starlink-1001,7.584,8.596,161,11.5,0.2,49.36026094417937,0,0.8339
Tiangong,Iridium-33 Debris,0.492,13.37,391,44.9,0.9,92.74076578411886,0,0.1229
Starlink-1001,DEBRIS_B,0.485,12.646,2,24.5,0.8,49.207163942772524,0,0.1244
DEBRIS_A,ISS,27.231,14.448,2,0.0,0.8,14.508260021230022,0,0.99
DEBRIS_B,Iridium-33 Debris,2.0,12.595,232,57.9,0.9,127.61783416266108,0,0.2732
GPS-79,DEBRIS_B,7.068,2.07,19652,26.5,0.8,102.1183110209801,0,0.9892
GPS-79,ISS,2.816,6.145,19792,3.4,0.2,73.16959168554922,0,0.4912
Starlink-1001,DEBRIS_A,9.134,11.229,140,1.4,0.8,98.03536425082126,0,0.9426
Starlink-1001,Iridium-33 Debris,20.324,12.545,230,33.4,0.9,148.4570687121422,0,0.99
ISS,Hubble,20.272,5.734,139,23.2,0.2,159.40029203841337,0,0.99
DEBRIS_B,DEBRIS_A,17.076,0.348,138,23.2,0.8,148.43722827890028,0,0.99
DEBRIS_A,Iridium-33 Debris,20.62,4.514,370,34.8,0.9,41.26564482346918,0,0.99
Starlink-1001,DEBRIS_B,47.618,8.704,2,24.5,0.8,81.11886409054075,0,0.99
Iridium-33 Debris,DEBRIS_A,7.453,10.689,370,34.8,0.9,97.40969547254288,0,0.9105
DEBRIS_A,DEBRIS_B,8.522,14.714,138,23.2,0.8,36.17743770346231,0,0.8095
ISS,GPS-79,14.47,4.703,19792,3.4,0.2,47.076335715375365,0,0.99
Iridium-33 Debris,Tiangong,31.33,7.953,391,44.9,0.9,15.189252028740178,0,0.99
DEBRIS_B,Iridium-33 Debris,0.987,3.081,232,57.9,0.9,105.42022094655819,0,0.7973
Hubble,DEBRIS_B,5.996,12.081,1,0.0,0.8,135.73097420751495,0,0.7258
GPS-79,Starlink-1001,9.258,9.831,19650,2.0,0.2,108.98277242129309,0,0.8889
DEBRIS_B,GPS-79,12.39,6.096,19652,26.5,0.8,43.610982554879705,0,0.99
Envisat,Tiangong,7.236,0.417,393,57.1,0.2,4.786056158001738,0,0.98
DEBRIS_A,Iridium-33 Debris,5.383,11.722,370,34.8,0.9,88.31668671317766,0,0.726
Starlink-1001,GPS-79,13.151,1.836,19650,2.0,0.2,103.32229384840247,0,0.99
Iridium-33 Debris,DEBRIS_A,2.199,14.482,370,34.8,0.9,141.74806528826662,0,0.1907
Tiangong,ISS,43.061,2.512,19,10.2,0.2,108.20643570404273,0,0.99
Starlink-1001,DEBRIS_A,37.649,8.78,140,1.4,0.8,154.5044164103638,0,0.99
Iridium-33 Debris,Starlink-1001,5.834,1.029,230,33.4,0.9,28.276283137465487,0,0.988
Tiangong,DEBRIS_B,4.088,11.411,159,13.0,0.8,146.6314482737327,0,0.555
Cosmos-1408 Debris,DEBRIS_B,11.589,14.608,133,54.1,0.9,67.15426570559309,0,0.9613
Iridium-33 Debris,Starlink-1001,0.945,14.961,230,33.4,0.9,87.85904507681525,0,0.0983
GPS-79,ISS,38.985,4.436,19792,3.4,0.2,73.37042825827046,0,0.99
DEBRIS_B,Iridium-33 Debris,28.425,14.457,232,57.9,0.9,115.11830146486207,0,0.99
Envisat,ISS,20.184,0.946,374,46.9,0.2,122.90574496198457,0,0.99
GPS-79,Iridium-33 Debris,28.917,9.317,19420,31.4,0.9,102.42661443204794,0,0.99
DEBRIS_A,Tiangong,15.072,6.843,21,10.2,0.8,102.58400760376205,0,0.99
GPS-79,ISS,5.856,0.302,19792,3.4,0.2,133.9339332498943,0,0.9622
Tiangong,ISS,2.828,8.681,19,10.2,0.2,113.73460489550544,0,0.3121
Cosmos-1408 Debris,DEBRIS_A,25.546,8.534,5,30.9,0.9,142.45979366761935,0,0.99
ISS,Tiangong,3.734,11.49,19,10.2,0.2,156.84610937781986,0,0.2351
DEBRIS_B,Iridium-33 Debris,0.091,6.105,232,57.9,0.9,7.139630098340898,1,0.5035
DEBRIS_A,ISS,3.805,8.467,2,0.0,0.8,67.33619447766493,0,0.7236
Envisat,ISS,4.761,8.126,374,46.9,0.2,25.95708246607314,0,0.5848
GPS-79,Iridium-33 Debris,0.968,14.277,19420,31.4,0.9,143.13815624422875,0,0.1193
DEBRIS_A,Hubble,4.939,13.436,137,23.2,0.8,55.88290558404185,0,0.5097
Tiangong,Envisat,18.255,8.481,393,57.1,0.2,100.94046838341342,0,0.99
Cosmos-1408 Debris,DEBRIS_B,0.353,3.845,133,54.1,0.9,20.483647623597115,0,0.6948
GPS-79,Hubble,4.239,7.656,19653,26.5,0.2,155.38982390612006,0,0.5555
ISS,Hubble,16.791,12.688,139,23.2,0.2,28.86970579331616,0,0.99
Starlink-1001,GPS-79,6.212,9.092,19650,2.0,0.2,36.93752522111632,0,0.6853
Cosmos-1408 Debris,Hubble,7.584,1.754,132,54.1,0.9,40.33911310021753,0,0.99
Hubble,DEBRIS_B,24.457,9.227,1,0.0,0.8,139.68159353047753,0,0.99
Cosmos-1408 Debris,Envisat,8.501,12.305,367,16.0,0.9,116.25096042575728,0,0.9137
Tiangong,DEBRIS_A,1.605,10.863,21,10.2,0.8,138.52529123901314,0,0.2981
Cosmos-1408 Debris,Envisat,11.653,10.762,367,16.0,0.9,27.889282890465804,0,0.9878
Tiangong,ISS,1.358,11.615,19,10.2,0.2,39.2030173569335,0,0.0827
Cosmos-1408 Debris,Envisat,8.253,11.123,367,16.0,0.9,112.84740941662321,0,0.9302
DEBRIS_B,GPS-79,9.608,6.703,19652,26.5,0.8,83.7586094316335,0,0.9878
GPS-79,Cosmos-1408 Debris,15.451,8.717,19785,27.6,0.9,4.610889076678714,0,0.99
DEBRIS_A,Tiangong,4.445,3.843,21,10.2,0.8,103.55085067388964,0,0.9352
Starlink-1001,Tiangong,10.001,6.186,161,11.5,0.2,16.575455566938896,0,0.9719
Starlink-1001,Envisat,11.058,9.033,232,45.5,0.2,117.77346682415879,0,0.9616
GPS-79,DEBRIS_B,15.246,2.985,19652,26.5,0.8,20.11517622640334,0,0.99
ISS,Starlink-1001,14.723,1.407,142,1.4,0.2,56.975922787862345,0,0.99
DEBRIS_A,Hubble,7.469,6.833,137,23.2,0.8,162.3263791013373,0,0.9639
Envisat,ISS,15.404,5.594,374,46.9,0.2,150.92934439161493,0,0.99
Tiangong,Iridium-33 Debris,17.588,1.626,391,44.9,0.9,41.161548601363485,0,0.99
DEBRIS_A,Tiangong,18.14,7.911,21,10.2,0.8,64.2623078406242,0,0.99
Envisat,DEBRIS_A,19.565,6.22,372,46.9,0.8,84.43061903328427,0,0.99
Envisat,Hubble,50.43,10.548,235,70.1,0.2,107.70693576561833,0,0.99
ISS,GPS-79,2.398,2.033,19792,3.4,0.2,106.64243203838507,0,0.7289
Iridium-33 Debris,Envisat,6.245,10.655,2,12.1,0.9,91.6057093987937,0,0.8489
ISS,Cosmos-1408 Debris,10.442,7.588,7,30.9,0.9,155.14492880352594,0,0.99
Hubble,Tiangong,12.839,12.956,158,13.0,0.2,92.46291997861262,0,0.9494
ISS,GPS-79,4.365,14.762,19792,3.4,0.2,31.07188176155643,0,0.1363
DEBRIS_B,Cosmos-1408 Debris,30.073,4.031,133,54.1,0.9,72.39183700032028,0,0.99
Cosmos-1408 Debris,DEBRIS_A,2.073,0.645,5,30.9,0.9,150.77563933712932,0,0.9336
Hubble,DEBRIS_A,20.004,2.421,137,23.2,0.8,45.35013436309046,0,0.99
ISS,Envisat,5.568,6.747,374,46.9,0.2,112.37576581780498,0,0.7613
Iridium-33 Debris,ISS,6.688,14.061,372,34.8,0.9,77.23818255810596,0,0.7162
Hubble,Cosmos-1408 Debris,1.268,10.535,132,54.1,0.9,12.72069287399423,0,0.326
Tiangong,Starlink-1001,18.768,0.893,161,11.5,0.2,127.74895964479322,0,0.99
ISS,Tiangong,31.315,10.603,19,10.2,0.2,4.358242385286261,0,0.99
GPS-79,DEBRIS_B,2.922,9.604,19652,26.5,0.8,132.23664834091701,0,0.5448
Tiangong,Cosmos-1408 Debris,48.491,13.289,26,41.1,0.9,18.38565881633698,0,0.99
Cosmos-1408 Debris,GPS-79,0.658,11.16,19785,27.6,0.9,147.81382409389252,0,0.2281
ISS,Starlink-1001,13.77,9.892,142,1.4,0.2,70.44219111513799,0,0.9868
Hubble,GPS-79,2.002,14.347,19653,26.5,0.2,128.39017086424442,0,0.052
GPS-79,Envisat,7.194,1.527,19418,43.5,0.2,95.47503115612382,0,0.9718
Iridium-33 Debris,Hubble,0.8,11.851,233,57.9,0.9,72.94115238419418,0,0.205
Hubble,Cosmos-1408 Debris,1.615,1.261,132,54.1,0.9,4.412490563660842,0,0.9028
Tiangong,Hubble,0.287,6.334,158,13.0,0.2,52.221699353157426,0,0.2048
ISS,Starlink-1001,27.575,9.305,142,1.4,0.2,37.63036165035306,0,0.99
Tiangong,Cosmos-1408 Debris,3.056,7.105,26,41.1,0.9,113.85401869910358,0,0.7679
GPS-79,Hubble,1.986,11.017,19653,26.5,0.2,62.11822054332943,0,0.1287
Envisat,ISS,18.154,9.534,374,46.9,0.2,95.13595522197612,0,0.99
Cosmos-1408 Debris,GPS-79,11.704,5.301,19785,27.6,0.9,40.779006783805315,0,0.99
GPS-79,Starlink-1001,8.958,13.075,19650,2.0,0.2,147.64354875841985,0,0.7224
Cosmos-1408 Debris,ISS,6.038,10.046,7,30.9,0.9,157.54654325882362,0,0.8588
DEBRIS_A,DEBRIS_B,15.926,2.814,138,23.2,0.8,142.71116193544012,0,0.99
Tiangong,GPS-79,0.619,12.335,19811,13.5,0.2,23.37900621242705,0,0.0478
Hubble,Envisat,4.361,6.942,235,70.1,0.2,18.459331631765956,0,0.6219
DEBRIS_A,Cosmos-1408 Debris,11.989,14.631,5,30.9,0.9,52.529298060367395,0,0.9679
DEBRIS_B,Cosmos-1408 Debris,0.57,12.113,133,54.1,0.9,4.573744386413333,0,0.1752
Iridium-33 Debris,DEBRIS_A,13.298,4.435,370,34.8,0.9,38.639292546959936,0,0.99
DEBRIS_B,DEBRIS_A,34.061,14.865,138,23.2,0.8,64.53746295222483,0,0.99
Envisat,Cosmos-1408 Debris,22.169,11.733,367,16.0,0.9,38.807463205496354,0,0.99
Hubble,Starlink-1001,5.317,6.315,3,24.5,0.2,111.75105764074941,0,0.7621
DEBRIS_A,Starlink-1001,21.743,8.928,140,1.4,0.8,40.31151817691933,0,0.99
GPS-79,DEBRIS_A,24.467,2.173,19790,3.4,0.8,100.58726181122901,0,0.99
Iridium-33 Debris,Envisat,13.833,9.786,2,12.1,0.9,106.10791414673754,0,0.99
ISS,DEBRIS_B,4.1,9.012,140,23.2,0.8,89.77372119552007,0,0.7204
Cosmos-1408 Debris,ISS,8.919,13.016,7,30.9,0.9,22.08256933918694,0,0.9133
GPS-79,Envisat,13.589,8.358,19418,43.5,0.2,53.54920576569869,0,0.99
Starlink-1001,GPS-79,27.684,7.812,19650,2.0,0.2,131.97805712977782,0,0.99
DEBRIS_B,Envisat,37.967,10.552,234,70.1,0.8,144.3017241351807,0,0.99
Envisat,DEBRIS_B,28.946,0.441,234,70.1,0.8,95.11410014730457,0,0.99
GPS-79,Starlink-1001,29.471,2.586,19650,2.0,0.2,42.02738584931694,0,0.99
Iridium-33 Debris,Tiangong,8.907,3.006,391,44.9,0.9,54.871250637176956,0,0.99
Hubble,DEBRIS_B,0.474,0.245,1,0.0,0.8,60.06642998852305,0,0.8536
DEBRIS_B,ISS,3.614,14.008,140,23.2,0.8,148.00646723769245,0,0.311
GPS-79,DEBRIS_A,18.049,9.844,19790,3.4,0.8,118.70601070225653,0,0.99
Starlink-1001,Envisat,0.748,9.803,232,45.5,0.2,17.022703245838926,0,0.1028
DEBRIS_A,ISS,29.27,11.014,2,0.0,0.8,63.641975366060954,0,0.99
Tiangong,Envisat,11.166,11.815,393,57.1,0.2,90.82708299111289,0,0.9197
Envisat,GPS-79,1.416,11.397,19418,43.5,0.2,105.94845311387368,0,0.0902
Envisat,GPS-79,8.189,11.013,19418,43.5,0.2,49.385087073956356,0,0.7669
Iridium-33 Debris,Hubble,13.934,12.821,233,57.9,0.9,11.292342154354198,0,0.99
Iridium-33 Debris,DEBRIS_B,1.34,2.409,232,57.9,0.9,41.64100116166531,0,0.8516
Hubble,Tiangong,5.682,0.632,158,13.0,0.2,47.05123593665213,0,0.9548
Starlink-1001,GPS-79,0.984,2.867,19650,2.0,0.2,70.10731938368559,0,0.508
GPS-79,DEBRIS_B,6.546,9.246,19652,26.5,0.8,82.45405200985566,0,0.8908
Tiangong,Envisat,12.069,9.264,393,57.1,0.2,22.253570388617547,0,0.9748
ISS,Envisat,10.615,0.941,374,46.9,0.2,40.52266624790982,0,0.99
DEBRIS_A,DEBRIS_B,4.91,1.199,138,23.2,0.8,25.110994912284788,0,0.9758
Tiangong,ISS,0.933,4.197,19,10.2,0.2,38.485475643143836,0,0.4031
ISS,Hubble,21.09,8.36,139,23.2,0.2,157.6381212041233,0,0.99
GPS-79,Iridium-33 Debris,19.798,14.84,19420,31.4,0.9,68.80605868598816,0,0.99
DEBRIS_B,DEBRIS_A,9.759,8.524,138,23.2,0.8,101.48785263331926,0,0.9806
DEBRIS_B,Hubble,4.302,5.243,1,0.0,0.8,106.90727699808137,0,0.8983
Envisat,ISS,9.097,6.885,374,46.9,0.2,90.48670052334212,0,0.947
Hubble,Starlink-1001,13.001,5.996,3,24.5,0.2,134.22028628541776,0,0.99
Tiangong,DEBRIS_A,23.669,10.488,21,10.2,0.8,6.625997085312786,0,0.99
Envisat,Starlink-1001,17.137,14.254,232,45.5,0.2,47.84980832816551,0,0.99
Cosmos-1408 Debris,DEBRIS_A,1.149,8.146,5,30.9,0.9,46.6977024199475,0,0.4827
Envisat,ISS,3.681,3.378,374,46.9,0.2,101.49005242126151,0,0.7733
Cosmos-1408 Debris,ISS,10.493,0.268,7,30.9,0.9,102.96492480884383,0,0.99
Hubble,Envisat,3.506,6.246,235,70.1,0.2,95.47993005171598,0,0.5694
Envisat,Hubble,14.692,2.156,235,70.1,0.2,7.407358679853688,0,0.99
Envisat,DEBRIS_B,2.158,4.912,234,70.1,0.8,66.2019299723794,0,0.7695
Hubble,ISS,49.968,2.05,139,23.2,0.2,101.65909691799892,0,0.99
Envisat,Hubble,1.954,12.569,235,70.1,0.2,65.12415873407335,0,0.0837
Iridium-33 Debris,Cosmos-1408 Debris,20.689,9.063,365,3.8,0.9,61.25204181323621,0,0.99
Envisat,ISS,17.204,14.838,374,46.9,0.2,2.3458705967335787,0,0.9896
Tiangong,ISS,9.298,14.313,19,10.2,0.2,165.55253750243062,0,0.6803
Hubble,Cosmos-1408 Debris,0.258,2.297,132,54.1,0.9,51.52689545902548,0,0.7756
DEBRIS_A,ISS,28.889,1.402,2,0.0,0.8,18.303692045251264,0,0.99
DEBRIS_B,DEBRIS_A,9.248,4.122,138,23.2,0.8,139.7614853173355,0,0.99
Starlink-1001,Tiangong,15.725,3.465,161,11.5,0.2,81.65138842541833,0,0.99
ISS,GPS-79,10.399,12.262,19792,3.4,0.2,26.422916464651337,0,0.8723
Hubble,Envisat,19.332,0.725,235,70.1,0.2,81.57162290018977,0,0.99
DEBRIS_A,Hubble,13.941,12.104,137,23.2,0.8,157.38337417726535,0,0.99
Iridium-33 Debris,GPS-79,20.82,10.123,19420,31.4,0.9,2.1156618926058512,0,0.99
Iridium-33 Debris,Starlink-1001,2.605,14.367,230,33.4,0.9,122.25827121976582,0,0.2301
Tiangong,Hubble,31.778,11.265,158,13.0,0.2,128.16396741331405,0,0.99
DEBRIS_B,Cosmos-1408 Debris,44.988,10.171,133,54.1,0.9,143.08510080896323,0,0.99
DEBRIS_A,Tiangong,27.189,14.127,21,10.2,0.8,51.77847939237915,0,0.99
DEBRIS_B,Tiangong,8.078,12.994,159,13.0,0.8,108.54012714020529,0,0.8508
Envisat,Starlink-1001,20.278,14.335,232,45.5,0.2,93.98544870953836,0,0.99
GPS-79,Iridium-33 Debris,6.943,14.484,19420,31.4,0.9,26.984071980933308,0,0.7163
Cosmos-1408 Debris,Iridium-33 Debris,16.232,9.554,365,3.8,0.9,129.2935554111265,0,0.99
Envisat,Iridium-33 Debris,6.118,12.716,2,12.1,0.9,130.1035076549968,0,0.7397
Iridium-33 Debris,Hubble,17.805,9.06,233,57.9,0.9,68.7493671841035,0,0.99
Hubble,Tiangong,5.763,12.406,158,13.0,0.2,109.49183417278475,0,0.3917
Tiangong,Envisat,3.581,1.263,393,57.1,0.2,81.3451543830787,0,0.8596
Envisat,DEBRIS_B,8.027,12.803,234,70.1,0.8,163.26552289968603,0,0.8548
Cosmos-1408 Debris,GPS-79,20.928,12.179,19785,27.6,0.9,18.764855547439872,0,0.99
Starlink-1001,Cosmos-1408 Debris,10.892,13.219,135,29.6,0.9,39.64324026043643,0,0.9637
Tiangong,DEBRIS_A,6.205,0.72,21,10.2,0.8,73.4097426093395,0,0.9889
DEBRIS_B,Cosmos-1408 Debris,11.572,12.31,133,54.1,0.9,63.507594645900674,0,0.98
DEBRIS_A,Starlink-1001,12.521,3.347,140,1.4,0.8,98.73710460797875,0,0.99
Hubble,DEBRIS_B,58.8,13.675,1,0.0,0.8,84.64415567627924,0,0.99
Hubble,DEBRIS_A,46.371,5.461,137,23.2,0.8,148.3820416063589,0,0.99
DEBRIS_A,Cosmos-1408 Debris,0.95,12.275,5,30.9,0.9,36.33433092636891,0,0.1966
DEBRIS_A,DEBRIS_B,18.563,10.784,138,23.2,0.8,39.591880595208735,0,0.99
Iridium-33 Debris,Cosmos-1408 Debris,8.624,10.391,365,3.8,0.9,6.206662986160372,0,0.9523
Hubble,DEBRIS_A,14.605,6.36,137,23.2,0.8,147.29972361857287,0,0.99
Envisat,Starlink-1001,32.409,7.579,232,45.5,0.2,109.17488714533616,0,0.99
Hubble,Iridium-33 Debris,10.668,14.689,233,57.9,0.9,115.94990969597947,0,0.9386
Envisat,Iridium-33 Debris,8.21,12.127,2,12.1,0.9,134.3836218939168,0,0.9061
ISS,Iridium-33 Debris,5.569,7.268,372,34.8,0.9,124.90957434815063,0,0.9172
Iridium-33 Debris,ISS,27.276,6.842,372,34.8,0.9,125.66522705649349,0,0.99
DEBRIS_B,Envisat,10.218,9.733,234,70.1,0.8,73.59963562600078,0,0.9779
Starlink-1001,Cosmos-1408 Debris,1.433,8.781,135,29.6,0.9,153.25464202258348,0,0.4706
ISS,Iridium-33 Debris,7.047,11.378,372,34.8,0.9,49.642291071303035,0,0.871
DEBRIS_A,Tiangong,2.566,1.103,21,10.2,0.8,10.711161988014178,0,0.9277
Iridium-33 Debris,Cosmos-1408 Debris,5.491,14.813,365,3.8,0.9,114.48701777489434,0,0.5254
Tiangong,Cosmos-1408 Debris,4.776,3.204,26,41.1,0.9,33.87058508258973,0,0.9618
Iridium-33 Debris,DEBRIS_A,2.75,6.275,370,34.8,0.9,62.634630944299396,0,0.7845
Tiangong,DEBRIS_B,0.665,10.622,159,13.0,0.8,48.976513638012676,0,0.222
DEBRIS_A,Cosmos-1408 Debris,5.84,4.726,5,30.9,0.9,20.971371949127242,0,0.9645
Hubble,Cosmos-1408 Debris,4.316,4.316,132,54.1,0.9,139.25692009184422,0,0.9348
Iridium-33 Debris,Cosmos-1408 Debris,13.225,2.168,365,3.8,0.9,143.27225513845562,0,0.99
ISS,Cosmos-1408 Debris,7.847,11.403,7,30.9,0.9,65.14192462090563,0,0.9091
Iridium-33 Debris,GPS-79,25.801,2.528,19420,31.4,0.9,131.10118234478736,0,0.99
Hubble,Cosmos-1408 Debris,12.646,13.216,132,54.1,0.9,138.42047133345145,0,0.9846
ISS,GPS-79,1.65,2.121,19792,3.4,0.2,136.6948456083851,0,0.6431
Iridium-33 Debris,Tiangong,10.145,9.664,391,44.9,0.9,69.18831070332543,0,0.9815
DEBRIS_B,Hubble,0.019,1.047,1,0.0,0.8,104.74460262947338,0,0.785
Hubble,Starlink-1001,39.275,8.897,3,24.5,0.2,144.39519538992704,0,0.99
Starlink-1001,DEBRIS_A,8.56,2.874,140,1.4,0.8,64.55925470815302,0,0.99
Hubble,Envisat,9.688,0.511,235,70.1,0.2,103.07219213214762,0,0.99
ISS,Cosmos-1408 Debris,21.535,2.772,7,30.9,0.9,39.82670862102433,0,0.99
Hubble,Envisat,21.954,12.947,235,70.1,0.2,137.84995504928972,0,0.99
Cosmos-1408 Debris,DEBRIS_B,24.264,9.28,133,54.1,0.9,26.442103833120566,0,0.99
Starlink-1001,Tiangong,22.044,7.972,161,11.5,0.2,100.96596298333606,0,0.99
ISS,DEBRIS_B,10.613,5.763,140,23.2,0.8,26.550972311622793,0,0.99
Envisat,Iridium-33 Debris,17.591,1.461,2,12.1,0.9,153.4210766659651,0,0.99
Starlink-1001,Hubble,4.558,7.352,3,24.5,0.2,67.98619464636381,0,0.6162
Hubble,DEBRIS_B,8.666,0.488,1,0.0,0.8,55.03300865054253,0,0.99
Tiangong,Iridium-33 Debris,1.756,6.574,391,44.9,0.9,63.76289517738833,0,0.6694
DEBRIS_B,ISS,23.141,4.17,140,23.2,0.8,49.942563131792596,0,0.99
DEBRIS_A,Cosmos-1408 Debris,4.964,11.718,5,30.9,0.9,64.07430334582128,0,0.6827
Tiangong,ISS,33.802,2.374,19,10.2,0.2,32.35378822263747,0,0.99
GPS-79,Hubble,12.865,9.387,19653,26.5,0.2,138.23590044742957,0,0.9823
Envisat,DEBRIS_A,28.499,6.198,372,46.9,0.8,164.6235851429155,0,0.99
Envisat,DEBRIS_A,9.546,2.89,372,46.9,0.8,87.62060145463431,0,0.99
Hubble,Envisat,21.185,3.905,235,70.1,0.2,29.537514539900034,0,0.99
Cosmos-1408 Debris,Hubble,10.303,0.514,132,54.1,0.9,57.06557906521764,0,0.99
Tiangong,DEBRIS_A,40.078,7.965,21,10.2,0.8,120.9788583714933,0,0.99
Iridium-33 Debris,Starlink-1001,9.996,8.112,230,33.4,0.9,81.40981343766413,0,0.9874
ISS,DEBRIS_A,43.586,9.765,2,0.0,0.8,129.6236020302739,0,0.99
DEBRIS_A,Hubble,4.001,11.333,137,23.2,0.8,37.825705581673084,0,0.55
ISS,Envisat,36.616,9.007,374,46.9,0.2,142.1904137901526,0,0.99
Iridium-33 Debris,ISS,2.828,2.308,372,34.8,0.9,31.543005223862057,0,0.9257
Iridium-33 Debris,Envisat,17.928,13.868,2,12.1,0.9,148.14657801064837,0,0.99
GPS-79,Iridium-33 Debris,58.653,4.289,19420,31.4,0.9,134.56803947088596,0,0.99
ISS,Tiangong,9.934,0.252,19,10.2,0.2,117.20824470279705,0,0.99
Tiangong,Cosmos-1408 Debris,31.151,13.288,26,41.1,0.9,17.042131596148845,0,0.99
Iridium-33 Debris,Tiangong,2.741,10.954,391,44.9,0.9,40.32067151273562,0,0.471
Hubble,Iridium-33 Debris,3.23,11.301,233,57.9,0.9,80.2222476662814,0,0.5062
ISS,DEBRIS_B,0.658,1.57,140,23.2,0.8,87.57524955301865,0,0.8112
Starlink-1001,Iridium-33 Debris,31.678,10.402,230,33.4,0.9,144.26164088811072,0,0.99
Tiangong,GPS-79,3.543,11.801,19811,13.5,0.2,18.7052681162711,0,0.2029
DEBRIS_B,Hubble,8.864,10.362,1,0.0,0.8,23.423731662589244,0,0.949
GPS-79,Cosmos-1408 Debris,7.341,11.044,19785,27.6,0.9,17.352638765626928,0,0.8963
ISS,Envisat,7.109,10.795,374,46.9,0.2,24.248247462177154,0,0.6717
Cosmos-1408 Debris,GPS-79,17.189,10.013,19785,27.6,0.9,71.651982791892,0,0.99
Cosmos-1408 Debris,Hubble,0.099,12.134,132,54.1,0.9,20.723215583617765,1,0.143
GPS-79,DEBRIS_A,33.91,14.612,19790,3.4,0.8,97.37895153368044,0,0.99
GPS-79,Iridium-33 Debris,56.287,14.931,19420,31.4,0.9,125.46401539770356,0,0.99
Envisat,Hubble,9.974,2.072,235,70.1,0.2,17.595843601152293,0,0.99
DEBRIS_A,Iridium-33 Debris,30.587,2.691,370,34.8,0.9,4.908782204602379,0,0.99
GPS-79,DEBRIS_B,2.304,14.244,19652,26.5,0.8,165.63958896868743,0,0.1793
DEBRIS_B,Hubble,5.966,1.125,1,0.0,0.8,166.6550270543661,0,0.9859
Envisat,Tiangong,30.942,14.897,393,57.1,0.2,18.34505137417736,0,0.99
Envisat,Iridium-33 Debris,5.257,8.145,2,12.1,0.9,96.44416980966606,0,0.8792
Iridium-33 Debris,GPS-79,23.378,3.966,19420,31.4,0.9,137.1995885364027,0,0.99
DEBRIS_A,Tiangong,1.896,4.724,21,10.2,0.8,6.420602403504513,0,0.756
DEBRIS_A,Starlink-1001,0.96,6.041,140,1.4,0.8,50.89374954416858,0,0.5665
DEBRIS_A,Hubble,0.675,10.739,137,23.2,0.8,32.389835086841536,0,0.2169
Tiangong,DEBRIS_B,6.147,0.786,159,13.0,0.8,62.25273327065653,0,0.9883
Envisat,DEBRIS_A,63.555,2.928,372,46.9,0.8,105.8680947012511,0,0.99
Hubble,ISS,3.627,4.098,139,23.2,0.2,85.88300851119618,0,0.7279
ISS,Starlink-1001,37.874,7.552,142,1.4,0.2,139.62327314429962,0,0.99
Tiangong,DEBRIS_B,7.704,9.401,159,13.0,0.8,53.13670697078875,0,0.9329
Tiangong,GPS-79,6.54,7.432,19811,13.5,0.2,15.471954757689739,0,0.8085
Tiangong,DEBRIS_B,19.83,10.873,159,13.0,0.8,92.78809640887897,0,0.99
DEBRIS_B,Hubble,19.414,12.156,1,0.0,0.8,67.77292933925838,0,0.99
DEBRIS_B,Tiangong,3.831,14.37,159,13.0,0.8,14.837651017203425,0,0.311
Hubble,ISS,20.029,14.611,139,23.2,0.2,63.92029216812522,0,0.99
ISS,Cosmos-1408 Debris,32.643,6.336,7,30.9,0.9,112.41382122270424,0,0.99
Hubble,DEBRIS_B,17.801,4.648,1,0.0,0.8,67.65758636459041,0,0.99
Iridium-33 Debris,Envisat,4.59,13.589,2,12.1,0.9,2.830905944318725,0,0.5045
Starlink-1001,ISS,3.426,3.799,142,1.4,0.2,32.31180688818449,0,0.7258
ISS,GPS-79,3.932,0.188,19792,3.4,0.2,100.65256476285188,0,0.9097
Tiangong,ISS,4.815,3.413,19,10.2,0.2,55.931511602792426,0,0.8561
DEBRIS_B,Cosmos-1408 Debris,59.493,14.869,133,54.1,0.9,59.862277311905096,0,0.99
ISS,DEBRIS_B,6.116,1.202,140,23.2,0.8,165.91631222428137,0,0.9866
Starlink-1001,Iridium-33 Debris,7.102,1.083,230,33.4,0.9,16.61749456071273,0,0.99
Iridium-33 Debris,Hubble,36.868,4.238,233,57.9,0.9,124.29080471344363,0,0.99
Hubble,Iridium-33 Debris,2.438,4.439,233,57.9,0.9,97.49743630450693,0,0.8439
DEBRIS_A,Starlink-1001,20.892,4.969,140,1.4,0.8,98.54857934784083,0,0.99
Hubble,ISS,33.03,8.643,139,23.2,0.2,162.19000837697902,0,0.99
Hubble,DEBRIS_B,17.975,3.652,1,0.0,0.8,157.61278909907574,0,0.99
Hubble,Iridium-33 Debris,12.774,4.752,233,57.9,0.9,73.03747649854115,0,0.99
Envisat,Starlink-1001,7.806,1.391,232,45.5,0.2,0.6988040469039258,0,0.9799
Iridium-33 Debris,Tiangong,3.284,12.827,391,44.9,0.9,133.92290533115442,0,0.3998
Envisat,Tiangong,50.397,2.362,393,57.1,0.2,49.54024770756811,0,0.99
Starlink-1001,GPS-79,14.185,6.125,19650,2.0,0.2,92.68963284148029,0,0.99
Hubble,GPS-79,16.918,11.661,19653,26.5,0.2,45.37988650079318,0,0.99
Tiangong,GPS-79,2.787,1.451,19811,13.5,0.2,134.05720751934498,0,0.7955
Tiangong,DEBRIS_A,5.983,3.174,21,10.2,0.8,67.73005551728389,0,0.9744
GPS-79,Iridium-33 Debris,11.728,3.064,19420,31.4,0.9,14.360371885437077,0,0.99
DEBRIS_A,Tiangong,0.891,7.682,21,10.2,0.8,94.56398215384912,0,0.4356
ISS,DEBRIS_A,3.1,10.301,2,0.0,0.8,70.39838691464394,0,0.5149
Hubble,Iridium-33 Debris,25.994,8.304,233,57.9,0.9,29.83854801787971,0,0.99
ISS,Cosmos-1408 Debris,18.669,1.038,7,30.9,0.9,99.94563806886433,0,0.99
Envisat,Starlink-1001,14.373,1.848,232,45.5,0.2,64.97421661338376,0,0.99
DEBRIS_B,Starlink-1001,3.577,12.505,2,24.5,0.8,69.52362083433282,0,0.4103
Cosmos-1408 Debris,DEBRIS_B,1.774,6.11,133,54.1,0.9,144.61571045527717,0,0.7013
Starlink-1001,Hubble,2.879,1.258,3,24.5,0.2,117.5638050282893,0,0.8119
Envisat,Iridium-33 Debris,1.47,5.342,2,12.1,0.9,22.893153886679453,0,0.7176
Cosmos-1408 Debris,ISS,14.892,5.519,7,30.9,0.9,4.644944391696444,0,0.99
ISS,Iridium-33 Debris,8.261,12.05,372,34.8,0.9,17.00117749736252,0,0.9102
DEBRIS_A,Tiangong,14.492,14.254,21,10.2,0.8,155.80231528235805,0,0.9897
Hubble,GPS-79,16.088,4.56,19653,26.5,0.2,31.91392751850355,0,0.99
DEBRIS_A,GPS-79,6.938,0.909,19790,3.4,0.8,121.69006022213567,0,0.99
Starlink-1001,ISS,50.061,8.058,142,1.4,0.2,88.43523907198303,0,0.99
Hubble,GPS-79,3.379,8.736,19653,26.5,0.2,14.076121568831018,0,0.3702
ISS,Hubble,7.555,6.292,139,23.2,0.2,108.1100978774626,0,0.908
GPS-79,Envisat,12.583,10.325,19418,43.5,0.2,10.182673930549571,0,0.9733
ISS,DEBRIS_A,30.81,0.597,2,0.0,0.8,115.85051037856675,0,0.99
DEBRIS_A,Starlink-1001,22.519,11.361,140,1.4,0.8,137.1278267092031,0,0.99
DEBRIS_B,Tiangong,18.342,14.584,159,13.0,0.8,7.420501337012459,0,0.99
GPS-79,Hubble,9.631,7.32,19653,26.5,0.2,120.49069721252688,0,0.9534
ISS,DEBRIS_B,6.499,4.443,140,23.2,0.8,112.34451612439162,0,0.9712
Cosmos-1408 Debris,DEBRIS_B,33.608,2.965,133,54.1,0.9,14.708405966712533,0,0.99
Iridium-33 Debris,DEBRIS_A,10.863,11.482,370,34.8,0.9,52.701007737843355,0,0.9778
Hubble,Starlink-1001,36.465,13.515,3,24.5,0.2,69.89557315655979,0,0.99
Iridium-33 Debris,Cosmos-1408 Debris,62.796,1.17,365,3.8,0.9,75.14379265047131,0,0.99
Starlink-1001,Iridium-33 Debris,24.195,11.329,230,33.4,0.9,142.41753005896118,0,0.99
DEBRIS_B,GPS-79,33.04,8.95,19652,26.5,0.8,154.5019920828949,0,0.99
Tiangong,DEBRIS_A,6.404,13.073,21,10.2,0.8,21.766380626795314,0,0.7069
Envisat,DEBRIS_B,20.518,13.588,234,70.1,0.8,66.50235564678422,0,0.99
DEBRIS_B,Cosmos-1408 Debris,7.569,12.381,133,54.1,0.9,151.2598862848741,0,0.8665
Hubble,DEBRIS_A,3.604,9.914,137,23.2,0.8,155.7412068082457,0,0.6053
GPS-79,Iridium-33 Debris,3.739,11.519,19420,31.4,0.9,62.01931041834421,0,0.5533
DEBRIS_B,GPS-79,24.865,7.852,19652,26.5,0.8,6.040170227600426,0,0.99
DEBRIS_B,Tiangong,37.087,5.938,159,13.0,0.8,39.56882563370992,0,0.99
DEBRIS_A,Starlink-1001,18.581,9.805,140,1.4,0.8,74.10656786253932,0,0.99
Tiangong,Starlink-1001,11.901,11.629,161,11.5,0.2,66.53839011763391,0,0.9459
Envisat,Cosmos-1408 Debris,4.635,6.799,367,16.0,0.9,150.39278827067264,0,0.8887
Hubble,ISS,7.621,10.789,139,23.2,0.2,147.28298195499042,0,0.7259
DEBRIS_B,Tiangong,31.94,8.153,159,13.0,0.8,54.05272417614827,0,0.99
GPS-79,ISS,39.193,14.791,19792,3.4,0.2,125.17466167651952,0,0.99
Iridium-33 Debris,Tiangong,23.403,5.034,391,44.9,0.9,77.40480512188763,0,0.99
DEBRIS_A,ISS,6.101,4.02,2,0.0,0.8,140.87740688936643,0,0.9691
Envisat,Starlink-1001,8.001,10.937,232,45.5,0.2,31.00140527748083,0,0.7539
DEBRIS_A,Hubble,2.015,10.604,137,23.2,0.8,109.68580460719862,0,0.3604
DEBRIS_B,Iridium-33 Debris,5.502,1.552,232,57.9,0.9,150.6697596985262,0,0.9835
DEBRIS_B,Cosmos-1408 Debris,0.83,13.362,133,54.1,0.9,51.39951904568621,0,0.1426
Tiangong,Starlink-1001,58.297,4.754,161,11.5,0.2,160.6680084638716,0,0.99
DEBRIS_B,Envisat,13.855,13.601,234,70.1,0.8,78.61063008764691,0,0.9884
Hubble,ISS,6.532,6.747,139,23.2,0.2,16.972748548620533,0,0.8378
ISS,GPS-79,16.504,3.833,19792,3.4,0.2,136.62701041133772,0,0.99
DEBRIS_B,Iridium-33 Debris,53.473,0.307,232,57.9,0.9,122.78455832321742,0,0.99
Iridium-33 Debris,Starlink-1001,1.144,6.793,230,33.4,0.9,106.71970186506775,0,0.5828
Cosmos-1408 Debris,Hubble,21.342,4.907,132,54.1,0.9,41.07440563211266,0,0.99
DEBRIS_B,DEBRIS_A,20.189,8.91,138,23.2,0.8,161.4856627115974,0,0.99
DEBRIS_A,GPS-79,29.572,6.294,19790,3.4,0.8,89.41448427343765,0,0.99
Cosmos-1408 Debris,Iridium-33 Debris,6.263,3.506,365,3.8,0.9,105.11171126372929,0,0.9798
Hubble,Cosmos-1408 Debris,3.015,8.525,132,54.1,0.9,5.140802153372987,0,0.6792
Starlink-1001,DEBRIS_B,5.89,2.238,2,24.5,0.8,59.631540585240764,0,0.9796
Starlink-1001,ISS,29.499,13.002,142,1.4,0.2,53.88305898905701,0,0.99
Iridium-33 Debris,DEBRIS_B,11.012,1.364,232,57.9,0.9,18.20320930241422,0,0.99
ISS,Starlink-1001,25.563,12.207,142,1.4,0.2,36.31729347215638,0,0.99
Iridium-33 Debris,Starlink-1001,5.643,7.981,230,33.4,0.9,46.877911323559154,0,0.9027
Hubble,GPS-79,14.011,11.405,19653,26.5,0.2,71.53058564609438,0,0.9817
Cosmos-1408 Debris,GPS-79,25.398,7.694,19785,27.6,0.9,54.56708311541639,0,0.99
Hubble,Iridium-33 Debris,10.106,1.235,233,57.9,0.9,139.03729505754714,0,0.99
Hubble,ISS,12.065,7.073,139,23.2,0.2,20.194781337622395,0,0.9868
Iridium-33 Debris,Starlink-1001,5.478,11.662,230,33.4,0.9,109.6580504117294,0,0.739
Envisat,Iridium-33 Debris,15.459,13.18,2,12.1,0.9,68.88093557153401,0,0.99
DEBRIS_A,Iridium-33 Debris,27.137,2.787,370,34.8,0.9,24.555867961469318,0,0.99
ISS,Envisat,5.871,10.05,374,46.9,0.2,60.140163091647196,0,0.5794
Envisat,Tiangong,0.519,12.656,393,57.1,0.2,44.56630588060905,0,0.0416
ISS,Envisat,9.561,10.06,374,46.9,0.2,107.77092459015705,0,0.8968
Starlink-1001,DEBRIS_A,31.007,3.261,140,1.4,0.8,49.46761526612451,0,0.99
Tiangong,DEBRIS_B,11.682,4.459,159,13.0,0.8,115.77229412533768,0,0.99
Envisat,Tiangong,6.647,11.17,393,57.1,0.2,71.3000299838933,0,0.592
Iridium-33 Debris,Tiangong,21.891,10.418,391,44.9,0.9,143.63216670932718,0,0.99
Tiangong,Iridium-33 Debris,23.49,0.492,391,44.9,0.9,74.49680942905285,0,0.99
Hubble,Envisat,7.557,7.242,235,70.1,0.2,33.19258876126075,0,0.8814
DEBRIS_B,ISS,17.155,1.844,140,23.2,0.8,125.0223491330695,0,0.99
Hubble,Envisat,0.471,7.262,235,70.1,0.2,133.66423909409284,0,0.1761
Starlink-1001,Envisat,1.594,3.658,232,45.5,0.2,4.142640512018481,0,0.5249
Starlink-1001,Hubble,23.257,7.475,3,24.5,0.2,72.16201891466967,0,0.99
Envisat,DEBRIS_A,14.383,4.078,372,46.9,0.8,44.944373587777896,0,0.99
Starlink-1001,Cosmos-1408 Debris,15.896,8.402,135,29.6,0.9,10.936283542533744,0,0.99
Iridium-33 Debris,Tiangong,0.148,9.254,391,44.9,0.9,20.655543427491203,0,0.2886
Envisat,Tiangong,29.895,3.243,393,57.1,0.2,148.23847077821796,0,0.99
Envisat,DEBRIS_B,36.521,10.989,234,70.1,0.8,104.55662306999606,0,0.99
Hubble,ISS,1.805,14.859,139,23.2,0.2,101.87555705416254,0,0.0409
Iridium-33 Debris,Cosmos-1408 Debris,8.401,3.457,365,3.8,0.9,85.20230450314656,0,0.99
Tiangong,Starlink-1001,20.106,5.086,161,11.5,0.2,152.35322519608232,0,0.99
ISS,Envisat,25.886,11.233,374,46.9,0.2,84.25933016303746,0,0.99
Envisat,ISS,15.898,11.129,374,46.9,0.2,47.64860937508776,0,0.99
Envisat,Starlink-1001,0.301,0.998,232,45.5,0.2,100.3670642293301,0,0.5625
GPS-79,Iridium-33 Debris,2.093,12.925,19420,31.4,0.9,111.72594867931055,0,0.2629
Hubble,Starlink-1001,20.361,14.998,3,24.5,0.2,119.39939052213204,0,0.99
Cosmos-1408 Debris,Starlink-1001,1.139,6.221,135,29.6,0.9,86.29616339338047,0,0.6233
GPS-79,ISS,10.857,4.354,19792,3.4,0.2,167.51568770046185,0,0.9893
DEBRIS_B,ISS,12.349,8.625,140,23.2,0.8,48.20524490256013,0,0.99
Tiangong,DEBRIS_A,12.436,2.297,21,10.2,0.8,115.76277134479422,0,0.99
DEBRIS_A,GPS-79,3.446,13.976,19790,3.4,0.8,110.01085502013278,0,0.2953
Cosmos-1408 Debris,ISS,8.241,9.995,7,30.9,0.9,129.10899871638912,0,0.9489
GPS-79,Hubble,1.286,9.659,19653,26.5,0.2,134.99581450265325,0,0.1353
Cosmos-1408 Debris,ISS,7.42,10.46,7,30.9,0.9,60.235588158817606,0,0.9147
Envisat,Hubble,2.415,0.467,235,70.1,0.2,133.21289329854343,0,0.8127
Envisat,Starlink-1001,16.021,4.038,232,45.5,0.2,10.107568877145127,0,0.99
Hubble,DEBRIS_A,29.438,9.106,137,23.2,0.8,72.10022282978615,0,0.99
ISS,Starlink-1001,8.137,4.374,142,1.4,0.2,57.061516880616,0,0.9592
Cosmos-1408 Debris,Hubble,9.397,2.339,132,54.1,0.9,70.45845302131475,0,0.99
Starlink-1001,Envisat,0.219,13.217,232,45.5,0.2,160.28495469189747,0,0.0306
Starlink-1001,Cosmos-1408 Debris,9.554,2.307,135,29.6,0.9,143.01641467826764,0,0.99
Envisat,GPS-79,41.769,12.219,19418,43.5,0.2,111.9253358796906,0,0.99
GPS-79,Cosmos-1408 Debris,9.99,12.368,19785,27.6,0.9,129.3120661689949,0,0.9562
DEBRIS_B,Cosmos-1408 Debris,6.504,3.298,133,54.1,0.9,91.54421438384358,0,0.9831
Cosmos-1408 Debris,Iridium-33 Debris,9.093,12.35,365,3.8,0.9,129.15597160563226,0,0.9335
DEBRIS_B,GPS-79,23.118,14.357,19652,26.5,0.8,151.46009206058864,0,0.99
Starlink-1001,Iridium-33 Debris,8.837,7.864,230,33.4,0.9,166.05441439745675,0,0.9793
GPS-79,Starlink-1001,10.185,14.892,19650,2.0,0.2,65.14491678777681,0,0.736
Envisat,DEBRIS_A,38.727,8.675,372,46.9,0.8,107.16985994628938,0,0.99
Iridium-33 Debris,DEBRIS_B,14.763,8.673,232,57.9,0.9,53.515239110533855,0,0.99
Iridium-33 Debris,Cosmos-1408 Debris,9.517,10.791,365,3.8,0.9,75.78953495077417,0,0.9652
DEBRIS_A,Cosmos-1408 Debris,18.213,5.266,5,30.9,0.9,55.56920246183405,0,0.99
DEBRIS_A,Tiangong,27.186,1.19,21,10.2,0.8,96.17415866622487,0,0.99
DEBRIS_B,DEBRIS_A,26.562,6.078,138,23.2,0.8,107.38054716580363,0,0.99
ISS,DEBRIS_A,7.941,12.764,2,0.0,0.8,41.94681582638833,0,0.8508
Envisat,DEBRIS_B,8.372,0.797,234,70.1,0.8,84.64312788805637,0,0.99
DEBRIS_B,DEBRIS_A,17.414,14.116,138,23.2,0.8,96.21460252615053,0,0.99
Starlink-1001,ISS,0.966,6.115,142,1.4,0.2,110.57663661449905,0,0.2786
Tiangong,DEBRIS_B,4.351,8.487,159,13.0,0.8,98.01717379029705,0,0.7737
Cosmos-1408 Debris,Starlink-1001,17.586,10.499,135,29.6,0.9,21.964519860739177,0,0.99
Iridium-33 Debris,GPS-79,34.12,9.344,19420,31.4,0.9,71.15105755561014,0,0.99
Cosmos-1408 Debris,DEBRIS_A,10.694,9.939,5,30.9,0.9,167.62128828705022,0,0.9847
Starlink-1001,Hubble,30.144,1.216,3,24.5,0.2,23.15309674788075,0,0.99
DEBRIS_B,Tiangong,0.295,3.613,159,13.0,0.8,135.00999095412803,0,0.66
Tiangong,ISS,2.163,10.148,19,10.2,0.2,108.67701608209354,0,0.1732
GPS-79,Starlink-1001,25.414,10.319,19650,2.0,0.2,103.54558019594495,0,0.99
Envisat,DEBRIS_A,0.347,13.827,372,46.9,0.8,99.02382445956533,0,0.0851
Starlink-1001,Hubble,23.001,0.616,3,24.5,0.2,5.210294350294158,0,0.99
ISS,Cosmos-1408 Debris,10.922,12.138,7,30.9,0.9,110.1725515745847,0,0.9739
Tiangong,Envisat,9.174,9.642,393,57.1,0.2,121.61377497754155,0,0.8904
Hubble,GPS-79,7.107,1.183,19653,26.5,0.2,76.98125839914121,0,0.9734
DEBRIS_B,Starlink-1001,34.761,3.292,2,24.5,0.8,112.28245755231131,0,0.99
Iridium-33 Debris,GPS-79,35.073,14.171,19420,31.4,0.9,147.709619671671,0,0.99
Cosmos-1408 Debris,Starlink-1001,5.157,1.214,135,29.6,0.9,40.9050412892358,0,0.9823
Envisat,DEBRIS_A,5.654,4.25,372,46.9,0.8,40.691428093255126,0,0.959
Hubble,DEBRIS_A,5.115,6.201,137,23.2,0.8,71.26231371256907,0,0.9087
Starlink-1001,Envisat,5.401,12.977,232,45.5,0.2,128.8932167657979,0,0.3116
Iridium-33 Debris,Starlink-1001,6.03,7.484,230,33.4,0.9,9.722860510595918,0,0.9289
Tiangong,Starlink-1001,4.55,1.108,161,11.5,0.2,54.852139729010176,0,0.9124
Envisat,ISS,7.683,0.361,374,46.9,0.2,73.56875325155099,0,0.9842
Iridium-33 Debris,Starlink-1001,27.662,3.817,230,33.4,0.9,24.5395440988218,0,0.99
GPS-79,Iridium-33 Debris,0.126,11.043,19420,31.4,0.9,167.9550169532434,0,0.1901
GPS-79,DEBRIS_A,9.995,14.531,19790,3.4,0.8,42.89116381448386,0,0.9036
Envisat,Hubble,4.175,4.284,235,70.1,0.2,100.74828854044141,0,0.7689
Iridium-33 Debris,ISS,13.832,1.451,372,34.8,0.9,26.459570632319252,0,0.99
Starlink-1001,Iridium-33 Debris,15.681,5.221,230,33.4,0.9,129.33823829218204,0,0.99
DEBRIS_B,Cosmos-1408 Debris,4.101,9.88,133,54.1,0.9,2.1870494347076974,0,0.7082
Tiangong,DEBRIS_B,39.003,9.942,159,13.0,0.8,1.582061436686327,0,0.99
Envisat,ISS,27.074,8.71,374,46.9,0.2,142.3615412956171,0,0.99
Hubble,Tiangong,41.063,7.18,158,13.0,0.2,10.900215096703045,0,0.99
Cosmos-1408 Debris,Iridium-33 Debris,17.836,2.84,365,3.8,0.9,85.78604566216033,0,0.99
DEBRIS_A,Cosmos-1408 Debris,4.343,14.502,5,30.9,0.9,138.17459979398748,0,0.4063
Envisat,DEBRIS_B,7.327,1.919,234,70.1,0.8,114.3052275538115,0,0.99
Tiangong,Iridium-33 Debris,6.692,7.729,391,44.9,0.9,167.344870043594,0,0.9442
Envisat,DEBRIS_B,12.045,4.97,234,70.1,0.8,14.542754234277059,0,0.99
Starlink-1001,ISS,1.621,9.053,142,1.4,0.2,112.02040209447206,0,0.1816
Starlink-1001,Envisat,21.358,9.27,232,45.5,0.2,120.16892977487888,0,0.99
Cosmos-1408 Debris,Tiangong,16.808,3.902,26,41.1,0.9,9.499730696810374,0,0.99
Iridium-33 Debris,GPS-79,6.734,12.284,19420,31.4,0.9,11.751699569724341,0,0.8149
ISS,Tiangong,29.871,5.068,19,10.2,0.2,26.434944255947332,0,0.99
GPS-79,DEBRIS_A,25.789,6.249,19790,3.4,0.8,138.95338345173232,0,0.99
Cosmos-1408 Debris,GPS-79,0.412,10.947,19785,27.6,0.9,137.21075392875042,0,0.2178
Tiangong,ISS,24.125,4.715,19,10.2,0.2,52.545633993227504,0,0.99
GPS-79,Tiangong,22.687,13.949,19811,13.5,0.2,11.35813270677717,0,0.99
DEBRIS_B,GPS-79,21.38,6.642,19652,26.5,0.8,84.77784272168985,0,0.99
DEBRIS_A,DEBRIS_B,29.7,8.249,138,23.2,0.8,120.13179653735675,0,0.99
GPS-79,DEBRIS_B,1.853,0.849,19652,26.5,0.8,126.713935330932,0,0.9065
Envisat,Iridium-33 Debris,17.05,1.325,2,12.1,0.9,93.29071743051927,0,0.99
GPS-79,Tiangong,27.977,13.659,19811,13.5,0.2,77.76739773493966,0,0.99
Envisat,Starlink-1001,1.993,0.77,232,45.5,0.2,157.81020994863619,0,0.7623
ISS,Iridium-33 Debris,2.783,5.466,372,34.8,0.9,31.02443973000045,0,0.8252
Tiangong,Cosmos-1408 Debris,21.025,1.201,26,41.1,0.9,87.99537872204624,0,0.99
Envisat,Tiangong,10.364,3.584,393,57.1,0.2,38.195895478649796,0,0.9891
GPS-79,DEBRIS_B,8.397,6.898,19652,26.5,0.8,26.473578267459594,0,0.9765
Cosmos-1408 Debris,DEBRIS_B,6.376,4.653,133,54.1,0.9,113.23664364693684,0,0.9732
DEBRIS_B,Starlink-1001,14.635,6.04,2,24.5,0.8,10.141843011656118,0,0.99
Hubble,ISS,23.04,14.514,139,23.2,0.2,147.93269665901778,0,0.99
Envisat,Hubble,0.603,9.902,235,70.1,0.2,142.4750157435992,0,0.0937
ISS,Tiangong,10.984,0.684,19,10.2,0.2,16.667045268540917,0,0.99
Envisat,ISS,3.647,4.979,374,46.9,0.2,3.7677007143755987,0,0.6748
Hubble,Cosmos-1408 Debris,0.713,10.84,132,54.1,0.9,90.76740232759315,0,0.2506
Hubble,DEBRIS_B,11.323,7.405,1,0.0,0.8,1.1621611820776159,0,0.99
Cosmos-1408 Debris,DEBRIS_A,27.983,1.369,5,30.9,0.9,89.28086110600965,0,0.99
ISS,Tiangong,71.896,3.624,19,10.2,0.2,154.19692584054133,0,0.99
Tiangong,Hubble,81.075,6.475,158,13.0,0.2,111.27893394262603,0,0.99
Iridium-33 Debris,DEBRIS_A,35.157,6.182,370,34.8,0.9,164.7076832511774,0,0.99
ISS,Hubble,5.711,10.236,139,23.2,0.2,25.66678200108816,0,0.546
DEBRIS_A,Hubble,19.641,2.775,137,23.2,0.8,89.3786458817868,0,0.99
DEBRIS_B,Starlink-1001,6.773,14.991,2,24.5,0.8,49.10394982946248,0,0.62
Hubble,DEBRIS_B,24.283,1.137,1,0.0,0.8,104.01200560814995,0,0.99
Envisat,Hubble,18.603,14.059,235,70.1,0.2,110.90913166540197,0,0.99
DEBRIS_A,GPS-79,2.543,4.522,19790,3.4,0.8,60.9415300329104,0,0.8198
Cosmos-1408 Debris,DEBRIS_B,3.947,11.955,133,54.1,0.9,89.80017557882535,0,0.5466
DEBRIS_A,Envisat,10.615,3.172,372,46.9,0.8,112.70079015264427,0,0.99
DEBRIS_A,Hubble,9.891,1.814,137,23.2,0.8,56.245118222598606,0,0.99
Envisat,DEBRIS_B,33.538,8.433,234,70.1,0.8,127.68659360903096,0,0.99
DEBRIS_B,DEBRIS_A,9.54,10.806,138,23.2,0.8,36.00011126732842,0,0.958
Envisat,Hubble,70.555,5.419,235,70.1,0.2,49.15095278526947,0,0.99
DEBRIS_B,Cosmos-1408 Debris,38.556,14.201,133,54.1,0.9,147.43020882015685,0,0.99
Iridium-33 Debris,Envisat,39.86,9.997,2,12.1,0.9,1.401943305274159,0,0.99
GPS-79,Cosmos-1408 Debris,14.407,1.09,19785,27.6,0.9,3.834440035322321,0,0.99
Starlink-1001,DEBRIS_A,24.478,11.889,140,1.4,0.8,120.93480140258353,0,0.99
Iridium-33 Debris,Cosmos-1408 Debris,27.159,7.335,365,3.8,0.9,53.67173989800512,0,0.99
GPS-79,Starlink-1001,3.698,11.725,19650,2.0,0.2,8.155785117436888,0,0.2195
Envisat,Starlink-1001,100.639,10.098,232,45.5,0.2,68.21223693850898,0,0.99
Envisat,DEBRIS_B,59.792,6.648,234,70.1,0.8,49.78895640732898,0,0.99
GPS-79,Iridium-33 Debris,2.426,7.583,19420,31.4,0.9,122.45019150261689,0,0.6766
DEBRIS_A,Hubble,11.824,4.869,137,23.2,0.8,54.43876451413853,0,0.99
Cosmos-1408 Debris,Hubble,13.497,7.039,132,54.1,0.9,77.83787108691952,0,0.99
ISS,Hubble,42.596,2.062,139,23.2,0.2,39.43145761825831,0,0.99
Hubble,Starlink-1001,22.174,0.401,3,24.5,0.2,160.85006018640607,0,0.99
ISS,Starlink-1001,14.378,4.21,142,1.4,0.2,74.92882891658044,0,0.99
Starlink-1001,DEBRIS_B,43.923,2.236,2,24.5,0.8,0.4294228744093994,0,0.99
Starlink-1001,DEBRIS_B,5.565,5.707,2,24.5,0.8,102.79350877812307,0,0.9353
GPS-79,Cosmos-1408 Debris,49.363,0.405,19785,27.6,0.9,33.59985140731638,0,0.99
Hubble,ISS,31.486,5.007,139,23.2,0.2,139.2813655700831,0,0.99
ISS,Envisat,24.614,7.032,374,46.9,0.2,74.60726275583521,0,0.99
Cosmos-1408 Debris,ISS,8.144,6.344,7,30.9,0.9,17.501291746991484,0,0.9815
Hubble,Tiangong,7.938,13.591,158,13.0,0.2,125.9339978897789,0,0.5724
Envisat,Iridium-33 Debris,33.399,2.573,2,12.1,0.9,34.576879407204174,0,0.99
Tiangong,Starlink-1001,21.08,10.071,161,11.5,0.2,136.3416507745293,0,0.99
Tiangong,Hubble,3.085,9.104,158,13.0,0.2,146.22437122706336,0,0.3125
Envisat,DEBRIS_B,16.123,12.413,234,70.1,0.8,123.48201391034625,0,0.99
Cosmos-1408 Debris,ISS,27.851,0.765,7,30.9,0.9,45.00386795574756,0,0.99
Cosmos-1408 Debris,Tiangong,40.185,8.129,26,41.1,0.9,77.65975882460938,0,0.99
DEBRIS_B,Hubble,52.338,4.536,1,0.0,0.8,47.63839418786004,0,0.99
GPS-79,DEBRIS_B,64.702,0.421,19652,26.5,0.8,113.07860702428601,0,0.99
Cosmos-1408 Debris,Hubble,12.764,6.026,132,54.1,0.9,49.39825747235624,0,0.99
Starlink-1001,Tiangong,43.092,12.516,161,11.5,0.2,114.39156505098656,0,0.99
Cosmos-1408 Debris,Starlink-1001,6.07,13.23,135,29.6,0.9,30.81388478180813,0,0.704
ISS,Envisat,23.053,1.173,374,46.9,0.2,161.2454693778544,0,0.99
Tiangong,ISS,20.707,5.1,19,10.2,0.2,65.29225076043043,0,0.99
Envisat,GPS-79,24.641,1.386,19418,43.5,0.2,90.89714089282606,0,0.99
Iridium-33 Debris,Envisat,12.163,6.694,2,12.1,0.9,165.36083535060175,0,0.99
Iridium-33 Debris,DEBRIS_A,23.046,8.035,370,34.8,0.9,100.5215543111664,0,0.99
Tiangong,Iridium-33 Debris,16.273,1.516,391,44.9,0.9,3.997346420932978,0,0.99
DEBRIS_A,ISS,16.357,10.974,2,0.0,0.8,51.70584159958158,0,0.99
ISS,Tiangong,14.719,14.181,19,10.2,0.2,13.883704594590972,0,0.9708
DEBRIS_A,Hubble,9.43,8.585,137,23.2,0.8,85.27570904753755,0,0.9768
Tiangong,ISS,0.062,11.664,19,10.2,0.2,5.352252966564981,1,0.0444
DEBRIS_B,GPS-79,5.854,6.973,19652,26.5,0.8,91.20044165963434,0,0.9194
Starlink-1001,DEBRIS_B,1.635,2.44,2,24.5,0.8,149.89898731165331,0,0.8436
DEBRIS_A,Envisat,23.379,12.684,372,46.9,0.8,159.50023135609155,0,0.99
Iridium-33 Debris,DEBRIS_A,8.833,11.333,370,34.8,0.9,119.96850250031282,0,0.9436
Envisat,Tiangong,14.868,0.28,393,57.1,0.2,119.49821012773192,0,0.99
Envisat,GPS-79,26.937,8.315,19418,43.5,0.2,56.565537780334424,0,0.99
Cosmos-1408 Debris,DEBRIS_B,10.175,5.861,133,54.1,0.9,50.50901146055709,0,0.99
Starlink-1001,DEBRIS_B,1.687,12.715,2,24.5,0.8,56.41611604507696,0,0.2025
GPS-79,Envisat,19.343,6.162,19418,43.5,0.2,23.70334160951612,0,0.99
Iridium-33 Debris,Tiangong,32.927,0.214,391,44.9,0.9,130.00163812676396,0,0.99
ISS,DEBRIS_A,4.079,1.097,2,0.0,0.8,11.229011753819105,0,0.9648
GPS-79,Cosmos-1408 Debris,2.122,8.675,19785,27.6,0.9,57.54591741569719,0,0.5643
Hubble,Tiangong,6.307,2.3,158,13.0,0.2,99.94151109233688,0,0.946
Tiangong,Iridium-33 Debris,13.917,5.962,391,44.9,0.9,109.28475012842515,0,0.99
Cosmos-1408 Debris,DEBRIS_B,22.622,10.783,133,54.1,0.9,68.73790860385786,0,0.99
ISS,Starlink-1001,36.381,11.768,142,1.4,0.2,35.2899827505901,0,0.99
Hubble,DEBRIS_B,14.5,11.982,1,0.0,0.8,116.98182141266659,0,0.99
Iridium-33 Debris,DEBRIS_A,19.984,3.063,370,34.8,0.9,43.83558742903291,0,0.99
DEBRIS_B,DEBRIS_A,10.21,7.841,138,23.2,0.8,103.55068339955976,0,0.9873
Envisat,Tiangong,34.408,4.365,393,57.1,0.2,43.3686413111757,0,0.99
DEBRIS_A,ISS,5.496,0.636,2,0.0,0.8,84.12215276158449,0,0.9846
GPS-79,Starlink-1001,3.258,9.776,19650,2.0,0.2,113.16988786171319,0,0.2883
DEBRIS_B,GPS-79,3.978,5.398,19652,26.5,0.8,24.495425682179718,0,0.8776
Iridium-33 Debris,Hubble,19.544,5.489,233,57.9,0.9,131.85896188400983,0,0.99
Iridium-33 Debris,Envisat,21.612,13.247,2,12.1,0.9,90.87301049603391,0,0.99
ISS,Hubble,39.77,11.323,139,23.2,0.2,132.53613372850455,0,0.99
Envisat,DEBRIS_A,25.301,1.226,372,46.9,0.8,104.4048512008851,0,0.99
Envisat,Tiangong,14.774,2.063,393,57.1,0.2,73.52769584994148,0,0.99
Hubble,DEBRIS_A,11.375,10.855,137,23.2,0.8,19.058977840861207,0,0.9826
Envisat,Iridium-33 Debris,5.6,13.685,2,12.1,0.9,67.70343818601458,0,0.6212
DEBRIS_A,Iridium-33 Debris,3.136,14.623,370,34.8,0.9,58.01157627361689,0,0.2653
DEBRIS_A,Cosmos-1408 Debris,12.096,2.916,5,30.9,0.9,58.5928247466535,0,0.99
Cosmos-1408 Debris,ISS,9.617,6.776,7,30.9,0.9,31.019395183449575,0,0.9898
ISS,Tiangong,1.608,12.531,19,10.2,0.2,64.25735937403907,0,0.0721
DEBRIS_B,Starlink-1001,2.021,10.847,2,24.5,0.8,69.55455305191728,0,0.3445
DEBRIS_A,Cosmos-1408 Debris,7.014,10.317,5,30.9,0.9,104.67162437127112,0,0.9013
Cosmos-1408 Debris,Starlink-1001,8.595,7.83,135,29.6,0.9,53.98285668268412,0,0.977
Cosmos-1408 Debris,DEBRIS_A,24.319,7.21,5,30.9,0.9,151.98292488704143,0,0.99
DEBRIS_A,DEBRIS_B,23.954,10.232,138,23.2,0.8,129.46844509827636,0,0.99
Cosmos-1408 Debris,Hubble,34.011,1.518,132,54.1,0.9,145.20166342522185,0,0.99
ISS,Cosmos-1408 Debris,0.586,4.447,7,30.9,0.9,152.77777863947654,0,0.6811
Hubble,DEBRIS_B,22.468,6.013,1,0.0,0.8,152.38666355965825,0,0.99
DEBRIS_B,Tiangong,11.553,12.492,159,13.0,0.8,140.0220762339591,0,0.9741
Iridium-33 Debris,ISS,9.881,4.15,372,34.8,0.9,79.57362715868803,0,0.99
Iridium-33 Debris,Tiangong,26.457,8.866,391,44.9,0.9,17.151233251112554,0,0.99
ISS,Hubble,19.735,4.378,139,23.2,0.2,165.10038460564684,0,0.99
GPS-79,Envisat,10.239,11.539,19418,43.5,0.2,122.02505543358119,0,0.8867
Hubble,Cosmos-1408 Debris,56.043,9.147,132,54.1,0.9,24.446184417780938,0,0.99
Envisat,DEBRIS_B,28.558,4.073,234,70.1,0.8,146.38598498154883,0,0.99
Tiangong,Envisat,27.793,3.996,393,57.1,0.2,69.95261173096843,0,0.99
GPS-79,DEBRIS_A,1.88,1.019,19790,3.4,0.8,64.72554423841463,0,0.9033
Iridium-33 Debris,Tiangong,11.474,1.56,391,44.9,0.9,25.78785280216946,0,0.99
DEBRIS_A,Iridium-33 Debris,4.032,6.427,370,34.8,0.9,47.84902129656703,0,0.8685
Hubble,GPS-79,14.879,0.2,19653,26.5,0.2,164.98592619054733,0,0.99
DEBRIS_A,GPS-79,11.275,9.839,19790,3.4,0.8,127.59440172730308,0,0.9864
ISS,Starlink-1001,1.119,2.138,142,1.4,0.2,111.88772093491356,0,0.5789
ISS,DEBRIS_A,3.96,4.452,2,0.0,0.8,71.86167414548889,0,0.9042
ISS,DEBRIS_A,24.299,12.725,2,0.0,0.8,26.73994474812858,0,0.99
GPS-79,Cosmos-1408 Debris,28.33,6.372,19785,27.6,0.9,36.428442027631796,0,0.99
DEBRIS_B,Iridium-33 Debris,0.451,2.563,232,57.9,0.9,105.37584059321557,0,0.7784
GPS-79,Cosmos-1408 Debris,21.627,12.198,19785,27.6,0.9,8.4762556249544,0,0.99
ISS,DEBRIS_B,16.965,3.303,140,23.2,0.8,10.61917527774712,0,0.99
GPS-79,ISS,27.608,5.627,19792,3.4,0.2,50.85056908558946,0,0.99
GPS-79,Iridium-33 Debris,29.089,0.522,19420,31.4,0.9,82.31233721214132,0,0.99
DEBRIS_B,Starlink-1001,0.827,1.345,2,24.5,0.8,117.38839612020797,0,0.8334
Starlink-1001,Iridium-33 Debris,2.716,0.482,230,33.4,0.9,117.27016363710091,0,0.9532
Iridium-33 Debris,Cosmos-1408 Debris,28.188,1.845,365,3.8,0.9,162.08711011266095,0,0.99
Iridium-33 Debris,ISS,26.364,9.655,372,34.8,0.9,44.34911675633819,0,0.99
DEBRIS_B,ISS,5.511,13.481,140,23.2,0.8,98.49577137352875,0,0.5771
Envisat,Starlink-1001,62.742,14.834,232,45.5,0.2,101.24755910910815,0,0.99
Tiangong,DEBRIS_B,3.725,0.269,159,13.0,0.8,145.58346542922865,0,0.9671
Hubble,Envisat,10.331,12.56,235,70.1,0.2,92.18612204799442,0,0.8578
Iridium-33 Debris,Starlink-1001,7.51,5.653,230,33.4,0.9,151.00804891778517,0,0.9793
DEBRIS_B,Cosmos-1408 Debris,1.462,4.253,133,54.1,0.9,120.804025816054,0,0.7782
Hubble,Tiangong,10.198,0.853,158,13.0,0.2,6.213529212231502,0,0.99
Tiangong,DEBRIS_B,48.827,5.619,159,13.0,0.8,32.88750668557751,0,0.99
Envisat,Cosmos-1408 Debris,3.266,1.486,367,16.0,0.9,158.58528253680188,0,0.952
DEBRIS_A,Envisat,19.799,6.685,372,46.9,0.8,127.37006192237664,0,0.99
GPS-79,Envisat,9.892,4.842,19418,43.5,0.2,101.12018939532796,0,0.98
Hubble,DEBRIS_A,4.09,14.204,137,23.2,0.8,51.17138974674688,0,0.3506
Envisat,Cosmos-1408 Debris,2.494,7.522,367,16.0,0.9,55.82410521151613,0,0.688
Hubble,Envisat,2.081,12.185,235,70.1,0.2,81.31187926927542,0,0.0984
GPS-79,DEBRIS_A,6.742,0.792,19790,3.4,0.8,163.01784833580314,0,0.99
Iridium-33 Debris,GPS-79,12.569,8.069,19420,31.4,0.9,67.47735471477546,0,0.99
Tiangong,Starlink-1001,14.66,10.293,161,11.5,0.2,106.98856772332333,0,0.99
DEBRIS_B,ISS,5.629,2.534,140,23.2,0.8,58.119314608123,0,0.9748
GPS-79,Hubble,12.382,11.861,19653,26.5,0.2,41.301310072919776,0,0.954
Starlink-1001,ISS,29.993,2.764,142,1.4,0.2,151.2014159845704,0,0.99
Iridium-33 Debris,GPS-79,0.814,4.465,19420,31.4,0.9,77.48616974599278,0,0.7043
Tiangong,Envisat,57.355,8.809,393,57.1,0.2,32.39667706357113,0,0.99
Iridium-33 Debris,Tiangong,1.644,7.905,391,44.9,0.9,115.44558784972196,0,0.5622
Cosmos-1408 Debris,Hubble,44.414,0.246,132,54.1,0.9,98.7991916944018,0,0.99
Cosmos-1408 Debris,DEBRIS_B,11.899,9.579,133,54.1,0.9,82.48251377643602,0,0.99
GPS-79,Starlink-1001,5.419,1.491,19650,2.0,0.2,52.333553466280094,0,0.9348
DEBRIS_A,ISS,7.831,5.7,2,0.0,0.8,111.9544104004605,0,0.9782
Hubble,DEBRIS_A,3.459,6.846,137,23.2,0.8,46.73422275186711,0,0.7817
GPS-79,DEBRIS_A,7.026,2.582,19790,3.4,0.8,47.5816638040399,0,0.9871
Tiangong,Iridium-33 Debris,2.926,12.01,391,44.9,0.9,53.977321231650244,0,0.4158
Iridium-33 Debris,Starlink-1001,25.487,0.291,230,33.4,0.9,94.55250030960133,0,0.99
ISS,Hubble,11.524,14.719,139,23.2,0.2,40.93845102653656,0,0.8515
ISS,Cosmos-1408 Debris,15.99,2.664,7,30.9,0.9,18.29028696894065,0,0.99
DEBRIS_B,Starlink-1001,79.696,2.218,2,24.5,0.8,144.86781601818566,0,0.99
Hubble,ISS,52.782,12.13,139,23.2,0.2,156.41109638381658,0,0.99
GPS-79,Envisat,2.364,0.724,19418,43.5,0.2,79.38745890816998,0,0.7966
Envisat,Cosmos-1408 Debris,9.754,5.083,367,16.0,0.9,148.54676403610804,0,0.99
Tiangong,Cosmos-1408 Debris,11.04,14.824,26,41.1,0.9,5.86356238808306,0,0.9465
Hubble,Tiangong,0.287,11.646,158,13.0,0.2,42.56748072151761,0,0.0497
Cosmos-1408 Debris,Starlink-1001,1.925,13.933,135,29.6,0.9,114.79237084157188,0,0.1951
GPS-79,Cosmos-1408 Debris,2.915,8.558,19785,27.6,0.9,95.68319967234093,0,0.6661
DEBRIS_B,Starlink-1001,90.725,3.05,2,24.5,0.8,34.999365310065066,0,0.99
Iridium-33 Debris,Tiangong,8.125,2.138,391,44.9,0.9,142.5433888396954,0,0.99
Tiangong,ISS,9.766,8.219,19,10.2,0.2,141.5255727299069,0,0.9436
Iridium-33 Debris,Tiangong,4.477,3.433,391,44.9,0.9,62.1820948473562,0,0.953
Iridium-33 Debris,Starlink-1001,4.246,11.832,230,33.4,0.9,115.96976661257472,0,0.5923
Tiangong,Hubble,68.535,14.988,158,13.0,0.2,149.61939650658098,0,0.99
Cosmos-1408 Debris,DEBRIS_A,17.919,11.365,5,30.9,0.9,110.81882087616515,0,0.99
Starlink-1001,Hubble,30.943,7.031,3,24.5,0.2,17.498043625103115,0,0.99
Tiangong,ISS,9.423,13.46,19,10.2,0.2,53.4353202701026,0,0.7452
Tiangong,GPS-79,14.742,13.671,19811,13.5,0.2,1.0117237237305226,0,0.9752
ISS,Envisat,23.082,11.888,374,46.9,0.2,50.62933519518822,0,0.99
Hubble,Cosmos-1408 Debris,5.465,6.407,132,54.1,0.9,3.015685621924817,0,0.9315
DEBRIS_B,Starlink-1001,2.953,7.768,2,24.5,0.8,20.043904340362854,0,0.6783
Envisat,Hubble,0.157,0.863,235,70.1,0.2,140.0083779583869,0,0.5547
GPS-79,Hubble,4.981,7.159,19653,26.5,0.2,0.2706050244871365,0,0.6777
Tiangong,Envisat,1.384,12.055,393,57.1,0.2,80.93366104823801,0,0.0742
Envisat,Hubble,7.856,14.529,235,70.1,0.2,30.334594564601073,0,0.4923
ISS,Envisat,0.987,4.94,374,46.9,0.2,62.512291348424775,0,0.357
Iridium-33 Debris,DEBRIS_A,41.279,8.526,370,34.8,0.9,108.28625351281086,0,0.99
DEBRIS_B,Hubble,15.337,9.312,1,0.0,0.8,64.79355736334959,0,0.99
ISS,GPS-79,31.121,3.236,19792,3.4,0.2,12.853866043426466,0,0.99
DEBRIS_A,Iridium-33 Debris,9.742,0.192,370,34.8,0.9,100.21325188899368,0,0.99
GPS-79,Hubble,32.314,7.716,19653,26.5,0.2,147.35593021046134,0,0.99
DEBRIS_A,Iridium-33 Debris,7.738,1.006,370,34.8,0.9,52.061190528886335,0,0.99
Iridium-33 Debris,Starlink-1001,2.947,6.968,230,33.4,0.9,74.41012491014196,0,0.7655
DEBRIS_B,ISS,30.056,12.498,140,23.2,0.8,126.63716014260156,0,0.99
DEBRIS_A,ISS,33.183,6.873,2,0.0,0.8,144.3836358632057,0,0.99
Iridium-33 Debris,Tiangong,25.789,13.246,391,44.9,0.9,164.7988449414841,0,0.99
GPS-79,DEBRIS_A,25.331,10.078,19790,3.4,0.8,166.22299527352857,0,0.99
Iridium-33 Debris,Tiangong,44.311,8.116,391,44.9,0.9,48.187378798542035,0,0.99
Hubble,Tiangong,7.458,8.492,158,13.0,0.2,118.64623186830843,0,0.8294
Hubble,DEBRIS_B,48.575,10.473,1,0.0,0.8,31.42646321178775,0,0.99
Tiangong,ISS,22.872,0.886,19,10.2,0.2,125.85368043003359,0,0.99
ISS,Tiangong,8.064,12.062,19,10.2,0.2,49.68565853153978,0,0.6928
GPS-79,DEBRIS_A,7.96,13.454,19790,3.4,0.8,69.08284873511246,0,0.824
Cosmos-1408 Debris,DEBRIS_B,15.628,3.938,133,54.1,0.9,73.09320090190799,0,0.99
DEBRIS_A,Starlink-1001,9.248,10.022,140,1.4,0.8,28.849381617173933,0,0.9615
DEBRIS_A,Starlink-1001,4.766,0.297,140,1.4,0.8,54.41039791039538,0,0.98
Starlink-1001,Envisat,34.153,1.171,232,45.5,0.2,95.15618058611433,0,0.99
Tiangong,Cosmos-1408 Debris,14.352,8.364,26,41.1,0.9,114.62964941215036,0,0.99
Hubble,Starlink-1001,3.915,11.995,3,24.5,0.2,14.56098503210303,0,0.2243
Iridium-33 Debris,DEBRIS_A,13.446,7.141,370,34.8,0.9,49.928923963733986,0,0.99
Iridium-33 Debris,Starlink-1001,7.734,7.488,230,33.4,0.9,17.917647457144152,0,0.9683
DEBRIS_A,Iridium-33 Debris,25.526,1.728,370,34.8,0.9,69.83126086708639,0,0.99
Envisat,ISS,14.428,2.69,374,46.9,0.2,12.681097214990656,0,0.99
ISS,Starlink-1001,0.411,14.499,142,1.4,0.2,57.40939459930084,0,0.0231
Cosmos-1408 Debris,DEBRIS_A,28.401,8.818,5,30.9,0.9,1.1708368624327992,0,0.99
Iridium-33 Debris,Starlink-1001,47.991,7.166,230,33.4,0.9,163.1492217486975,0,0.99
DEBRIS_B,DEBRIS_A,8.078,7.919,138,23.2,0.8,160.0408133198277,0,0.9632
Envisat,GPS-79,1.338,9.91,19418,43.5,0.2,64.79771314727068,0,0.1296
Iridium-33 Debris,DEBRIS_B,0.007,4.998,232,57.9,0.9,36.70957994790041,0,0.5755
Hubble,Iridium-33 Debris,24.221,6.479,233,57.9,0.9,145.14479348470942,0,0.99
DEBRIS_A,ISS,7.17,5.769,2,0.0,0.8,142.2143240426258,0,0.9694
Envisat,DEBRIS_B,0.279,12.633,234,70.1,0.8,161.49293806076443,0,0.114
Cosmos-1408 Debris,DEBRIS_A,5.522,5.988,5,30.9,0.9,117.96258509519146,0,0.9407
ISS,DEBRIS_B,0.6,7.795,140,23.2,0.8,55.19611236641569,0,0.3921
Hubble,GPS-79,6.905,10.113,19653,26.5,0.2,15.2534386866122,0,0.6939
Starlink-1001,DEBRIS_B,19.761,9.939,2,24.5,0.8,79.88408836699014,0,0.99
Starlink-1001,GPS-79,0.46,9.23,19650,2.0,0.2,103.02152149001503,0,0.1054
Cosmos-1408 Debris,DEBRIS_B,6.407,9.614,133,54.1,0.9,83.34429530248104,0,0.8928
Hubble,Starlink-1001,52.511,0.287,3,24.5,0.2,60.34167405913966,0,0.99
Hubble,Cosmos-1408 Debris,0.884,9.907,132,54.1,0.9,92.28418216005777,0,0.3251
Cosmos-1408 Debris,Iridium-33 Debris,0.114,3.862,365,3.8,0.9,1.8397037543590997,0,0.6678
GPS-79,Hubble,21.082,10.572,19653,26.5,0.2,151.30215436184542,0,0.99
Tiangong,Hubble,28.441,13.666,158,13.0,0.2,30.362575456401302,0,0.99
ISS,Iridium-33 Debris,14.658,2.719,372,34.8,0.9,112.7645259076155,0,0.99
Tiangong,Iridium-33 Debris,10.155,7.912,391,44.9,0.9,58.75212828091537,0,0.9891
Hubble,DEBRIS_A,3.895,8.465,137,23.2,0.8,51.575031962066994,0,0.7326
DEBRIS_A,Envisat,3.574,13.67,372,46.9,0.8,121.41600840429611,0,0.3288
Iridium-33 Debris,ISS,5.975,7.664,372,34.8,0.9,128.815746198767,0,0.9233
Iridium-33 Debris,Envisat,18.647,8.782,2,12.1,0.9,58.389825880043695,0,0.99
Iridium-33 Debris,Starlink-1001,33.022,9.338,230,33.4,0.9,100.3785655119981,0,0.99
Tiangong,Iridium-33 Debris,10.901,7.678,391,44.9,0.9,38.12660474834629,0,0.99
Tiangong,Starlink-1001,27.158,11.019,161,11.5,0.2,33.46973673559073,0,0.99
Cosmos-1408 Debris,Tiangong,25.92,3.289,26,41.1,0.9,4.411716301931937,0,0.99
Envisat,GPS-79,6.045,0.456,19418,43.5,0.2,129.1488343687991,0,0.9639
GPS-79,Envisat,11.585,14.545,19418,43.5,0.2,12.972699006569364,0,0.8616
Iridium-33 Debris,DEBRIS_B,4.723,5.302,232,57.9,0.9,166.70325102617775,0,0.929
Starlink-1001,DEBRIS_A,5.591,12.512,140,1.4,0.8,38.887416194098634,0,0.6552
Envisat,Iridium-33 Debris,5.759,10.025,2,12.1,0.9,13.22837755415681,0,0.8419
DEBRIS_A,Hubble,6.384,9.055,137,23.2,0.8,68.02468924462127,0,0.8885
Envisat,Tiangong,5.168,0.395,393,57.1,0.2,53.22399361651128,0,0.9461
ISS,Envisat,19.745,2.863,374,46.9,0.2,94.90176403554125,0,0.99
DEBRIS_A,Hubble,27.06,7.096,137,23.2,0.8,54.320914312932885,0,0.99
Cosmos-1408 Debris,Hubble,0.428,11.588,132,54.1,0.9,89.87188350397409,0,0.1881
Envisat,DEBRIS_A,3.598,12.968,372,46.9,0.8,32.9092820237411,0,0.3796
ISS,DEBRIS_A,6.615,9.976,2,0.0,0.8,16.074480948386192,0,0.8715
DEBRIS_A,Envisat,21.622,1.428,372,46.9,0.8,9.748353017221396,0,0.99
Tiangong,Starlink-1001,8.186,10.224,161,11.5,0.2,3.188703957871386,0,0.8063
Hubble,Envisat,7.237,9.646,235,70.1,0.2,15.168661947879583,0,0.7549
Envisat,GPS-79,47.308,13.93,19418,43.5,0.2,114.67575092240746,0,0.99
Cosmos-1408 Debris,DEBRIS_A,10.749,8.034,5,30.9,0.9,67.81188463812475,0,0.99
Cosmos-1408 Debris,Hubble,0.178,14.817,132,54.1,0.9,102.85552854695594,0,0.072
Cosmos-1408 Debris,Iridium-33 Debris,15.112,3.187,365,3.8,0.9,3.1907974503769494,0,0.99
Envisat,Hubble,2.331,7.705,235,70.1,0.2,81.0015614094101,0,0.3217
Tiangong,Hubble,0.878,12.988,158,13.0,0.2,152.1455437441078,0,0.0449
DEBRIS_A,Hubble,1.462,14.419,137,23.2,0.8,36.23676203872134,0,0.1198
ISS,DEBRIS_A,9.979,12.267,2,0.0,0.8,96.21891914461436,0,0.9483
DEBRIS_B,Cosmos-1408 Debris,11.405,14.659,133,54.1,0.9,55.45713990695039,0,0.9571
ISS,Iridium-33 Debris,2.583,3.685,372,34.8,0.9,153.08640138916925,0,0.8793
GPS-79,DEBRIS_A,30.664,14.058,19790,3.4,0.8,74.23504710900862,0,0.99
DEBRIS_A,Hubble,2.807,0.433,137,23.2,0.8,96.00857480594003,0,0.9465
Envisat,Cosmos-1408 Debris,31.536,1.307,367,16.0,0.9,134.49789321019506,0,0.99
Tiangong,Starlink-1001,9.141,7.425,161,11.5,0.2,80.22180452364242,0,0.9395
DEBRIS_B,GPS-79,3.185,1.295,19652,26.5,0.8,112.96077162312586,0,0.9429
Starlink-1001,Cosmos-1408 Debris,32.103,4.226,135,29.6,0.9,64.1282422580546,0,0.99
Starlink-1001,DEBRIS_A,0.141,9.724,140,1.4,0.8,108.97698517620479,0,0.2233
ISS,Iridium-33 Debris,20.994,0.997,372,34.8,0.9,54.24745461268452,0,0.99
GPS-79,DEBRIS_A,2.432,6.703,19790,3.4,0.8,38.45348138925376,0,0.691
DEBRIS_B,ISS,1.382,4.559,140,23.2,0.8,140.86645719528383,0,0.7157
Cosmos-1408 Debris,Tiangong,1.2,9.308,26,41.1,0.9,82.06243198236211,0,0.4031
ISS,GPS-79,1.565,9.136,19792,3.4,0.2,85.22670703994973,0,0.1739
Iridium-33 Debris,DEBRIS_B,18.063,4.417,232,57.9,0.9,35.431768074811174,0,0.99
GPS-79,Hubble,20.241,12.812,19653,26.5,0.2,63.3672152076383,0,0.99
DEBRIS_A,Hubble,33.025,10.684,137,23.2,0.8,4.75687482637048,0,0.99
GPS-79,DEBRIS_B,10.148,0.847,19652,26.5,0.8,84.69426442389033,0,0.99
Hubble,Starlink-1001,26.909,10.02,3,24.5,0.2,72.82699275069899,0,0.99
Starlink-1001,GPS-79,17.664,9.861,19650,2.0,0.2,17.913155350477304,0,0.99
Hubble,GPS-79,1.959,2.22,19653,26.5,0.2,87.43196334748247,0,0.6711
ISS,Hubble,32.188,6.142,139,23.2,0.2,140.06609460357734,0,0.99
Envisat,Tiangong,3.121,5.744,393,57.1,0.2,67.18825611423233,0,0.559
Hubble,Envisat,19.864,8.402,235,70.1,0.2,93.16170244611801,0,0.99
Hubble,Cosmos-1408 Debris,8.812,4.16,132,54.1,0.9,48.35194590847908,0,0.99
DEBRIS_A,GPS-79,9.977,3.197,19790,3.4,0.8,135.03434358150318,0,0.99
Tiangong,ISS,27.399,9.632,19,10.2,0.2,31.243542248606943,0,0.99
Cosmos-1408 Debris,ISS,17.971,1.596,7,30.9,0.9,165.35504499507346,0,0.99
DEBRIS_B,Starlink-1001,5.86,0.65,2,24.5,0.8,38.724694138229815,0,0.9871
DEBRIS_A,Cosmos-1408 Debris,8.532,3.483,5,30.9,0.9,94.12469867475632,0,0.99
Iridium-33 Debris,GPS-79,25.583,8.066,19420,31.4,0.9,106.36442654448383,0,0.99
Hubble,GPS-79,37.932,6.033,19653,26.5,0.2,77.66465959041352,0,0.99
DEBRIS_B,DEBRIS_A,30.499,4.648,138,23.2,0.8,57.16638299091098,0,0.99
Cosmos-1408 Debris,ISS,0.242,6.225,7,30.9,0.9,144.2157994938881,0,0.5134
Iridium-33 Debris,Envisat,2.663,6.776,2,12.1,0.9,2.2471954857978758,0,0.75
DEBRIS_B,DEBRIS_A,1.194,11.162,138,23.2,0.8,13.051013104810147,0,0.2402
ISS,DEBRIS_A,2.884,8.068,2,0.0,0.8,58.54268711411185,0,0.6506
GPS-79,Cosmos-1408 Debris,32.474,2.907,19785,27.6,0.9,95.57788454767082,0,0.99
Tiangong,DEBRIS_B,30.816,7.767,159,13.0,0.8,139.46186947043049,0,0.99
DEBRIS_B,Hubble,5.142,14.347,1,0.0,0.8,83.92948922218812,0,0.4668
Hubble,Tiangong,25.571,14.017,158,13.0,0.2,38.62766386402785,0,0.99
DEBRIS_B,Hubble,61.22,7.032,1,0.0,0.8,123.8031950939492,0,0.99
GPS-79,Starlink-1001,25.133,4.736,19650,2.0,0.2,36.42623816199645,0,0.99
GPS-79,Starlink-1001,18.837,8.335,19650,2.0,0.2,120.33066812642045,0,0.99
Envisat,Tiangong,13.174,7.933,393,57.1,0.2,30.563748033119985,0,0.99
GPS-79,Cosmos-1408 Debris,16.316,6.408,19785,27.6,0.9,21.149772871341575,0,0.99
Envisat,DEBRIS_A,13.172,13.607,372,46.9,0.8,100.30321568782594,0,0.9838
DEBRIS_B,GPS-79,8.76,6.198,19652,26.5,0.8,149.04038855682344,0,0.984
Envisat,Tiangong,29.927,5.29,393,57.1,0.2,106.73951037864725,0,0.99
Tiangong,Hubble,1.585,5.77,158,13.0,0.2,86.49251435681929,0,0.3685
Starlink-1001,Iridium-33 Debris,0.591,5.75,230,33.4,0.9,102.60525398696983,0,0.5916
Starlink-1001,Cosmos-1408 Debris,2.676,4.805,135,29.6,0.9,83.84339091610643,0,0.8451
Iridium-33 Debris,ISS,9.171,13.745,372,34.8,0.9,167.27826414919375,0,0.9057
Tiangong,GPS-79,2.84,7.212,19811,13.5,0.2,65.02059228236718,0,0.415
Tiangong,DEBRIS_B,7.319,3.937,159,13.0,0.8,100.54771531155768,0,0.9833
Cosmos-1408 Debris,Starlink-1001,63.86,2.155,135,29.6,0.9,9.891200043105977,0,0.99
Hubble,GPS-79,21.796,1.281,19653,26.5,0.2,160.4790192524257,0,0.99
Hubble,ISS,2.767,6.83,139,23.2,0.2,167.157894306709,0,0.434
Hubble,Iridium-33 Debris,37.741,13.985,233,57.9,0.9,18.219138858121806,0,0.99
Starlink-1001,Tiangong,30.842,12.045,161,11.5,0.2,46.532467954913976,0,0.99
Tiangong,GPS-79,1.742,8.272,19811,13.5,0.2,89.84041732268322,0,0.2296
Tiangong,Starlink-1001,4.481,13.967,161,11.5,0.2,48.80377438703136,0,0.1752
DEBRIS_A,Envisat,12.195,12.037,372,46.9,0.8,94.54147772505284,0,0.9835
DEBRIS_B,Cosmos-1408 Debris,76.668,2.803,133,54.1,0.9,29.39142757916708,0,0.99
ISS,Cosmos-1408 Debris,5.322,9.395,7,30.9,0.9,88.2105781350666,0,0.8379
DEBRIS_A,ISS,15.156,2.415,2,0.0,0.8,91.95572131179027,0,0.99
ISS,Tiangong,7.881,1.947,19,10.2,0.2,128.12866145283985,0,0.9772
Cosmos-1408 Debris,Hubble,13.552,14.299,132,54.1,0.9,108.74037581871393,0,0.9864
Tiangong,Envisat,7.08,13.329,393,57.1,0.2,145.16706361385397,0,0.4853
Hubble,ISS,6.733,0.74,139,23.2,0.2,60.953997441352904,0,0.9719
Cosmos-1408 Debris,ISS,2.558,8.937,7,30.9,0.9,65.56759708106222,0,0.5981
Hubble,DEBRIS_B,11.49,4.766,1,0.0,0.8,90.7670989289671,0,0.99
Envisat,Cosmos-1408 Debris,8.382,14.464,367,16.0,0.9,109.74978188269795,0,0.8391
Cosmos-1408 Debris,Tiangong,13.124,5.188,26,41.1,0.9,144.05726932155753,0,0.99
Starlink-1001,Hubble,31.967,13.791,3,24.5,0.2,142.1608313468371,0,0.99
Iridium-33 Debris,Starlink-1001,7.713,0.928,230,33.4,0.9,115.54818826534425,0,0.99
Envisat,Cosmos-1408 Debris,14.538,0.861,367,16.0,0.9,0.8503262950550511,0,0.99
Tiangong,DEBRIS_B,2.259,5.963,159,13.0,0.8,104.87667662308866,0,0.7192
ISS,DEBRIS_A,18.348,8.806,2,0.0,0.8,7.60428774594487,0,0.99
Iridium-33 Debris,Envisat,32.989,8.057,2,12.1,0.9,106.28584515103994,0,0.99
Iridium-33 Debris,Starlink-1001,1.609,3.115,230,33.4,0.9,6.418976790360416,0,0.8416
Iridium-33 Debris,DEBRIS_B,30.7,3.205,232,57.9,0.9,12.109392159949875,0,0.99
DEBRIS_B,Tiangong,40.844,5.801,159,13.0,0.8,37.006728419243565,0,0.99
Iridium-33 Debris,ISS,19.797,4.643,372,34.8,0.9,82.08718026707588,0,0.99
Iridium-33 Debris,DEBRIS_A,5.828,4.516,370,34.8,0.9,7.2684854053512336,0,0.9664
DEBRIS_B,Cosmos-1408 Debris,0.188,5.201,133,54.1,0.9,162.78263891763822,0,0.5827
ISS,Tiangong,31.515,9.023,19,10.2,0.2,142.0275595974085,0,0.99
ISS,GPS-79,5.748,12.378,19792,3.4,0.2,27.255899142094382,0,0.3919
ISS,Envisat,8.492,6.079,374,46.9,0.2,43.426730117170955,0,0.9439
Iridium-33 Debris,DEBRIS_B,2.634,3.946,232,57.9,0.9,121.0261229888866,0,0.8736
DEBRIS_A,Cosmos-1408 Debris,3.922,2.139,5,30.9,0.9,165.5675512453078,0,0.9577
Iridium-33 Debris,Starlink-1001,74.98,6.588,230,33.4,0.9,88.18807859350215,0,0.99
Starlink-1001,Cosmos-1408 Debris,41.026,9.419,135,29.6,0.9,81.31150587674243,0,0.99
Hubble,Cosmos-1408 Debris,12.555,10.266,132,54.1,0.9,144.46604143408382,0,0.99
ISS,DEBRIS_A,1.462,10.633,2,0.0,0.8,13.90622438137072,0,0.2975
Iridium-33 Debris,DEBRIS_A,1.346,2.212,370,34.8,0.9,86.16145747302184,0,0.8593
Tiangong,DEBRIS_B,4.233,8.633,159,13.0,0.8,147.88225311193767,0,0.7552
Iridium-33 Debris,DEBRIS_A,30.056,0.528,370,34.8,0.9,106.32442109547495,0,0.99
DEBRIS_A,DEBRIS_B,37.261,9.917,138,23.2,0.8,6.918333421855355,0,0.99
GPS-79,Starlink-1001,5.671,5.71,19650,2.0,0.2,55.39583844862152,0,0.8209
Envisat,Iridium-33 Debris,40.36,1.6,2,12.1,0.9,74.1265934705085,0,0.99
Tiangong,Envisat,3.559,1.364,393,57.1,0.2,91.03351167749526,0,0.8545
Hubble,Tiangong,17.992,3.009,158,13.0,0.2,137.73949902337475,0,0.99
Hubble,Envisat,9.315,11.028,235,70.1,0.2,163.86473222657773,0,0.8518
Starlink-1001,GPS-79,18.496,0.682,19650,2.0,0.2,152.026858949788,0,0.99
ISS,Iridium-33 Debris,3.965,12.981,372,34.8,0.9,132.2942855055451,0,0.4721
Cosmos-1408 Debris,Iridium-33 Debris,18.33,2.135,365,3.8,0.9,85.90723316491957,0,0.99
DEBRIS_B,Cosmos-1408 Debris,10.608,5.265,133,54.1,0.9,167.02752150522588,0,0.99
Cosmos-1408 Debris,Hubble,2.055,9.955,132,54.1,0.9,109.87872369785757,0,0.4604
Starlink-1001,GPS-79,1.92,10.846,19650,2.0,0.2,70.03394186586895,0,0.1308
Envisat,Iridium-33 Debris,5.09,8.25,2,12.1,0.9,39.886788283726894,0,0.8665
Hubble,Cosmos-1408 Debris,8.361,11.544,132,54.1,0.9,160.45572024533016,0,0.9253
GPS-79,Cosmos-1408 Debris,2.552,6.73,19785,27.6,0.9,104.13617104638494,0,0.7421
Starlink-1001,ISS,32.709,14.457,142,1.4,0.2,144.46162091230877,0,0.99
Iridium-33 Debris,Starlink-1001,1.261,11.312,230,33.4,0.9,146.09569117097476,0,0.2762
ISS,Tiangong,4.675,4.499,19,10.2,0.2,63.050850883690224,0,0.8002
GPS-79,ISS,1.85,12.175,19792,3.4,0.2,15.313717799854315,0,0.0889
Cosmos-1408 Debris,Hubble,21.506,9.6,132,54.1,0.9,135.1429304794552,0,0.99
DEBRIS_A,Hubble,2.882,0.28,137,23.2,0.8,89.38068749591868,0,0.9506
Hubble,Iridium-33 Debris,8.433,4.923,233,57.9,0.9,109.89392188230202,0,0.9894
Tiangong,DEBRIS_B,0.435,6.981,159,13.0,0.8,40.82843223837627,0,0.4312
DEBRIS_A,Hubble,27.751,1.675,137,23.2,0.8,33.368525536155694,0,0.99
DEBRIS_B,Hubble,5.583,8.588,1,0.0,0.8,107.31868178436456,0,0.86
Envisat,Cosmos-1408 Debris,10.336,12.935,367,16.0,0.9,14.62255650819265,0,0.9564
Starlink-1001,ISS,24.224,11.478,142,1.4,0.2,132.59611140207932,0,0.99
ISS,Tiangong,2.577,10.437,19,10.2,0.2,96.74842644639934,0,0.1911
Envisat,Tiangong,17.074,0.773,393,57.1,0.2,14.094394709942208,0,0.99
Starlink-1001,ISS,19.911,4.688,142,1.4,0.2,77.47236312867634,0,0.99
DEBRIS_A,Tiangong,19.303,14.427,21,10.2,0.8,90.18444868474901,0,0.99
GPS-79,Hubble,103.169,4.977,19653,26.5,0.2,71.08383667490101,0,0.99
ISS,Envisat,16.578,13.747,374,46.9,0.2,66.82978723764793,0,0.9897
Starlink-1001,Envisat,6.6,0.2,232,45.5,0.2,1.2527342815431977,0,0.9744
Envisat,Starlink-1001,69.335,10.546,232,45.5,0.2,86.40038468906366,0,0.99
Iridium-33 Debris,ISS,1.39,12.351,372,34.8,0.9,63.66384132358063,0,0.2296
Cosmos-1408 Debris,Tiangong,5.267,8.481,26,41.1,0.9,97.45014944404774,0,0.8687
GPS-79,Cosmos-1408 Debris,16.78,10.124,19785,27.6,0.9,14.851186227029853,0,0.99
Iridium-33 Debris,ISS,26.479,8.024,372,34.8,0.9,11.592367772363902,0,0.99
Cosmos-1408 Debris,Starlink-1001,17.057,1.728,135,29.6,0.9,32.288500283779605,0,0.99
Starlink-1001,Cosmos-1408 Debris,8.876,11.311,135,29.6,0.9,65.14666568915065,0,0.945
Cosmos-1408 Debris,Hubble,16.055,12.529,132,54.1,0.9,106.99949994693429,0,0.99
Hubble,Iridium-33 Debris,13.365,7.23,233,57.9,0.9,91.29062484528843,0,0.99
ISS,Iridium-33 Debris,16.688,5.069,372,34.8,0.9,96.23251712052674,0,0.99
DEBRIS_B,DEBRIS_A,39.894,10.965,138,23.2,0.8,62.08368624494366,0,0.99
Hubble,Envisat,26.88,9.606,235,70.1,0.2,149.29993317763538,0,0.99
GPS-79,Envisat,1.949,5.391,19418,43.5,0.2,1.7342037272597774,0,0.4396
ISS,Iridium-33 Debris,18.285,1.103,372,34.8,0.9,7.364173461395168,0,0.99
GPS-79,ISS,18.67,10.163,19792,3.4,0.2,159.0524506231739,0,0.99
Tiangong,Cosmos-1408 Debris,6.053,11.934,26,41.1,0.9,11.824433993288551,0,0.7767
Tiangong,DEBRIS_A,48.777,6.784,21,10.2,0.8,88.8000138530944,0,0.99
Cosmos-1408 Debris,DEBRIS_A,3.05,4.204,5,30.9,0.9,160.3503310283914,0,0.8873
Cosmos-1408 Debris,Hubble,3.855,13.337,132,54.1,0.9,47.16559123773583,0,0.4321
Iridium-33 Debris,GPS-79,1.828,3.062,19420,31.4,0.9,68.48517934868444,0,0.8576
ISS,DEBRIS_A,47.402,13.578,2,0.0,0.8,25.47593534662239,0,0.99
Tiangong,DEBRIS_A,2.0,0.798,21,10.2,0.8,142.95938158470173,0,0.9138
GPS-79,ISS,19.401,13.681,19792,3.4,0.2,9.566498473015912,0,0.99
Envisat,Hubble,18.508,13.948,235,70.1,0.2,120.35011071914553,0,0.99
ISS,Hubble,21.389,12.274,139,23.2,0.2,56.715114716949564,0,0.99
DEBRIS_B,Envisat,1.465,8.661,234,70.1,0.8,152.6627041757327,0,0.434
Starlink-1001,Envisat,6.064,8.275,232,45.5,0.2,64.11603880015717,0,0.721
Iridium-33 Debris,ISS,31.237,2.176,372,34.8,0.9,67.08880992584267,0,0.99
Cosmos-1408 Debris,GPS-79,12.538,5.809,19785,27.6,0.9,7.90091309639988,0,0.99
Cosmos-1408 Debris,Envisat,8.831,0.145,367,16.0,0.9,119.47598187901735,0,0.99
ISS,Iridium-33 Debris,5.955,2.325,372,34.8,0.9,133.89482790620156,0,0.9834
Cosmos-1408 Debris,Starlink-1001,10.451,13.974,135,29.6,0.9,85.13422188025392,0,0.9444
DEBRIS_A,Envisat,11.79,13.122,372,46.9,0.8,113.60089291066778,0,0.9723
DEBRIS_B,ISS,32.477,4.889,140,23.2,0.8,113.29211359965835,0,0.99
Iridium-33 Debris,Tiangong,10.462,12.862,391,44.9,0.9,32.89379323023,0,0.9598
Cosmos-1408 Debris,DEBRIS_A,11.044,13.84,5,30.9,0.9,34.454230100689884,0,0.9597
Iridium-33 Debris,Starlink-1001,7.837,3.583,230,33.4,0.9,58.44015278746399,0,0.99
GPS-79,ISS,3.74,9.54,19792,3.4,0.2,130.39031963696044,0,0.3562
Tiangong,Hubble,5.252,7.13,158,13.0,0.2,153.7096988234876,0,0.7083
Iridium-33 Debris,Envisat,12.11,5.314,2,12.1,0.9,136.5286164480919,0,0.99
Cosmos-1408 Debris,Iridium-33 Debris,0.001,13.822,365,3.8,0.9,138.25604161137682,1,0.0874
DEBRIS_A,Envisat,2.393,1.931,372,46.9,0.8,31.734273506118843,0,0.9018
Iridium-33 Debris,GPS-79,30.879,8.903,19420,31.4,0.9,96.19329621865967,0,0.99
Cosmos-1408 Debris,Iridium-33 Debris,2.166,6.972,365,3.8,0.9,104.99191083734242,0,0.6882
Envisat,DEBRIS_A,5.642,10.183,372,46.9,0.8,51.591136343613115,0,0.7967
GPS-79,Starlink-1001,22.688,5.916,19650,2.0,0.2,159.5031131190114,0,0.99
GPS-79,DEBRIS_B,2.127,14.003,19652,26.5,0.8,71.73207100793867,0,0.1769
Starlink-1001,GPS-79,24.121,2.406,19650,2.0,0.2,54.74642025996947,0,0.99
Tiangong,Starlink-1001,3.764,5.786,161,11.5,0.2,89.94382099665955,0,0.6332
DEBRIS_B,Iridium-33 Debris,22.687,6.201,232,57.9,0.9,24.369372457359546,0,0.99
Tiangong,Envisat,4.966,12.197,393,57.1,0.2,163.8261076936415,0,0.3152
Envisat,Hubble,36.946,7.374,235,70.1,0.2,35.5635515223771,0,0.99
Hubble,GPS-79,55.644,2.036,19653,26.5,0.2,74.78298509237227,0,0.99
Starlink-1001,ISS,6.271,6.021,142,1.4,0.2,62.719806354717775,0,0.8493
GPS-79,Cosmos-1408 Debris,0.929,2.094,19785,27.6,0.9,85.71571821759368,0,0.8371
Tiangong,DEBRIS_B,64.206,9.545,159,13.0,0.8,59.54159019987712,0,0.99
DEBRIS_A,DEBRIS_B,8.519,5.565,138,23.2,0.8,14.414814073351932,0,0.9851
GPS-79,Cosmos-1408 Debris,42.032,0.932,19785,27.6,0.9,117.84022156244151,0,0.99
DEBRIS_A,ISS,9.042,12.735,2,0.0,0.8,49.58087128498527,0,0.9089
ISS,Hubble,10.16,11.387,139,23.2,0.2,90.96789035013633,0,0.8873
GPS-79,Tiangong,13.445,1.913,19811,13.5,0.2,12.779001754535614,0,0.99
DEBRIS_A,GPS-79,18.709,6.724,19790,3.4,0.8,57.7579422410811,0,0.99
ISS,DEBRIS_B,14.716,2.636,140,23.2,0.8,145.5773196328377,0,0.99
DEBRIS_A,ISS,9.894,7.745,2,0.0,0.8,96.30304979683916,0,0.9856
GPS-79,Iridium-33 Debris,9.231,10.403,19420,31.4,0.9,0.5467992976770119,0,0.9642
ISS,Cosmos-1408 Debris,6.29,1.625,7,30.9,0.9,56.654738357573834,0,0.9885
Starlink-1001,Cosmos-1408 Debris,1.884,12.783,135,29.6,0.9,147.43145724090954,0,0.251
Cosmos-1408 Debris,Iridium-33 Debris,12.911,2.334,365,3.8,0.9,2.177121603357875,0,0.99
Iridium-33 Debris,Tiangong,17.922,14.939,391,44.9,0.9,3.5105070516345367,0,0.99
ISS,Tiangong,31.224,1.662,19,10.2,0.2,76.59803231839851,0,0.99
ISS,DEBRIS_A,1.243,4.217,2,0.0,0.8,51.17564468644222,0,0.7224
Iridium-33 Debris,ISS,12.72,2.395,372,34.8,0.9,143.19519726877303,0,0.99
Cosmos-1408 Debris,DEBRIS_A,7.381,3.966,5,30.9,0.9,151.961330288639,0,0.9866
DEBRIS_A,Iridium-33 Debris,20.046,0.431,370,34.8,0.9,10.206579366586897,0,0.99
Tiangong,Iridium-33 Debris,2.547,12.953,391,44.9,0.9,14.65970176760314,0,0.3073
ISS,DEBRIS_B,32.742,6.182,140,23.2,0.8,23.175191056929425,0,0.99
Tiangong,GPS-79,20.39,1.655,19811,13.5,0.2,98.40356273412073,0,0.99
ISS,Hubble,12.407,4.503,139,23.2,0.2,143.70852718972625,0,0.99
ISS,DEBRIS_A,3.46,2.215,2,0.0,0.8,27.347293794722244,0,0.935
Hubble,ISS,10.365,3.242,139,23.2,0.2,57.422681340161134,0,0.99
Envisat,Tiangong,13.672,1.021,393,57.1,0.2,103.78271832641842,0,0.99
DEBRIS_A,ISS,9.03,0.805,2,0.0,0.8,104.15733474163046,0,0.99
Envisat,DEBRIS_A,0.829,11.054,372,46.9,0.8,86.03300593224212,0,0.2139
DEBRIS_A,Iridium-33 Debris,8.071,13.344,370,34.8,0.9,59.1098464956605,0,0.8621
Starlink-1001,Iridium-33 Debris,3.039,2.686,230,33.4,0.9,80.62743803991745,0,0.9251
GPS-79,Tiangong,24.466,8.888,19811,13.5,0.2,65.29660108723766,0,0.99
Iridium-33 Debris,Starlink-1001,39.393,3.116,230,33.4,0.9,86.46408687596674,0,0.99
Iridium-33 Debris,Starlink-1001,4.69,3.157,230,33.4,0.9,24.803828846277092,0,0.9608
Iridium-33 Debris,GPS-79,20.12,7.189,19420,31.4,0.9,56.48945047326198,0,0.99
ISS,DEBRIS_B,28.821,9.502,140,23.2,0.8,156.9288417928344,0,0.99
DEBRIS_B,ISS,4.502,5.668,140,23.2,0.8,25.31131493058805,0,0.8957
Cosmos-1408 Debris,GPS-79,15.834,11.656,19785,27.6,0.9,15.493883117459646,0,0.99
Tiangong,GPS-79,7.809,13.556,19811,13.5,0.2,105.3379639081434,0,0.5591
Cosmos-1408 Debris,Iridium-33 Debris,17.086,13.901,365,3.8,0.9,99.70500353014653,0,0.99
Iridium-33 Debris,GPS-79,5.969,12.507,19420,31.4,0.9,150.05335758989693,0,0.7373
Starlink-1001,Iridium-33 Debris,0.037,12.656,230,33.4,0.9,45.12081581205073,1,0.1215
Cosmos-1408 Debris,Envisat,73.875,13.796,367,16.0,0.9,114.82118593353059,0,0.99
Cosmos-1408 Debris,Iridium-33 Debris,29.577,8.063,365,3.8,0.9,132.5294828226152,0,0.99
Cosmos-1408 Debris,Hubble,11.918,4.455,132,54.1,0.9,45.17484739192951,0,0.99
DEBRIS_B,Starlink-1001,27.596,12.139,2,24.5,0.8,97.33179682107243,0,0.99
Tiangong,Starlink-1001,85.613,14.164,161,11.5,0.2,112.80299662436494,0,0.99
GPS-79,DEBRIS_A,10.043,5.501,19790,3.4,0.8,63.05810708937724,0,0.99
DEBRIS_B,Tiangong,43.153,6.426,159,13.0,0.8,150.71473169395136,0,0.99
Tiangong,Iridium-33 Debris,22.925,14.012,391,44.9,0.9,3.462095159850878,0,0.99
Hubble,Starlink-1001,0.102,6.264,3,24.5,0.2,123.33655734444734,0,0.1934
Envisat,DEBRIS_B,4.97,6.067,234,70.1,0.8,99.69127778305005,0,0.9059
Iridium-33 Debris,GPS-79,8.754,2.031,19420,31.4,0.9,69.72204378398152,0,0.99
Starlink-1001,GPS-79,24.748,10.39,19650,2.0,0.2,18.815676362569427,0,0.99
GPS-79,Cosmos-1408 Debris,4.113,0.835,19785,27.6,0.9,155.65354737191456,0,0.9736
ISS,Starlink-1001,6.129,8.907,142,1.4,0.2,129.8841402924628,0,0.6883
ISS,DEBRIS_B,1.843,8.568,140,23.2,0.8,57.079160072078196,0,0.4878
Envisat,GPS-79,22.177,13.124,19418,43.5,0.2,65.95380800639711,0,0.99
ISS,Starlink-1001,3.593,10.67,142,1.4,0.2,70.71602697640273,0,0.2681
DEBRIS_B,ISS,7.235,2.052,140,23.2,0.8,167.0155710003602,0,0.99
Starlink-1001,GPS-79,0.13,7.804,19650,2.0,0.2,88.21189447976909,0,0.1329
Starlink-1001,Iridium-33 Debris,0.459,1.736,230,33.4,0.9,72.90596112027882,0,0.8189
Tiangong,Starlink-1001,4.719,1.671,161,11.5,0.2,144.33852730149368,0,0.9053
ISS,Iridium-33 Debris,6.199,12.546,372,34.8,0.9,129.86983997543817,0,0.7569
Tiangong,Envisat,4.646,3.432,393,57.1,0.2,41.61943378144645,0,0.8447
Tiangong,DEBRIS_B,14.204,14.295,159,13.0,0.8,43.24355558990376,0,0.988
Starlink-1001,Tiangong,32.387,0.242,161,11.5,0.2,31.550185921618645,0,0.99
Starlink-1001,Cosmos-1408 Debris,11.695,9.439,135,29.6,0.9,135.96569993635086,0,0.99
DEBRIS_A,Starlink-1001,8.525,8.391,140,1.4,0.8,22.856061894346958,0,0.9659
Hubble,Cosmos-1408 Debris,43.205,14.025,132,54.1,0.9,60.568340932833614,0,0.99
DEBRIS_A,Starlink-1001,20.368,0.117,140,1.4,0.8,106.16446203916145,0,0.99
DEBRIS_A,Hubble,1.985,1.376,137,23.2,0.8,30.257241735176635,0,0.8984
DEBRIS_A,Hubble,22.039,14.211,137,23.2,0.8,101.0657700773989,0,0.99
GPS-79,DEBRIS_A,14.646,6.002,19790,3.4,0.8,97.8959961762823,0,0.99
GPS-79,Starlink-1001,16.639,9.933,19650,2.0,0.2,154.45737820486528,0,0.99
Hubble,Tiangong,6.422,6.522,158,13.0,0.2,70.44370712830538,0,0.8395
Envisat,DEBRIS_A,4.297,7.957,372,46.9,0.8,32.91464811117184,0,0.796
Iridium-33 Debris,Tiangong,6.081,0.423,391,44.9,0.9,23.99176591327905,0,0.99
Iridium-33 Debris,GPS-79,5.356,14.526,19420,31.4,0.9,145.3702992343542,0,0.53
DEBRIS_B,Hubble,10.816,0.379,1,0.0,0.8,69.2092482109039,0,0.99
Iridium-33 Debris,ISS,20.019,11.179,372,34.8,0.9,82.46222150917781,0,0.99
ISS,Envisat,50.195,14.989,374,46.9,0.2,160.0956279029582,0,0.99
DEBRIS_B,Iridium-33 Debris,1.14,11.098,232,57.9,0.9,162.15729715811685,0,0.277
Iridium-33 Debris,DEBRIS_B,3.957,3.408,232,57.9,0.9,120.21691166536861,0,0.9403
Cosmos-1408 Debris,Envisat,7.014,6.987,367,16.0,0.9,32.985398510204135,0,0.9612
DEBRIS_B,ISS,9.342,7.992,140,23.2,0.8,162.55471454476768,0,0.9796
Cosmos-1408 Debris,Starlink-1001,23.544,7.068,135,29.6,0.9,143.13363028504443,0,0.99
Envisat,DEBRIS_A,81.977,5.452,372,46.9,0.8,79.15459231259429,0,0.99
ISS,Cosmos-1408 Debris,18.543,6.975,7,30.9,0.9,89.39305242630414,0,0.99
GPS-79,DEBRIS_A,15.487,7.634,19790,3.4,0.8,167.46116948949833,0,0.99
Iridium-33 Debris,Hubble,18.287,6.66,233,57.9,0.9,147.5812891638193,0,0.99
Cosmos-1408 Debris,Envisat,6.723,3.647,367,16.0,0.9,167.2827069315104,0,0.9832
ISS,Tiangong,0.236,1.787,19,10.2,0.2,5.067230550836275,0,0.4955
Tiangong,Cosmos-1408 Debris,7.788,9.567,26,41.1,0.9,79.66292339323839,0,0.944
Hubble,DEBRIS_A,2.202,8.852,137,23.2,0.8,5.698938306857795,0,0.5113
Iridium-33 Debris,DEBRIS_B,16.067,0.94,232,57.9,0.9,136.2027238646123,0,0.99
Hubble,DEBRIS_A,4.218,2.613,137,23.2,0.8,122.38754184596256,0,0.9491
Envisat,Cosmos-1408 Debris,6.103,12.995,367,16.0,0.9,80.30473876657156,0,0.7217
Envisat,GPS-79,23.161,10.708,19418,43.5,0.2,2.0778173339016606,0,0.99
Cosmos-1408 Debris,Hubble,11.691,9.747,132,54.1,0.9,46.340731212031365,0,0.99
DEBRIS_A,GPS-79,1.652,4.007,19790,3.4,0.8,124.68958394485361,0,0.7727
ISS,DEBRIS_A,15.747,11.986,2,0.0,0.8,48.65738795771001,0,0.99
DEBRIS_A,Cosmos-1408 Debris,34.28,11.219,5,30.9,0.9,57.25997105545338,0,0.99
ISS,Cosmos-1408 Debris,19.572,11.571,7,30.9,0.9,10.966169499369315,0,0.99
DEBRIS_A,Cosmos-1408 Debris,3.945,10.512,5,30.9,0.9,11.110296582270973,0,0.65
Cosmos-1408 Debris,Starlink-1001,8.254,4.925,135,29.6,0.9,80.71999992756744,0,0.9885
Envisat,ISS,1.414,12.189,374,46.9,0.2,156.90654133054474,0,0.0724
DEBRIS_B,DEBRIS_A,22.15,9.749,138,23.2,0.8,44.45419028794671,0,0.99
Cosmos-1408 Debris,Iridium-33 Debris,23.689,2.009,365,3.8,0.9,137.86384017767253,0,0.99
Cosmos-1408 Debris,Envisat,15.934,7.35,367,16.0,0.9,127.42395737950143,0,0.99
Starlink-1001,DEBRIS_A,4.865,14.93,140,1.4,0.8,70.09076380754769,0,0.3902
GPS-79,Tiangong,23.904,6.08,19811,13.5,0.2,64.11553907250713,0,0.99
DEBRIS_B,GPS-79,2.6,4.856,19652,26.5,0.8,93.77894261673602,0,0.809
Envisat,GPS-79,14.407,2.731,19418,43.5,0.2,135.4786062399182,0,0.99
DEBRIS_A,Cosmos-1408 Debris,32.247,0.336,5,30.9,0.9,11.336382197660736,0,0.99
Cosmos-1408 Debris,Starlink-1001,2.427,2.271,135,29.6,0.9,160.14923329620004,0,0.9115
Envisat,Cosmos-1408 Debris,94.404,11.351,367,16.0,0.9,104.44198503145945,0,0.99
Tiangong,ISS,26.911,6.455,19,10.2,0.2,108.84477002647847,0,0.99
Hubble,Iridium-33 Debris,28.305,14.321,233,57.9,0.9,144.59175575308635,0,0.99
GPS-79,DEBRIS_A,20.162,10.716,19790,3.4,0.8,13.46665748000439,0,0.99
GPS-79,Envisat,2.169,11.647,19418,43.5,0.2,84.74257331880712,0,0.1182
Hubble,ISS,3.638,0.251,139,23.2,0.2,53.150687064942694,0,0.8951
Starlink-1001,GPS-79,7.018,11.021,19650,2.0,0.2,2.8265267482927467,0,0.6463
Hubble,DEBRIS_B,0.859,3.004,1,0.0,0.8,150.84932289751535,0,0.7555
Tiangong,Iridium-33 Debris,15.457,7.791,391,44.9,0.9,91.50306620362002,0,0.99
DEBRIS_A,DEBRIS_B,1.562,11.999,138,23.2,0.8,112.72484878031825,0,0.2282
ISS,Iridium-33 Debris,1.615,4.479,372,34.8,0.9,25.985672565399742,0,0.7797
Iridium-33 Debris,DEBRIS_A,0.702,10.666,370,34.8,0.9,142.11444621423004,0,0.2594
ISS,Iridium-33 Debris,14.579,5.859,372,34.8,0.9,36.510984196448675,0,0.99
Iridium-33 Debris,Cosmos-1408 Debris,0.113,0.569,365,3.8,0.9,54.244460177481784,0,0.8437
DEBRIS_B,Envisat,42.235,0.579,234,70.1,0.8,119.60687707013552,0,0.99
Hubble,GPS-79,0.65,12.052,19653,26.5,0.2,23.074497654347812,0,0.0526
DEBRIS_A,Cosmos-1408 Debris,2.848,6.359,5,30.9,0.9,75.93052847825314,0,0.7885
Hubble,Starlink-1001,14.654,3.182,3,24.5,0.2,138.78730574888638,0,0.99
DEBRIS_B,Tiangong,68.937,2.272,159,13.0,0.8,91.21651933464469,0,0.99
DEBRIS_A,DEBRIS_B,19.809,0.711,138,23.2,0.8,25.7717915829408,0,0.99
Envisat,DEBRIS_A,57.515,7.936,372,46.9,0.8,43.87108658901171,0,0.99
Tiangong,Starlink-1001,10.01,7.099,161,11.5,0.2,148.30647941568677,0,0.9636
Hubble,Envisat,28.632,7.634,235,70.1,0.2,88.43615441765665,0,0.99
ISS,Iridium-33 Debris,35.46,4.82,372,34.8,0.9,133.85629880922,0,0.99
ISS,Tiangong,20.965,4.19,19,10.2,0.2,146.28079808197253,0,0.99
DEBRIS_A,ISS,40.726,7.256,2,0.0,0.8,42.4208639473794,0,0.99
Tiangong,Iridium-33 Debris,4.609,14.194,391,44.9,0.9,128.24518420683367,0,0.4616
DEBRIS_B,DEBRIS_A,4.824,10.921,138,23.2,0.8,0.16889202909724726,0,0.676
Iridium-33 Debris,DEBRIS_A,9.973,11.881,370,34.8,0.9,68.49580338348217,0,0.9617
Hubble,Starlink-1001,0.95,1.859,3,24.5,0.2,15.685077027137549,0,0.5787
DEBRIS_A,GPS-79,5.77,0.716,19790,3.4,0.8,29.2923559454693,0,0.9862
Starlink-1001,DEBRIS_B,7.094,11.756,2,24.5,0.8,152.7581964292578,0,0.8348
GPS-79,Hubble,0.106,8.911,19653,26.5,0.2,134.09418023274202,0,0.0979
Cosmos-1408 Debris,Iridium-33 Debris,6.677,14.127,365,3.8,0.9,109.04012250001082,0,0.711
Starlink-1001,Envisat,20.993,6.76,232,45.5,0.2,107.33150965211682,0,0.99
DEBRIS_B,Starlink-1001,0.019,6.556,2,24.5,0.8,89.15886207730144,1,0.4116
ISS,GPS-79,13.713,5.487,19792,3.4,0.2,118.56850448136404,0,0.99
Cosmos-1408 Debris,ISS,45.125,5.636,7,30.9,0.9,51.383035114672055,0,0.99
ISS,Envisat,10.629,1.764,374,46.9,0.2,47.48741470122456,0,0.99
ISS,Iridium-33 Debris,56.064,14.179,372,34.8,0.9,16.632937514659176,0,0.99
Envisat,DEBRIS_B,4.593,3.903,234,70.1,0.8,135.6960002743585,0,0.9385
Iridium-33 Debris,DEBRIS_A,14.773,10.02,370,34.8,0.9,45.689302301866526,0,0.99
Tiangong,ISS,9.997,10.8,19,10.2,0.2,79.58833880242382,0,0.8965
GPS-79,Starlink-1001,35.837,2.503,19650,2.0,0.2,133.94077117897558,0,0.99
Starlink-1001,Tiangong,23.508,9.963,161,11.5,0.2,75.00121303549321,0,0.99
DEBRIS_A,Starlink-1001,17.089,1.119,140,1.4,0.8,121.9790558629416,0,0.99
Envisat,Hubble,7.685,11.679,235,70.1,0.2,51.944885066013036,0,0.6767
DEBRIS_A,Envisat,10.26,10.644,372,46.9,0.8,77.78343312710241,0,0.9717
GPS-79,Tiangong,11.624,3.615,19811,13.5,0.2,5.9009082771957235,0,0.99
DEBRIS_A,GPS-79,18.821,2.029,19790,3.4,0.8,36.99654865672602,0,0.99
ISS,Cosmos-1408 Debris,29.365,4.86,7,30.9,0.9,48.59075491530904,0,0.99
DEBRIS_A,ISS,9.954,10.54,2,0.0,0.8,75.28666327121908,0,0.9682
DEBRIS_A,Envisat,6.57,7.841,372,46.9,0.8,38.35708991553366,0,0.9264
DEBRIS_A,Iridium-33 Debris,10.45,3.153,370,34.8,0.9,49.96354114359004,0,0.99
Cosmos-1408 Debris,DEBRIS_A,18.835,8.144,5,30.9,0.9,64.47009145112291,0,0.99
Iridium-33 Debris,Starlink-1001,5.311,0.734,230,33.4,0.9,119.5278026424217,0,0.9857
Tiangong,DEBRIS_A,19.177,1.004,21,10.2,0.8,127.80218875549843,0,0.99
Hubble,Envisat,5.181,1.136,235,70.1,0.2,147.71728295674882,0,0.934
Cosmos-1408 Debris,ISS,5.692,11.606,7,30.9,0.9,10.388247088035376,0,0.7621
Starlink-1001,Cosmos-1408 Debris,2.287,1.844,135,29.6,0.9,107.3249934650566,0,0.9161
Cosmos-1408 Debris,ISS,22.863,14.17,7,30.9,0.9,94.09103387715342,0,0.99
Starlink-1001,ISS,9.556,4.091,142,1.4,0.2,43.79745772939854,0,0.9811
Starlink-1001,Envisat,3.985,0.145,232,45.5,0.2,116.37918476019715,0,0.9129
Tiangong,GPS-79,1.7,11.184,19811,13.5,0.2,97.37424705748762,0,0.1086
GPS-79,Cosmos-1408 Debris,19.781,14.871,19785,27.6,0.9,43.76973449795373,0,0.99
Cosmos-1408 Debris,Tiangong,43.729,13.203,26,41.1,0.9,166.48510106448396,0,0.99
Cosmos-1408 Debris,DEBRIS_A,10.941,8.732,5,30.9,0.9,30.79615625567298,0,0.99
DEBRIS_B,Cosmos-1408 Debris,1.507,10.968,133,54.1,0.9,48.05296958588911,0,0.3237
GPS-79,Starlink-1001,4.416,6.036,19650,2.0,0.2,84.80547099273771,0,0.6894
Hubble,Envisat,3.301,4.62,235,70.1,0.2,10.321882530067832,0,0.6602
GPS-79,Tiangong,14.142,3.55,19811,13.5,0.2,125.88633328643462,0,0.99
Cosmos-1408 Debris,Iridium-33 Debris,10.835,14.451,365,3.8,0.9,141.77821785264842,0,0.947
Iridium-33 Debris,Envisat,6.743,6.542,2,12.1,0.9,19.490689346494424,0,0.9612
DEBRIS_A,Starlink-1001,4.343,2.995,140,1.4,0.8,57.35029810834253,0,0.9465
DEBRIS_B,DEBRIS_A,26.137,10.377,138,23.2,0.8,140.7722751945155,0,0.99
Tiangong,GPS-79,4.215,10.161,19811,13.5,0.2,20.00371239630436,0,0.368
Envisat,Hubble,0.633,11.201,235,70.1,0.2,164.8019255458347,0,0.0664
Starlink-1001,DEBRIS_A,16.214,5.675,140,1.4,0.8,24.638468390337003,0,0.99
GPS-79,Cosmos-1408 Debris,32.949,13.704,19785,27.6,0.9,2.675465014326482,0,0.99
DEBRIS_A,Tiangong,34.482,3.729,21,10.2,0.8,20.583782479918362,0,0.99
DEBRIS_A,Tiangong,21.524,7.327,21,10.2,0.8,107.20633194883496,0,0.99
Starlink-1001,Envisat,7.451,3.176,232,45.5,0.2,146.90662593738355,0,0.9598
DEBRIS_A,DEBRIS_B,45.0,0.166,138,23.2,0.8,53.33689776809024,0,0.99
DEBRIS_A,Envisat,9.116,9.827,372,46.9,0.8,61.7460217696968,0,0.9612
Iridium-33 Debris,DEBRIS_B,27.876,11.568,232,57.9,0.9,81.71519389408705,0,0.99
Tiangong,ISS,2.234,8.234,19,10.2,0.2,166.9162303029003,0,0.2783
ISS,Hubble,18.612,9.089,139,23.2,0.2,143.60833243917926,0,0.99
Cosmos-1408 Debris,DEBRIS_A,37.745,7.182,5,30.9,0.9,53.182667122670864,0,0.99
Tiangong,GPS-79,19.51,6.425,19811,13.5,0.2,91.38174664764239,0,0.99
DEBRIS_A,Hubble,11.1,14.396,137,23.2,0.8,60.82277984636701,0,0.9443
ISS,DEBRIS_A,13.005,9.075,2,0.0,0.8,70.34944042615894,0,0.99
DEBRIS_B,Iridium-33 Debris,2.663,9.419,232,57.9,0.9,36.83638754137031,0,0.5759
ISS,GPS-79,6.862,13.828,19792,3.4,0.2,101.23178857442622,0,0.4213
Iridium-33 Debris,Cosmos-1408 Debris,5.565,8.078,365,3.8,0.9,167.258262286023,0,0.8965
DEBRIS_A,DEBRIS_B,2.803,11.336,138,23.2,0.8,69.88229349129703,0,0.4015
Hubble,ISS,2.894,6.973,139,23.2,0.2,94.66472954792926,0,0.439
Cosmos-1408 Debris,DEBRIS_A,41.214,1.458,5,30.9,0.9,14.818318238019051,0,0.99
GPS-79,Tiangong,41.131,12.845,19811,13.5,0.2,59.88471106618706,0,0.99
DEBRIS_B,Cosmos-1408 Debris,26.614,6.721,133,54.1,0.9,28.504548140406023,0,0.99
Iridium-33 Debris,Cosmos-1408 Debris,57.793,2.303,365,3.8,0.9,139.55225662382108,0,0.99
Tiangong,DEBRIS_A,17.355,2.482,21,10.2,0.8,95.48265752876783,0,0.99
GPS-79,Tiangong,0.856,5.037,19811,13.5,0.2,108.07313040430533,0,0.3355
ISS,Starlink-1001,8.153,12.913,142,1.4,0.2,166.96356542722796,0,0.6463
GPS-79,Envisat,7.459,6.763,19418,43.5,0.2,20.191212370903543,0,0.891
Tiangong,GPS-79,20.839,8.447,19811,13.5,0.2,160.3781295968176,0,0.99
Envisat,Cosmos-1408 Debris,2.235,5.224,367,16.0,0.9,9.42810354625772,0,0.7942
Envisat,Hubble,0.408,10.2,235,70.1,0.2,5.22863876818889,0,0.079
ISS,Envisat,0.676,14.523,374,46.9,0.2,154.23531296164904,0,0.0261
GPS-79,Tiangong,2.098,8.965,19811,13.5,0.2,143.32692672358834,0,0.2243
Cosmos-1408 Debris,DEBRIS_B,12.016,4.73,133,54.1,0.9,63.53164364642909,0,0.99
Cosmos-1408 Debris,Hubble,3.761,10.791,132,54.1,0.9,102.38879353715595,0,0.609
DEBRIS_B,Envisat,12.324,4.942,234,70.1,0.8,80.63547731047238,0,0.99
GPS-79,DEBRIS_B,4.096,8.378,19652,26.5,0.8,139.28149572371976,0,0.7567
DEBRIS_B,DEBRIS_A,0.198,0.86,138,23.2,0.8,112.3740465588061,0,0.8086
GPS-79,ISS,9.641,11.751,19792,3.4,0.2,56.8739929677237,0,0.8449
DEBRIS_B,DEBRIS_A,39.922,2.854,138,23.2,0.8,116.79216048988351,0,0.99
Starlink-1001,Hubble,15.568,2.112,3,24.5,0.2,34.98310854013038,0,0.99
Hubble,GPS-79,2.301,7.352,19653,26.5,0.2,140.20241354916323,0,0.3418
Tiangong,Starlink-1001,1.749,14.851,161,11.5,0.2,110.17406982578865,0,0.0399
Envisat,Tiangong,10.776,5.718,393,57.1,0.2,43.986122325773515,0,0.9833
ISS,Iridium-33 Debris,4.942,6.005,372,34.8,0.9,99.318804895084,0,0.922
GPS-79,Starlink-1001,20.198,11.121,19650,2.0,0.2,81.06866885311243,0,0.99
DEBRIS_B,Tiangong,4.541,14.963,159,13.0,0.8,129.02498407551778,0,0.3502
DEBRIS_B,Envisat,0.548,6.423,234,70.1,0.8,166.1396687547145,0,0.4868
Iridium-33 Debris,GPS-79,15.879,2.976,19420,31.4,0.9,70.1862312478901,0,0.99
Tiangong,Hubble,10.493,4.6,158,13.0,0.2,85.0980662041213,0,0.9862
Cosmos-1408 Debris,Envisat,20.016,3.415,367,16.0,0.9,152.8113148513074,0,0.99
GPS-79,DEBRIS_A,7.52,10.71,19790,3.4,0.8,137.00929671669664,0,0.8954
DEBRIS_B,Cosmos-1408 Debris,0.083,1.685,133,54.1,0.9,154.34113503915054,0,0.7918
Tiangong,GPS-79,18.755,9.266,19811,13.5,0.2,125.19502183142635,0,0.99
Cosmos-1408 Debris,Tiangong,6.685,10.925,26,41.1,0.9,142.48093218676055,0,0.8659
GPS-79,Cosmos-1408 Debris,64.034,13.755,19785,27.6,0.9,101.60496704387926,0,0.99
Iridium-33 Debris,ISS,3.618,8.134,372,34.8,0.9,84.5041496567906,0,0.7629
Iridium-33 Debris,ISS,4.166,4.026,372,34.8,0.9,41.24823714468232,0,0.9355
Iridium-33 Debris,DEBRIS_A,5.21,10.733,370,34.8,0.9,57.9571328381488,0,0.7659
DEBRIS_A,Envisat,9.242,11.769,372,46.9,0.8,10.357464243026929,0,0.9365
GPS-79,Iridium-33 Debris,33.87,6.382,19420,31.4,0.9,94.19318068963972,0,0.99
GPS-79,Starlink-1001,25.174,2.963,19650,2.0,0.2,97.09223581620616,0,0.99
Cosmos-1408 Debris,ISS,2.038,6.537,7,30.9,0.9,128.87655117849536,0,0.7022
Starlink-1001,GPS-79,30.312,14.232,19650,2.0,0.2,63.91342160196491,0,0.99
DEBRIS_B,Starlink-1001,22.014,7.821,2,24.5,0.8,139.03892784839317,0,0.99
Starlink-1001,DEBRIS_B,0.992,2.467,2,24.5,0.8,129.72083610461752,0,0.7951
Starlink-1001,ISS,21.043,3.122,142,1.4,0.2,98.11462994413385,0,0.99
GPS-79,ISS,52.394,13.697,19792,3.4,0.2,74.92761202675467,0,0.99
GPS-79,DEBRIS_A,0.232,13.389,19790,3.4,0.8,154.6925296299217,0,0.0911
DEBRIS_A,Starlink-1001,17.221,0.934,140,1.4,0.8,86.45184422356594,0,0.99
Cosmos-1408 Debris,Envisat,3.419,11.039,367,16.0,0.9,83.44084988097701,0,0.5493
Envisat,Tiangong,0.575,6.069,393,57.1,0.2,150.34985896595734,0,0.2436
GPS-79,Tiangong,12.784,10.855,19811,13.5,0.2,159.57177112055214,0,0.9717
Starlink-1001,DEBRIS_A,40.361,1.708,140,1.4,0.8,15.938889971489155,0,0.99
Starlink-1001,DEBRIS_B,32.981,10.203,2,24.5,0.8,44.035169722718976,0,0.99
Cosmos-1408 Debris,Starlink-1001,2.636,11.749,135,29.6,0.9,117.71596306342543,0,0.3997
Hubble,Envisat,4.228,10.057,235,70.1,0.2,148.65194175888354,0,0.3767
Envisat,GPS-79,31.065,8.052,19418,43.5,0.2,99.84960744482144,0,0.99
Hubble,Starlink-1001,3.855,8.013,3,24.5,0.2,53.58949018654434,0,0.4809
Hubble,ISS,20.834,12.135,139,23.2,0.2,133.64983946550325,0,0.99
Tiangong,Starlink-1001,40.863,11.358,161,11.5,0.2,45.9856450177708,0,0.99
DEBRIS_B,GPS-79,4.578,8.169,19652,26.5,0.8,14.133135201670166,0,0.8082
DEBRIS_B,Starlink-1001,9.25,2.757,2,24.5,0.8,27.255210704640266,0,0.99
Envisat,Iridium-33 Debris,7.686,10.783,2,12.1,0.9,23.858580903748045,0,0.9174
Tiangong,Cosmos-1408 Debris,3.558,5.566,26,41.1,0.9,127.93027861187396,0,0.871
Cosmos-1408 Debris,ISS,12.484,14.923,7,30.9,0.9,4.9040770214277405,0,0.9725
Hubble,Envisat,14.442,11.853,235,70.1,0.2,136.15752067824877,0,0.9831
Hubble,DEBRIS_A,23.829,2.609,137,23.2,0.8,109.94192048312337,0,0.99
Tiangong,Starlink-1001,3.317,12.941,161,11.5,0.2,103.51867006478528,0,0.139
GPS-79,DEBRIS_B,0.682,4.191,19652,26.5,0.8,30.345728314000226,0,0.6645
ISS,Hubble,2.151,13.459,139,23.2,0.2,11.491089291951608,0,0.0716
ISS,Envisat,7.119,4.479,374,46.9,0.2,113.83172057441881,0,0.9319
Starlink-1001,Hubble,41.775,6.883,3,24.5,0.2,14.500134438614888,0,0.99
Iridium-33 Debris,DEBRIS_B,40.085,14.412,232,57.9,0.9,55.63505634516864,0,0.99
Envisat,DEBRIS_A,5.74,6.004,372,46.9,0.8,116.06067523107757,0,0.9351
Hubble,Iridium-33 Debris,5.065,10.344,233,57.9,0.9,33.63290690577483,0,0.7737
Cosmos-1408 Debris,Iridium-33 Debris,0.605,3.137,365,3.8,0.9,33.596248794433954,0,0.7615
ISS,DEBRIS_A,1.142,9.935,2,0.0,0.8,156.3435239597739,0,0.308
Cosmos-1408 Debris,Hubble,1.14,0.671,132,54.1,0.9,10.838931636676424,0,0.8974
Iridium-33 Debris,Tiangong,25.357,3.032,391,44.9,0.9,4.705346216726225,0,0.99
Hubble,DEBRIS_A,28.216,3.589,137,23.2,0.8,67.44233672618802,0,0.99
ISS,Tiangong,1.336,12.989,19,10.2,0.2,7.974955287247385,0,0.0558
DEBRIS_B,Iridium-33 Debris,37.204,13.639,232,57.9,0.9,42.016409806195426,0,0.99
Envisat,ISS,7.355,8.1,374,46.9,0.2,150.03872697730785,0,0.8386
Envisat,Iridium-33 Debris,22.938,3.12,2,12.1,0.9,162.15243321585552,0,0.99
GPS-79,Hubble,17.548,11.805,19653,26.5,0.2,99.7197212942049,0,0.99
GPS-79,Tiangong,1.205,1.532,19811,13.5,0.2,131.88133730625438,0,0.6324
ISS,Iridium-33 Debris,8.261,11.28,372,34.8,0.9,38.339123323071306,0,0.9273
Envisat,Starlink-1001,4.473,11.225,232,45.5,0.2,95.32792733249893,0,0.325
Tiangong,Cosmos-1408 Debris,36.122,13.551,26,41.1,0.9,139.1220728555396,0,0.99
DEBRIS_A,Iridium-33 Debris,7.304,14.498,370,34.8,0.9,18.788727338351187,0,0.7507
Starlink-1001,Tiangong,11.949,8.791,161,11.5,0.2,126.19738185767778,0,0.9767
Cosmos-1408 Debris,Starlink-1001,9.041,2.677,135,29.6,0.9,31.666870508634577,0,0.99
GPS-79,DEBRIS_B,22.086,13.29,19652,26.5,0.8,123.79483883695046,0,0.99
Tiangong,Envisat,13.533,14.853,393,57.1,0.2,165.48413238197634,0,0.9376
Tiangong,DEBRIS_A,23.854,8.87,21,10.2,0.8,148.7360705464063,0,0.99
Hubble,GPS-79,12.191,0.739,19653,26.5,0.2,69.13510356385915,0,0.99
Tiangong,DEBRIS_B,11.375,3.807,159,13.0,0.8,110.72627724075222,0,0.99
Iridium-33 Debris,Tiangong,10.936,5.75,391,44.9,0.9,133.9908807537405,0,0.99
Iridium-33 Debris,DEBRIS_B,4.594,3.644,232,57.9,0.9,164.58015041571562,0,0.9528
Tiangong,Envisat,31.364,13.003,393,57.1,0.2,158.72367080836636,0,0.99
Envisat,Iridium-33 Debris,16.685,5.629,2,12.1,0.9,65.84776051922437,0,0.99
Cosmos-1408 Debris,GPS-79,23.668,13.191,19785,27.6,0.9,34.196804292692555,0,0.99
Iridium-33 Debris,DEBRIS_B,52.752,1.344,232,57.9,0.9,41.520582568617975,0,0.99
DEBRIS_B,DEBRIS_A,2.982,0.827,138,23.2,0.8,69.04873900625816,0,0.945
Envisat,DEBRIS_A,19.15,7.189,372,46.9,0.8,127.35200362455652,0,0.99
DEBRIS_B,GPS-79,5.513,4.996,19652,26.5,0.8,36.98451555122945,0,0.9457
Cosmos-1408 Debris,ISS,28.724,14.908,7,30.9,0.9,76.49891454517957,0,0.99
Hubble,DEBRIS_A,15.67,3.987,137,23.2,0.8,136.03637670771565,0,0.99
DEBRIS_B,Tiangong,10.336,1.614,159,13.0,0.8,86.39744099794585,0,0.99
DEBRIS_A,Envisat,3.538,10.017,372,46.9,0.8,86.91306727677193,0,0.59
Cosmos-1408 Debris,ISS,9.603,5.923,7,30.9,0.9,10.71870813559625,0,0.99
DEBRIS_B,GPS-79,10.508,11.907,19652,26.5,0.8,45.03567197703001,0,0.9638
ISS,GPS-79,2.359,9.249,19792,3.4,0.2,78.9256099938841,0,0.2323
GPS-79,ISS,14.558,14.097,19792,3.4,0.2,59.148999714762,0,0.9692
DEBRIS_A,Starlink-1001,7.386,9.499,140,1.4,0.8,99.24083182327097,0,0.9201
ISS,Iridium-33 Debris,4.215,12.044,372,34.8,0.9,8.430124479931369,0,0.5731
GPS-79,Cosmos-1408 Debris,8.435,0.873,19785,27.6,0.9,96.50585076905476,0,0.99
GPS-79,Envisat,37.825,2.752,19418,43.5,0.2,75.91169491218933,0,0.99
Hubble,Tiangong,13.085,12.275,158,13.0,0.2,85.93382383672999,0,0.963
Cosmos-1408 Debris,GPS-79,9.138,0.849,19785,27.6,0.9,66.25711709466955,0,0.99
Hubble,Tiangong,24.444,6.2,158,13.0,0.2,114.90447390444669,0,0.99
Hubble,ISS,10.024,12.553,139,23.2,0.2,107.05880173707025,0,0.8384
DEBRIS_A,Tiangong,16.307,7.68,21,10.2,0.8,52.57523648075521,0,0.99
ISS,Envisat,4.906,13.746,374,46.9,0.2,21.1497414682118,0,0.2191
Hubble,Iridium-33 Debris,12.63,7.369,233,57.9,0.9,144.8509186507722,0,0.99
Envisat,DEBRIS_B,9.24,12.578,234,70.1,0.8,53.56488347630403,0,0.9203
Starlink-1001,DEBRIS_A,11.263,0.752,140,1.4,0.8,21.411043202683743,0,0.99
Iridium-33 Debris,Hubble,55.441,5.09,233,57.9,0.9,41.64699760143637,0,0.99
Cosmos-1408 Debris,Starlink-1001,27.331,8.362,135,29.6,0.9,52.775224817587606,0,0.99
Iridium-33 Debris,DEBRIS_B,2.289,8.0,232,57.9,0.9,134.57290605330203,0,0.6328
Hubble,Starlink-1001,46.177,8.075,3,24.5,0.2,60.05774734837062,0,0.99
ISS,Starlink-1001,5.665,11.77,142,1.4,0.2,83.54590434929587,0,0.4259
Tiangong,Hubble,4.193,11.492,158,13.0,0.2,107.84178610247358,0,0.2786
Tiangong,GPS-79,1.937,8.371,19811,13.5,0.2,156.23148280489548,0,0.2418
DEBRIS_B,Hubble,21.969,4.144,1,0.0,0.8,0.4782878229491734,0,0.99
Envisat,Starlink-1001,12.243,5.519,232,45.5,0.2,81.10578101462882,0,0.99
Envisat,DEBRIS_A,15.224,7.984,372,46.9,0.8,58.303472405352274,0,0.99
Starlink-1001,ISS,39.387,0.12,142,1.4,0.2,157.78649437918568,0,0.99
Hubble,DEBRIS_A,17.399,0.8,137,23.2,0.8,6.457636272773765,0,0.99
Hubble,Cosmos-1408 Debris,0.11,12.594,132,54.1,0.9,58.895957937836975,0,0.1275
Cosmos-1408 Debris,DEBRIS_B,25.643,0.492,133,54.1,0.9,34.06462886918475,0,0.99
Iridium-33 Debris,Hubble,3.104,12.27,233,57.9,0.9,69.3167957518636,0,0.4185
Iridium-33 Debris,DEBRIS_A,5.263,10.879,370,34.8,0.9,39.08261021592723,0,0.7627
Starlink-1001,GPS-79,3.062,12.121,19650,2.0,0.2,3.1542072516793893,0,0.1538
Starlink-1001,Iridium-33 Debris,1.382,7.625,230,33.4,0.9,94.87715512277944,0,0.5507
Tiangong,Hubble,17.696,6.527,158,13.0,0.2,147.51141428687924,0,0.99
Hubble,ISS,27.958,7.042,139,23.2,0.2,140.75146641957394,0,0.99
ISS,GPS-79,6.849,13.003,19792,3.4,0.2,54.40072913455479,0,0.4809
Envisat,ISS,5.248,13.977,374,46.9,0.2,160.5829615249334,0,0.237
Cosmos-1408 Debris,Starlink-1001,22.599,3.814,135,29.6,0.9,48.335568904288344,0,0.99
DEBRIS_B,Cosmos-1408 Debris,9.822,2.111,133,54.1,0.9,131.9759181382299,0,0.99
Cosmos-1408 Debris,Starlink-1001,0.871,8.435,135,29.6,0.9,46.642582771800704,0,0.4268
Cosmos-1408 Debris,Iridium-33 Debris,11.644,3.801,365,3.8,0.9,43.92086160704148,0,0.99
Cosmos-1408 Debris,ISS,25.229,14.433,7,30.9,0.9,125.39040876564846,0,0.99
Hubble,Cosmos-1408 Debris,4.06,4.922,132,54.1,0.9,49.142809180821494,0,0.9132
ISS,Envisat,14.241,6.417,374,46.9,0.2,41.763185516112934,0,0.99
Hubble,Tiangong,5.24,9.082,158,13.0,0.2,130.39989776831553,0,0.5733
Starlink-1001,Tiangong,22.078,8.778,161,11.5,0.2,94.38412186853891,0,0.99
Tiangong,DEBRIS_A,7.987,4.497,21,10.2,0.8,11.94864230700522,0,0.9859
ISS,Iridium-33 Debris,11.06,4.744,372,34.8,0.9,165.7396962310946,0,0.99
Hubble,DEBRIS_B,27.488,10.809,1,0.0,0.8,84.09301755389042,0,0.99
ISS,Iridium-33 Debris,8.298,12.591,372,34.8,0.9,150.01567234879064,0,0.8977
DEBRIS_B,GPS-79,6.171,7.963,19652,26.5,0.8,108.80655653550731,0,0.9086
Envisat,Tiangong,15.332,0.73,393,57.1,0.2,132.92465979649864,0,0.99
Hubble,Tiangong,23.551,2.08,158,13.0,0.2,56.39781613050399,0,0.99
Iridium-33 Debris,DEBRIS_A,15.849,9.167,370,34.8,0.9,44.47201669525288,0,0.99
DEBRIS_B,ISS,13.369,13.103,140,23.2,0.8,161.1991480272627,0,0.9873
GPS-79,Tiangong,8.797,12.147,19811,13.5,0.2,145.99143489951246,0,0.7603
Hubble,Cosmos-1408 Debris,16.446,7.533,132,54.1,0.9,132.41534887717242,0,0.99
DEBRIS_A,Iridium-33 Debris,0.858,4.145,370,34.8,0.9,122.86609294788744,0,0.7282
DEBRIS_B,DEBRIS_A,3.795,14.548,138,23.2,0.8,134.85261092941406,0,0.2959
Envisat,Iridium-33 Debris,2.296,7.071,2,12.1,0.9,108.00285047042331,0,0.6957
DEBRIS_B,ISS,1.01,11.823,140,23.2,0.8,72.66755611887673,0,0.1913
ISS,Starlink-1001,24.549,0.175,142,1.4,0.2,80.50394606055332,0,0.99
Envisat,GPS-79,0.325,6.095,19418,43.5,0.2,56.366453014344884,0,0.2199
ISS,DEBRIS_B,12.473,4.828,140,23.2,0.8,119.71785957614432,0,0.99
Iridium-33 Debris,Cosmos-1408 Debris,3.261,7.267,365,3.8,0.9,35.39345581348912,0,0.7774
Tiangong,Cosmos-1408 Debris,65.343,14.222,26,41.1,0.9,118.86916993205124,0,0.99
Envisat,Starlink-1001,9.552,8.089,232,45.5,0.2,145.2608773075045,0,0.9399
DEBRIS_B,Hubble,8.328,10.869,1,0.0,0.8,48.21772934286613,0,0.9244
Hubble,Iridium-33 Debris,7.991,8.295,233,57.9,0.9,25.58077497602212,0,0.9647
Starlink-1001,DEBRIS_A,28.274,2.525,140,1.4,0.8,111.907016512087,0,0.99
DEBRIS_A,Hubble,7.856,4.782,137,23.2,0.8,60.9552650079394,0,0.9836
Envisat,Tiangong,9.883,2.094,393,57.1,0.2,44.54490368668188,0,0.99
DEBRIS_A,Tiangong,19.771,9.12,21,10.2,0.8,113.9995490494449,0,0.99
Hubble,Cosmos-1408 Debris,2.337,14.809,132,54.1,0.9,129.49057907099473,0,0.1863
ISS,GPS-79,35.719,12.83,19792,3.4,0.2,78.15861892715542,0,0.99
DEBRIS_A,GPS-79,0.32,11.509,19790,3.4,0.8,33.16200787947305,0,0.1554
DEBRIS_A,Cosmos-1408 Debris,2.995,9.238,5,30.9,0.9,110.60971692247713,0,0.6286
DEBRIS_B,Hubble,3.969,5.858,1,0.0,0.8,12.379042229449091,0,0.8614
Iridium-33 Debris,DEBRIS_B,26.14,9.553,232,57.9,0.9,10.300810351807693,0,0.99
Cosmos-1408 Debris,ISS,4.538,12.023,7,30.9,0.9,59.075442703957115,0,0.6136
Iridium-33 Debris,Hubble,30.446,4.642,233,57.9,0.9,165.33656464985003,0,0.99
GPS-79,Iridium-33 Debris,35.647,8.231,19420,31.4,0.9,76.08818786000505,0,0.99
ISS,DEBRIS_A,1.363,0.419,2,0.0,0.8,72.0011166358915,0,0.8962
DEBRIS_B,Envisat,4.077,1.461,234,70.1,0.8,19.07992535589741,0,0.9608
DEBRIS_B,ISS,1.76,14.241,140,23.2,0.8,104.6127325354369,0,0.1428
Cosmos-1408 Debris,DEBRIS_A,7.817,3.032,5,30.9,0.9,62.928304623295624,0,0.99
Cosmos-1408 Debris,DEBRIS_B,70.623,3.196,133,54.1,0.9,68.73203981099365,0,0.99
Cosmos-1408 Debris,Hubble,7.617,11.093,132,54.1,0.9,4.301047355430207,0,0.9073
Hubble,Iridium-33 Debris,0.09,11.867,233,57.9,0.9,148.0024053929223,1,0.1525
GPS-79,Starlink-1001,19.194,4.547,19650,2.0,0.2,37.4470301872112,0,0.99
Starlink-1001,Cosmos-1408 Debris,13.282,3.778,135,29.6,0.9,142.39304334583846,0,0.99
Iridium-33 Debris,Envisat,21.972,13.115,2,12.1,0.9,33.54803437754251,0,0.99
GPS-79,Hubble,37.415,4.942,19653,26.5,0.2,103.52938725688071,0,0.99
DEBRIS_A,Cosmos-1408 Debris,12.26,13.649,5,30.9,0.9,95.42532089824654,0,0.9789
Iridium-33 Debris,Cosmos-1408 Debris,7.817,9.341,365,3.8,0.9,68.37887371821961,0,0.9482
GPS-79,DEBRIS_B,7.809,1.85,19652,26.5,0.8,22.079274696674094,0,0.99
GPS-79,DEBRIS_A,31.56,0.435,19790,3.4,0.8,97.72818922945658,0,0.99
GPS-79,Starlink-1001,9.699,10.914,19650,2.0,0.2,89.72595967583446,0,0.8782
DEBRIS_B,Iridium-33 Debris,10.053,9.946,232,57.9,0.9,140.47420375118804,0,0.979
GPS-79,Starlink-1001,9.232,9.4,19650,2.0,0.2,42.391490581551196,0,0.8999
DEBRIS_A,Hubble,3.805,8.675,137,23.2,0.8,144.02410613996125,0,0.7109
Cosmos-1408 Debris,Starlink-1001,22.213,6.272,135,29.6,0.9,40.3248343099022,0,0.99
Iridium-33 Debris,Cosmos-1408 Debris,7.677,12.699,365,3.8,0.9,63.417276028356035,0,0.8616
ISS,Cosmos-1408 Debris,24.021,10.431,7,30.9,0.9,134.97717067278967,0,0.99
Iridium-33 Debris,DEBRIS_A,0.177,5.571,370,34.8,0.9,167.58276865395914,0,0.554
DEBRIS_B,Starlink-1001,9.948,10.753,2,24.5,0.8,72.28794329884215,0,0.966
Starlink-1001,ISS,14.002,11.203,142,1.4,0.2,151.57285155159474,0,0.9827
DEBRIS_B,ISS,12.095,14.664,140,23.2,0.8,132.26852868345054,0,0.9626
ISS,Starlink-1001,43.633,4.922,142,1.4,0.2,99.36477336899698,0,0.99
Starlink-1001,Envisat,27.368,7.845,232,45.5,0.2,53.646868117067804,0,0.99
DEBRIS_A,Tiangong,0.13,1.124,21,10.2,0.8,126.46818203204434,0,0.7905
ISS,Tiangong,6.655,2.981,19,10.2,0.2,114.0634527798888,0,0.9444
Cosmos-1408 Debris,Tiangong,24.87,3.609,26,41.1,0.9,133.0036149968018,0,0.99
Iridium-33 Debris,Tiangong,4.195,9.098,391,44.9,0.9,43.17017471569065,0,0.7628
Starlink-1001,ISS,35.938,7.396,142,1.4,0.2,43.37909199409994,0,0.99
Cosmos-1408 Debris,Iridium-33 Debris,12.949,8.824,365,3.8,0.9,130.97001126630926,0,0.99
ISS,Iridium-33 Debris,19.317,10.047,372,34.8,0.9,131.0606298694047,0,0.99
ISS,DEBRIS_A,16.383,9.643,2,0.0,0.8,153.48372689010571,0,0.99
ISS,Tiangong,19.284,13.579,19,10.2,0.2,30.92349229723587,0,0.99
Envisat,Iridium-33 Debris,12.008,8.723,2,12.1,0.9,1.48706330919386,0,0.99
ISS,Envisat,26.02,4.554,374,46.9,0.2,43.1094964078196,0,0.99
Starlink-1001,Hubble,12.383,9.976,3,24.5,0.2,109.05110048338757,0,0.9734
DEBRIS_B,GPS-79,6.547,8.954,19652,26.5,0.8,108.47822304748537,0,0.8991
Tiangong,DEBRIS_A,3.736,0.533,21,10.2,0.8,96.36446492427663,0,0.9647
Hubble,GPS-79,3.667,8.73,19653,26.5,0.2,84.98409043494374,0,0.4048
Cosmos-1408 Debris,Hubble,19.531,7.375,132,54.1,0.9,76.88399122209778,0,0.99
GPS-79,DEBRIS_B,3.62,5.131,19652,26.5,0.8,58.99692175780253,0,0.8665
Iridium-33 Debris,GPS-79,2.14,4.262,19420,31.4,0.9,161.09813526314966,0,0.8308
ISS,Tiangong,1.085,7.782,19,10.2,0.2,21.97053244931129,0,0.1991
Starlink-1001,Cosmos-1408 Debris,30.254,4.677,135,29.6,0.9,79.05027953302755,0,0.99
Tiangong,Starlink-1001,30.732,12.852,161,11.5,0.2,33.435332035071184,0,0.99
Cosmos-1408 Debris,Envisat,5.111,4.134,367,16.0,0.9,25.86426727582555,0,0.9575
Cosmos-1408 Debris,DEBRIS_A,32.898,7.761,5,30.9,0.9,37.82966241588852,0,0.99
Starlink-1001,Cosmos-1408 Debris,3.759,13.952,135,29.6,0.9,40.80980481778767,0,0.3761
DEBRIS_A,GPS-79,6.163,12.681,19790,3.4,0.8,118.38142808691714,0,0.7062
Cosmos-1408 Debris,GPS-79,18.279,4.478,19785,27.6,0.9,160.10148851028922,0,0.99
Hubble,ISS,59.181,9.273,139,23.2,0.2,70.73269653746519,0,0.99
ISS,GPS-79,12.525,1.183,19792,3.4,0.2,158.59611768335662,0,0.99
DEBRIS_A,Cosmos-1408 Debris,2.13,6.358,5,30.9,0.9,129.6721919032808,0,0.7227
GPS-79,Iridium-33 Debris,4.001,13.555,19420,31.4,0.9,8.62130967963192,0,0.4338
GPS-79,DEBRIS_A,27.361,6.013,19790,3.4,0.8,76.60785383419493,0,0.99
Envisat,Cosmos-1408 Debris,0.197,0.233,367,16.0,0.9,48.51439625974565,0,0.8616
ISS,Tiangong,35.602,6.2,19,10.2,0.2,140.59375524332907,0,0.99
DEBRIS_B,GPS-79,7.463,4.789,19652,26.5,0.8,134.4517565106912,0,0.9801
Iridium-33 Debris,Envisat,15.798,0.307,2,12.1,0.9,104.42640043255967,0,0.99
Cosmos-1408 Debris,ISS,6.458,1.949,7,30.9,0.9,6.008247294292828,0,0.9884
ISS,DEBRIS_A,0.671,3.197,2,0.0,0.8,139.95997102951628,0,0.7264
Hubble,ISS,3.823,5.389,139,23.2,0.2,155.9471480051395,0,0.667
Envisat,Tiangong,87.744,7.533,393,57.1,0.2,53.75332872242942,0,0.99
ISS,DEBRIS_A,15.952,6.015,2,0.0,0.8,46.445790058541164,0,0.99
DEBRIS_B,Starlink-1001,1.072,3.298,2,24.5,0.8,57.39833427985294,0,0.7589
ISS,DEBRIS_B,38.494,12.634,140,23.2,0.8,33.405249487710215,0,0.99
Cosmos-1408 Debris,GPS-79,17.51,0.424,19785,27.6,0.9,65.63284812646478,0,0.99
Cosmos-1408 Debris,DEBRIS_A,4.714,10.594,5,30.9,0.9,155.9801689610266,0,0.7269
ISS,GPS-79,8.977,14.605,19792,3.4,0.2,158.26412280758606,0,0.6241
Iridium-33 Debris,Cosmos-1408 Debris,16.01,4.797,365,3.8,0.9,58.218609837299574,0,0.99
Starlink-1001,DEBRIS_A,2.264,9.818,140,1.4,0.8,11.978741511933682,0,0.4468
DEBRIS_A,Hubble,1.938,10.226,137,23.2,0.8,83.63888424886146,0,0.3778
GPS-79,Hubble,28.562,5.143,19653,26.5,0.2,72.50626451680691,0,0.99
DEBRIS_A,Tiangong,18.976,7.226,21,10.2,0.8,144.17621434629476,0,0.99
Starlink-1001,Iridium-33 Debris,8.798,2.759,230,33.4,0.9,61.93220456529586,0,0.99
ISS,GPS-79,9.543,8.078,19792,3.4,0.2,125.60793622602678,0,0.9398
Tiangong,DEBRIS_B,17.329,0.675,159,13.0,0.8,23.939654325885716,0,0.99
Envisat,DEBRIS_B,22.63,3.377,234,70.1,0.8,66.6772699453642,0,0.99
Iridium-33 Debris,Hubble,4.717,0.792,233,57.9,0.9,26.07163272367374,0,0.9806
ISS,GPS-79,26.442,8.899,19792,3.4,0.2,96.02377783112884,0,0.99
DEBRIS_B,DEBRIS_A,1.661,8.021,138,23.2,0.8,53.16488898052044,0,0.506
Hubble,Cosmos-1408 Debris,1.264,4.563,132,54.1,0.9,21.403398625554665,0,0.7433
Starlink-1001,DEBRIS_A,22.42,7.742,140,1.4,0.8,56.040962798210884,0,0.99
DEBRIS_B,Starlink-1001,46.73,2.39,2,24.5,0.8,157.68348499796843,0,0.99
Hubble,Envisat,11.55,10.17,235,70.1,0.2,127.55922768815498,0,0.9579
DEBRIS_A,Hubble,49.097,6.66,137,23.2,0.8,161.23596937312416,0,0.99
DEBRIS_B,Tiangong,7.946,8.619,159,13.0,0.8,13.286144747347494,0,0.952
Starlink-1001,GPS-79,37.789,4.269,19650,2.0,0.2,5.527613367349437,0,0.99
Iridium-33 Debris,GPS-79,0.283,11.706,19420,31.4,0.9,88.54950786492145,0,0.1722
DEBRIS_B,Hubble,17.989,14.467,1,0.0,0.8,46.45496170192738,0,0.99
Starlink-1001,GPS-79,37.613,0.689,19650,2.0,0.2,110.26181495865026,0,0.99
Starlink-1001,Iridium-33 Debris,10.772,6.205,230,33.4,0.9,96.53714233783633,0,0.99
ISS,DEBRIS_B,39.423,6.028,140,23.2,0.8,75.60549382596939,0,0.99
DEBRIS_B,DEBRIS_A,8.727,5.416,138,23.2,0.8,117.03531361941621,0,0.9871
Hubble,GPS-79,7.096,3.221,19653,26.5,0.2,29.706524384847274,0,0.9517
DEBRIS_B,Hubble,5.194,0.942,1,0.0,0.8,153.95973263785726,0,0.9804
Hubble,Tiangong,13.143,14.565,158,13.0,0.2,137.43289813120634,0,0.931
DEBRIS_B,Hubble,15.396,11.09,1,0.0,0.8,20.72151965167481,0,0.99
GPS-79,Starlink-1001,0.486,13.906,19650,2.0,0.2,121.24463029575269,0,0.0285
Hubble,Cosmos-1408 Debris,23.722,7.454,132,54.1,0.9,82.85287851514381,0,0.99
Starlink-1001,DEBRIS_B,2.416,6.57,2,24.5,0.8,151.84861036481166,0,0.6978
Envisat,DEBRIS_A,16.165,0.764,372,46.9,0.8,49.392391213211326,0,0.99
Hubble,Iridium-33 Debris,4.809,2.712,233,57.9,0.9,148.023319526354,0,0.9674
GPS-79,ISS,10.521,6.078,19792,3.4,0.2,121.10030362346991,0,0.9789
Envisat,ISS,12.094,2.91,374,46.9,0.2,6.915315111799314,0,0.99
DEBRIS_A,Hubble,0.867,6.718,137,23.2,0.8,136.1399987226338,0,0.5045
Starlink-1001,Tiangong,7.101,14.214,161,11.5,0.2,12.192076128492344,0,0.4222
Iridium-33 Debris,Hubble,7.709,14.459,233,57.9,0.9,62.03127400951993,0,0.7886
DEBRIS_B,DEBRIS_A,0.556,10.481,138,23.2,0.8,21.91457541798485,0,0.2199
Iridium-33 Debris,GPS-79,9.891,6.577,19420,31.4,0.9,95.11431082155582,0,0.99
Hubble,Cosmos-1408 Debris,34.858,7.966,132,54.1,0.9,132.38657498323556,0,0.99
DEBRIS_B,Starlink-1001,40.733,5.293,2,24.5,0.8,56.78009637990655,0,0.99
GPS-79,DEBRIS_A,88.041,13.195,19790,3.4,0.8,52.15327026303869,0,0.99
GPS-79,Iridium-33 Debris,45.565,10.074,19420,31.4,0.9,143.14028891436587,0,0.99
GPS-79,Hubble,14.26,9.928,19653,26.5,0.2,103.16643405573129,0,0.9896
Tiangong,GPS-79,25.76,7.0,19811,13.5,0.2,120.20525553493526,0,0.99
Tiangong,Envisat,15.314,2.925,393,57.1,0.2,46.63737570816921,0,0.99
Cosmos-1408 Debris,Tiangong,48.435,11.232,26,41.1,0.9,82.67526736767594,0,0.99
Hubble,DEBRIS_B,38.289,5.452,1,0.0,0.8,156.68592932892187,0,0.99
ISS,Starlink-1001,45.988,12.469,142,1.4,0.2,19.212827975966437,0,0.99
Tiangong,GPS-79,6.18,4.997,19811,13.5,0.2,108.89157514020285,0,0.8798
ISS,Envisat,28.556,5.528,374,46.9,0.2,52.98278126552795,0,0.99
DEBRIS_A,Envisat,6.561,5.379,372,46.9,0.8,52.08745353642813,0,0.9633
DEBRIS_B,Tiangong,20.977,9.031,159,13.0,0.8,98.92428199493344,0,0.99
ISS,Envisat,3.398,13.71,374,46.9,0.2,126.94980604859715,0,0.1177
DEBRIS_B,Cosmos-1408 Debris,18.223,12.599,133,54.1,0.9,51.19713054463446,0,0.99
DEBRIS_A,DEBRIS_B,5.307,1.605,138,23.2,0.8,75.05897029759791,0,0.9775
Envisat,Hubble,3.15,1.963,235,70.1,0.2,40.610979084782514,0,0.8
Starlink-1001,Hubble,9.929,4.915,3,24.5,0.2,155.24454631216364,0,0.98
GPS-79,DEBRIS_B,9.638,14.34,19652,26.5,0.8,97.37103670260605,0,0.8925
DEBRIS_A,Cosmos-1408 Debris,35.595,9.183,5,30.9,0.9,76.63562556434128,0,0.99
Cosmos-1408 Debris,Starlink-1001,7.921,10.494,135,29.6,0.9,87.10013000309819,0,0.9317
Hubble,DEBRIS_B,0.512,1.018,1,0.0,0.8,43.88705776468103,0,0.825
GPS-79,DEBRIS_A,8.775,8.0,19790,3.4,0.8,45.10126952997576,0,0.9731
DEBRIS_A,Tiangong,4.883,10.866,21,10.2,0.8,71.95823819786943,0,0.6861
DEBRIS_B,GPS-79,16.996,13.968,19652,26.5,0.8,115.96663519248291,0,0.99
Hubble,Iridium-33 Debris,1.048,7.67,233,57.9,0.9,132.68087528559514,0,0.5057
Envisat,DEBRIS_B,6.227,11.039,234,70.1,0.8,25.28720535311716,0,0.8025
Cosmos-1408 Debris,Hubble,0.502,3.428,132,54.1,0.9,6.2746415473326005,0,0.7355
ISS,DEBRIS_B,1.45,3.155,140,23.2,0.8,129.94678832237074,0,0.7988
DEBRIS_A,Hubble,10.403,7.457,137,23.2,0.8,155.26739841210076,0,0.9897
Tiangong,Hubble,7.264,9.098,158,13.0,0.2,60.57288715661473,0,0.7863
Envisat,Hubble,10.293,14.65,235,70.1,0.2,10.872222481749445,0,0.7598
Cosmos-1408 Debris,Starlink-1001,3.326,10.818,135,29.6,0.9,84.8031176776227,0,0.5542
DEBRIS_B,Envisat,1.26,13.619,234,70.1,0.8,20.346944684184354,0,0.1352
Starlink-1001,Envisat,40.656,4.734,232,45.5,0.2,140.45281369459832,0,0.99
Cosmos-1408 Debris,ISS,9.907,3.613,7,30.9,0.9,140.57839974713588,0,0.99
DEBRIS_A,GPS-79,11.471,1.185,19790,3.4,0.8,134.74214649254276,0,0.99
Hubble,DEBRIS_B,2.14,13.256,1,0.0,0.8,120.01875456168077,0,0.213
Starlink-1001,ISS,3.726,0.236,142,1.4,0.2,114.35755632118321,0,0.8995
DEBRIS_B,Cosmos-1408 Debris,13.665,10.651,133,54.1,0.9,65.39584034846979,0,0.99
Starlink-1001,Tiangong,3.174,3.947,161,11.5,0.2,91.3222088944738,0,0.6906
DEBRIS_A,Starlink-1001,18.726,1.253,140,1.4,0.8,101.98766438119955,0,0.99
Tiangong,Starlink-1001,10.431,12.126,161,11.5,0.2,44.9074138089966,0,0.8784
DEBRIS_B,Starlink-1001,38.164,2.515,2,24.5,0.8,79.17058733186732,0,0.99
Hubble,DEBRIS_B,1.118,10.732,1,0.0,0.8,67.01289166353331,0,0.2572
Hubble,DEBRIS_A,26.519,0.406,137,23.2,0.8,75.73136775829903,0,0.99
Starlink-1001,Hubble,8.953,7.109,3,24.5,0.2,54.5372237661225,0,0.9396
Iridium-33 Debris,Envisat,2.701,5.649,2,12.1,0.9,58.348966109145806,0,0.8109
DEBRIS_A,Hubble,44.261,5.492,137,23.2,0.8,154.13277203758943,0,0.99
ISS,Tiangong,0.079,4.698,19,10.2,0.2,82.12546209768199,0,0.2749
Starlink-1001,DEBRIS_B,16.413,9.473,2,24.5,0.8,32.50548989740142,0,0.99
DEBRIS_A,DEBRIS_B,39.192,10.51,138,23.2,0.8,156.07209655143427,0,0.99
DEBRIS_B,DEBRIS_A,11.339,7.19,138,23.2,0.8,142.5324708113272,0,0.99
Tiangong,Envisat,16.648,14.662,393,57.1,0.2,63.719742098079955,0,0.9869
Iridium-33 Debris,Starlink-1001,1.83,0.971,230,33.4,0.9,156.34468712336167,0,0.9186
Cosmos-1408 Debris,DEBRIS_B,14.37,5.796,133,54.1,0.9,52.338421879430626,0,0.99
Starlink-1001,Tiangong,0.262,12.288,161,11.5,0.2,142.1491038131352,0,0.0409
DEBRIS_A,Starlink-1001,3.645,10.779,140,1.4,0.8,118.93849175259031,0,0.5471
ISS,Tiangong,2.094,5.514,19,10.2,0.2,102.22727123749951,0,0.4483
Iridium-33 Debris,ISS,7.315,9.843,372,34.8,0.9,90.25852095804369,0,0.9245
DEBRIS_B,ISS,7.592,3.271,140,23.2,0.8,111.37746859598995,0,0.988
Hubble,DEBRIS_B,53.677,4.135,1,0.0,0.8,32.20086092449933,0,0.99
DEBRIS_B,DEBRIS_A,26.161,6.38,138,23.2,0.8,0.9758086565334635,0,0.99
ISS,Iridium-33 Debris,17.263,1.346,372,34.8,0.9,156.17930553110799,0,0.99
DEBRIS_B,ISS,15.414,1.769,140,23.2,0.8,139.9117328532946,0,0.99
Envisat,Hubble,3.451,0.138,235,70.1,0.2,163.47255625122662,0,0.8893
Envisat,Tiangong,0.628,9.9,393,57.1,0.2,159.890156905979,0,0.0948
Starlink-1001,Cosmos-1408 Debris,23.886,8.739,135,29.6,0.9,83.0055431261168,0,0.99
Cosmos-1408 Debris,DEBRIS_A,24.313,1.74,5,30.9,0.9,120.52785220203597,0,0.99
GPS-79,Iridium-33 Debris,14.954,9.111,19420,31.4,0.9,97.21523226209773,0,0.99
ISS,Envisat,0.768,0.525,374,46.9,0.2,24.815884961016227,0,0.6517
ISS,Iridium-33 Debris,38.214,12.293,372,34.8,0.9,115.65480401658606,0,0.99
DEBRIS_B,Cosmos-1408 Debris,3.629,12.797,133,54.1,0.9,85.07703671873003,0,0.4441
DEBRIS_A,Cosmos-1408 Debris,15.054,9.958,5,30.9,0.9,0.3175782371875332,0,0.99
ISS,GPS-79,23.42,8.739,19792,3.4,0.2,60.643539588272624,0,0.99
DEBRIS_A,ISS,11.264,5.665,2,0.0,0.8,64.47715065742113,0,0.99
Tiangong,Cosmos-1408 Debris,40.22,0.407,26,41.1,0.9,10.551844212138857,0,0.99
DEBRIS_B,GPS-79,15.866,13.815,19652,26.5,0.8,139.80071439754602,0,0.99
GPS-79,ISS,23.722,3.852,19792,3.4,0.2,31.16434477902763,0,0.99
Hubble,Cosmos-1408 Debris,4.734,13.682,132,54.1,0.9,4.621319822699612,0,0.5157
DEBRIS_A,Tiangong,7.464,10.759,21,10.2,0.8,19.728696126702324,0,0.8913
Hubble,Cosmos-1408 Debris,28.696,10.226,132,54.1,0.9,48.93895743152134,0,0.99
Envisat,Cosmos-1408 Debris,3.163,11.23,367,16.0,0.9,123.9742508223684,0,0.5031
ISS,Starlink-1001,10.022,7.281,142,1.4,0.2,103.95004357569364,0,0.9618
DEBRIS_B,Envisat,39.373,3.708,234,70.1,0.8,61.46163141725499,0,0.99
Envisat,Iridium-33 Debris,19.867,0.503,2,12.1,0.9,49.18301712975316,0,0.99
Iridium-33 Debris,ISS,5.247,11.66,372,34.8,0.9,51.62512521362198,0,0.7162
Envisat,Tiangong,21.6,13.687,393,57.1,0.2,127.76170978218133,0,0.99
Starlink-1001,Tiangong,48.484,14.573,161,11.5,0.2,31.67861606112536,0,0.99
Tiangong,DEBRIS_A,8.947,11.885,21,10.2,0.8,55.84226520938986,0,0.9247
Starlink-1001,Cosmos-1408 Debris,23.808,7.398,135,29.6,0.9,45.372784563112866,0,0.99
Envisat,Hubble,18.104,4.022,235,70.1,0.2,98.37248931839018,0,0.99
Cosmos-1408 Debris,Hubble,0.76,0.873,132,54.1,0.9,49.98640737741594,0,0.8719
Cosmos-1408 Debris,Tiangong,7.276,2.623,26,41.1,0.9,159.93882671512225,0,0.99
DEBRIS_B,Tiangong,0.01,10.56,159,13.0,0.8,44.8451647569271,1,0.1732
Iridium-33 Debris,DEBRIS_B,3.789,8.601,232,57.9,0.9,150.46483983849384,0,0.7529
Cosmos-1408 Debris,Tiangong,9.33,7.884,26,41.1,0.9,85.37480286557616,0,0.9837
Envisat,GPS-79,9.571,5.535,19418,43.5,0.2,58.31756890078871,0,0.9714
Envisat,Tiangong,0.116,4.747,393,57.1,0.2,9.308804067987682,0,0.2756
Hubble,DEBRIS_B,2.467,9.856,1,0.0,0.8,24.061761985849017,0,0.4692
GPS-79,Hubble,9.307,12.891,19653,26.5,0.2,31.543151534633605,0,0.7661
GPS-79,Hubble,1.354,9.442,19653,26.5,0.2,95.67598428781135,0,0.1473
DEBRIS_B,ISS,7.941,2.971,140,23.2,0.8,144.59863313827935,0,0.99
ISS,Starlink-1001,2.026,7.337,142,1.4,0.2,16.24555003963179,0,0.3126
Cosmos-1408 Debris,Envisat,8.913,4.724,367,16.0,0.9,78.37278468079141,0,0.99
Cosmos-1408 Debris,Iridium-33 Debris,36.937,0.928,365,3.8,0.9,49.779940979639335,0,0.99
DEBRIS_B,Cosmos-1408 Debris,71.114,3.736,133,54.1,0.9,146.6459652352211,0,0.99
GPS-79,Cosmos-1408 Debris,17.13,11.819,19785,27.6,0.9,82.46121890956893,0,0.99
DEBRIS_A,Starlink-1001,0.632,9.208,140,1.4,0.8,110.71771524306699,0,0.3002
DEBRIS_A,Cosmos-1408 Debris,4.54,0.555,5,30.9,0.9,151.3147817735638,0,0.9802
ISS,Hubble,10.699,14.098,139,23.2,0.2,47.04142246803914,0,0.8205
DEBRIS_A,Tiangong,2.193,3.663,21,10.2,0.8,145.7362035391726,0,0.8316
Hubble,DEBRIS_B,13.005,3.356,1,0.0,0.8,10.867283404051744,0,0.99
Tiangong,DEBRIS_A,4.508,1.193,21,10.2,0.8,13.236705955804982,0,0.9706
DEBRIS_A,Hubble,16.023,0.396,137,23.2,0.8,63.46586885569305,0,0.99
DEBRIS_B,ISS,10.294,11.394,140,23.2,0.8,112.21978034901741,0,0.9654
Starlink-1001,Envisat,1.815,1.805,232,45.5,0.2,6.086918400182266,0,0.6826
Tiangong,GPS-79,5.311,3.426,19811,13.5,0.2,64.83230517591518,0,0.8837
Cosmos-1408 Debris,DEBRIS_A,4.123,4.241,5,30.9,0.9,84.05658604886115,0,0.9302
DEBRIS_A,Envisat,52.161,5.3,372,46.9,0.8,156.64250717907765,0,0.99
Starlink-1001,Cosmos-1408 Debris,14.519,8.124,135,29.6,0.9,62.65650490338432,0,0.99
Hubble,ISS,54.936,1.245,139,23.2,0.2,16.01554382528969,0,0.99
ISS,Cosmos-1408 Debris,58.857,13.86,7,30.9,0.9,146.45107237095388,0,0.99
Hubble,Envisat,51.648,0.693,235,70.1,0.2,95.68275298092813,0,0.99
Iridium-33 Debris,Hubble,33.861,14.256,233,57.9,0.9,9.397068821810104,0,0.99
Iridium-33 Debris,GPS-79,5.861,1.852,19420,31.4,0.9,50.811279689227845,0,0.9849
Starlink-1001,GPS-79,2.989,3.134,19650,2.0,0.2,40.775757766450354,0,0.722
Envisat,Cosmos-1408 Debris,12.083,11.833,367,16.0,0.9,155.27953206345958,0,0.9865
Envisat,Hubble,80.991,11.617,235,70.1,0.2,97.48368195613378,0,0.99
Tiangong,ISS,7.186,6.816,19,10.2,0.2,141.63377947328186,0,0.8753
Tiangong,Envisat,23.145,2.23,393,57.1,0.2,137.59420823750273,0,0.99
Envisat,Starlink-1001,4.538,9.615,232,45.5,0.2,139.194740660671,0,0.4464
Iridium-33 Debris,DEBRIS_B,8.648,8.099,232,57.9,0.9,132.8218906375788,0,0.9757
GPS-79,Iridium-33 Debris,24.942,13.53,19420,31.4,0.9,105.35345476239817,0,0.99
DEBRIS_B,ISS,25.97,13.526,140,23.2,0.8,114.77187768529713,0,0.99
Cosmos-1408 Debris,Hubble,2.388,10.896,132,54.1,0.9,59.45580467310614,0,0.4317
DEBRIS_A,GPS-79,9.319,10.889,19790,3.4,0.8,50.66790668944168,0,0.9522
ISS,DEBRIS_A,39.233,13.859,2,0.0,0.8,62.57606912795942,0,0.99
Hubble,DEBRIS_A,6.827,3.723,137,23.2,0.8,151.69745343400297,0,0.9801
ISS,Iridium-33 Debris,0.169,0.881,372,34.8,0.9,112.80775502023911,0,0.8348
GPS-79,Tiangong,1.493,3.609,19811,13.5,0.2,154.78204468448772,0,0.5159
Cosmos-1408 Debris,Envisat,5.771,13.63,367,16.0,0.9,123.47988631406157,0,0.6448
Hubble,Starlink-1001,25.542,9.063,3,24.5,0.2,160.62935162666193,0,0.99
Hubble,DEBRIS_B,25.266,14.469,1,0.0,0.8,103.87632326299412,0,0.99
DEBRIS_A,Tiangong,7.535,4.693,21,10.2,0.8,85.53494836709686,0,0.9813
Hubble,Starlink-1001,10.497,4.511,3,24.5,0.2,39.90118640923844,0,0.9865
GPS-79,DEBRIS_B,9.935,10.502,19652,26.5,0.8,142.87456802768796,0,0.9682
Hubble,Envisat,13.269,0.347,235,70.1,0.2,68.73185947237714,0,0.99
Iridium-33 Debris,DEBRIS_A,8.082,12.133,370,34.8,0.9,95.90984037097496,0,0.9004
DEBRIS_A,Iridium-33 Debris,5.841,6.831,370,34.8,0.9,21.365006078674597,0,0.9353
DEBRIS_B,DEBRIS_A,73.655,11.256,138,23.2,0.8,8.119778616245284,0,0.99
Starlink-1001,Envisat,17.738,8.44,232,45.5,0.2,160.25039258267068,0,0.99
Cosmos-1408 Debris,Envisat,18.389,13.219,367,16.0,0.9,71.60131504888649,0,0.99
Cosmos-1408 Debris,Iridium-33 Debris,7.026,1.334,365,3.8,0.9,0.6652242806221954,0,0.99
Cosmos-1408 Debris,ISS,39.619,7.848,7,30.9,0.9,52.510867288327916,0,0.99
Starlink-1001,Tiangong,24.675,11.002,161,11.5,0.2,103.45973329871359,0,0.99
Cosmos-1408 Debris,Starlink-1001,17.114,5.896,135,29.6,0.9,94.67687241480604,0,0.99
ISS,Envisat,27.679,12.697,374,46.9,0.2,50.38701022000874,0,0.99
Hubble,ISS,27.832,12.107,139,23.2,0.2,2.552062486956469,0,0.99
Cosmos-1408 Debris,Hubble,0.494,8.555,132,54.1,0.9,51.712177337500975,0,0.3729
Starlink-1001,GPS-79,8.651,7.206,19650,2.0,0.2,108.88641753112307,0,0.9285
Iridium-33 Debris,Hubble,2.102,3.363,233,57.9,0.9,114.09955192575809,0,0.8632
Starlink-1001,DEBRIS_A,44.583,14.691,140,1.4,0.8,111.17302368138903,0,0.99
Starlink-1001,DEBRIS_B,9.588,4.788,2,24.5,0.8,98.85024202050474,0,0.99
Iridium-33 Debris,Cosmos-1408 Debris,5.938,7.657,365,3.8,0.9,93.60982063353629,0,0.9222
GPS-79,Starlink-1001,47.521,8.97,19650,2.0,0.2,18.244450830654113,0,0.99
DEBRIS_B,GPS-79,39.335,10.892,19652,26.5,0.8,48.78141574145452,0,0.99
Envisat,Tiangong,5.415,3.398,393,57.1,0.2,123.49599200357353,0,0.8897
DEBRIS_B,Cosmos-1408 Debris,63.918,1.166,133,54.1,0.9,146.95011788263156,0,0.99
Iridium-33 Debris,DEBRIS_A,16.279,1.136,370,34.8,0.9,88.36142336882466,0,0.99
Envisat,Iridium-33 Debris,19.112,6.398,2,12.1,0.9,59.427105560574155,0,0.99
Starlink-1001,Tiangong,10.524,3.199,161,11.5,0.2,102.99217378385097,0,0.99
Cosmos-1408 Debris,Hubble,16.225,3.532,132,54.1,0.9,104.66175893526754,0,0.99
GPS-79,DEBRIS_A,20.952,12.281,19790,3.4,0.8,51.77041088337123,0,0.99
Tiangong,Iridium-33 Debris,25.923,4.524,391,44.9,0.9,46.128196013245265,0,0.99
Iridium-33 Debris,ISS,24.665,14.56,372,34.8,0.9,28.739665300321246,0,0.99
GPS-79,Iridium-33 Debris,14.196,9.006,19420,31.4,0.9,24.797091229533194,0,0.99
Iridium-33 Debris,Cosmos-1408 Debris,9.358,9.484,365,3.8,0.9,142.18050096348387,0,0.9743
Cosmos-1408 Debris,Iridium-33 Debris,19.113,9.8,365,3.8,0.9,162.18250415997318,0,0.99
Starlink-1001,Cosmos-1408 Debris,7.262,3.606,135,29.6,0.9,124.27993688173368,0,0.9872
Cosmos-1408 Debris,Tiangong,12.729,10.376,26,41.1,0.9,147.00118800179442,0,0.99
Iridium-33 Debris,DEBRIS_A,14.744,7.533,370,34.8,0.9,69.21100339135477,0,0.99
ISS,DEBRIS_B,48.135,5.686,140,23.2,0.8,42.48154461658986,0,0.99
Envisat,GPS-79,15.38,10.903,19418,43.5,0.2,5.427630963775121,0,0.99
Hubble,ISS,8.627,14.205,139,23.2,0.2,71.73172745231105,0,0.6111
Tiangong,Cosmos-1408 Debris,7.403,5.08,26,41.1,0.9,129.3548163206246,0,0.9816
Iridium-33 Debris,Tiangong,19.748,5.027,391,44.9,0.9,98.70998945900735,0,0.99
GPS-79,Starlink-1001,12.935,7.755,19650,2.0,0.2,116.24709930371934,0,0.9894
DEBRIS_A,DEBRIS_B,0.529,4.084,138,23.2,0.8,32.02321157768705,0,0.6546
Envisat,ISS,1.44,4.507,374,46.9,0.2,163.52366279440773,0,0.4422
ISS,GPS-79,7.041,2.437,19792,3.4,0.2,17.3147381110525,0,0.9604
Iridium-33 Debris,DEBRIS_B,1.442,3.725,232,57.9,0.9,35.223572136028146,0,0.8027
Tiangong,DEBRIS_A,3.508,11.738,21,10.2,0.8,6.468014633781515,0,0.4582
GPS-79,Cosmos-1408 Debris,11.328,8.164,19785,27.6,0.9,120.70883492778124,0,0.99
DEBRIS_A,DEBRIS_B,22.293,0.925,138,23.2,0.8,72.33189558170245,0,0.99
Hubble,Envisat,6.306,4.054,235,70.1,0.2,90.83952917138578,0,0.9118
Tiangong,DEBRIS_A,8.474,3.454,21,10.2,0.8,70.69445033090125,0,0.99
Starlink-1001,Cosmos-1408 Debris,16.931,12.465,135,29.6,0.9,154.25348748807986,0,0.99
Tiangong,ISS,1.916,12.003,19,10.2,0.2,16.49638595970506,0,0.096
DEBRIS_A,Envisat,5.252,12.725,372,46.9,0.8,86.48476451331472,0,0.6008
Iridium-33 Debris,GPS-79,31.491,14.368,19420,31.4,0.9,93.43330513548231,0,0.99
Cosmos-1408 Debris,Tiangong,26.979,7.133,26,41.1,0.9,107.7035656404278,0,0.99
DEBRIS_B,ISS,24.988,4.005,140,23.2,0.8,153.57674125038946,0,0.99
DEBRIS_B,DEBRIS_A,38.23,8.515,138,23.2,0.8,138.9427477729933,0,0.99
DEBRIS_A,ISS,6.176,4.41,2,0.0,0.8,101.02506753141654,0,0.9666
DEBRIS_B,DEBRIS_A,44.755,12.715,138,23.2,0.8,2.1383937214088027,0,0.99
ISS,DEBRIS_B,4.326,6.212,140,23.2,0.8,138.52152233012782,0,0.8698
Iridium-33 Debris,Envisat,4.893,11.771,2,12.1,0.9,52.64750520006244,0,0.6715
Envisat,Tiangong,0.888,3.121,393,57.1,0.2,25.175616559198637,0,0.4769
Envisat,DEBRIS_B,10.569,7.872,234,70.1,0.8,87.25687902765917,0,0.9893
Starlink-1001,ISS,39.499,8.1,142,1.4,0.2,97.36539993679271,0,0.99
Hubble,GPS-79,10.732,5.713,19653,26.5,0.2,81.15746509734072,0,0.9829
ISS,DEBRIS_B,21.756,13.413,140,23.2,0.8,11.372799207575333,0,0.99
Envisat,DEBRIS_B,6.412,7.396,234,70.1,0.8,103.36754377468505,0,0.93
GPS-79,DEBRIS_B,21.576,1.934,19652,26.5,0.8,18.03180140006001,0,0.99
GPS-79,Cosmos-1408 Debris,8.232,8.223,19785,27.6,0.9,99.90948218345487,0,0.9692
DEBRIS_B,Starlink-1001,11.817,6.894,2,24.5,0.8,135.79025751626844,0,0.99
DEBRIS_B,Cosmos-1408 Debris,21.28,8.56,133,54.1,0.9,65.02494344819375,0,0.99
ISS,DEBRIS_A,4.719,7.199,2,0.0,0.8,48.55419564741558,0,0.8581
Iridium-33 Debris,DEBRIS_A,8.389,4.222,370,34.8,0.9,51.73386862536773,0,0.99
ISS,Cosmos-1408 Debris,6.852,8.678,7,30.9,0.9,77.43097278390961,0,0.9323
Starlink-1001,Cosmos-1408 Debris,43.641,9.274,135,29.6,0.9,4.5402165503517935,0,0.99
DEBRIS_B,Tiangong,2.909,10.518,159,13.0,0.8,99.08062396798722,0,0.4748
Tiangong,Hubble,4.83,13.851,158,13.0,0.2,31.598715504598427,0,0.2075
DEBRIS_A,Iridium-33 Debris,29.608,9.851,370,34.8,0.9,160.18352830432573,0,0.99
Cosmos-1408 Debris,GPS-79,15.534,7.069,19785,27.6,0.9,137.78018256604636,0,0.99
Iridium-33 Debris,Tiangong,2.461,5.949,391,44.9,0.9,37.13297440779328,0,0.7766
ISS,Cosmos-1408 Debris,47.253,4.129,7,30.9,0.9,46.748420252415414,0,0.99
ISS,Hubble,60.069,0.98,139,23.2,0.2,165.74297150744025,0,0.99
Hubble,Iridium-33 Debris,7.496,5.603,233,57.9,0.9,139.6169858544955,0,0.9795
ISS,Hubble,9.213,0.329,139,23.2,0.2,141.51160599635372,0,0.99
Cosmos-1408 Debris,DEBRIS_A,12.16,4.302,5,30.9,0.9,156.0189520719301,0,0.99
Starlink-1001,Envisat,8.131,2.516,232,45.5,0.2,53.7787427610126,0,0.9761
DEBRIS_A,Hubble,12.212,2.859,137,23.2,0.8,56.062579064781225,0,0.99
Envisat,Cosmos-1408 Debris,49.675,1.308,367,16.0,0.9,138.77541993945678,0,0.99
ISS,Envisat,5.267,10.043,374,46.9,0.2,92.35290591941539,0,0.5052
GPS-79,Cosmos-1408 Debris,3.889,12.74,19785,27.6,0.9,9.279765539601058,0,0.4807
Tiangong,Cosmos-1408 Debris,50.416,8.279,26,41.1,0.9,43.10344816271413,0,0.99
GPS-79,DEBRIS_A,10.746,11.524,19790,3.4,0.8,152.24807793253677,0,0.9711
Cosmos-1408 Debris,Envisat,21.891,2.759,367,16.0,0.9,8.907167320996576,0,0.99
Hubble,Tiangong,15.981,6.99,158,13.0,0.2,160.2861375747619,0,0.99
Tiangong,Envisat,6.177,1.415,393,57.1,0.2,128.54970642410908,0,0.9554
DEBRIS_A,ISS,10.717,0.294,2,0.0,0.8,30.42401316916685,0,0.99
DEBRIS_B,Hubble,6.74,1.267,1,0.0,0.8,157.0918153165566,0,0.9899
GPS-79,Tiangong,12.728,14.581,19811,13.5,0.2,142.2659068427327,0,0.916
Envisat,ISS,26.166,7.259,374,46.9,0.2,44.0194492571023,0,0.99
Starlink-1001,Tiangong,8.828,14.224,161,11.5,0.2,2.322413283315147,0,0.6333
Hubble,Envisat,9.855,0.861,235,70.1,0.2,151.8305722028731,0,0.99
DEBRIS_B,Tiangong,2.723,0.913,159,13.0,0.8,17.955940962606817,0,0.9363
Envisat,DEBRIS_B,7.715,1.439,234,70.1,0.8,4.521136329800151,0,0.99
GPS-79,Iridium-33 Debris,8.505,11.912,19420,31.4,0.9,154.9972179583295,0,0.9227
GPS-79,Hubble,27.483,4.742,19653,26.5,0.2,27.44246285395972,0,0.99
ISS,Iridium-33 Debris,1.357,3.978,372,34.8,0.9,73.82676947269879,0,0.7833
Hubble,DEBRIS_B,8.9,10.637,1,0.0,0.8,140.37606253412818,0,0.9458
DEBRIS_A,Hubble,5.977,2.623,137,23.2,0.8,93.49677510476151,0,0.9781
Tiangong,DEBRIS_B,52.371,6.463,159,13.0,0.8,66.41619650127322,0,0.99
DEBRIS_B,Iridium-33 Debris,4.623,7.635,232,57.9,0.9,150.85094690437288,0,0.8607
Starlink-1001,Envisat,4.263,13.777,232,45.5,0.2,79.27621086643417,0,0.1678
DEBRIS_B,GPS-79,5.122,5.899,19652,26.5,0.8,154.55593852173112,0,0.9162
DEBRIS_B,GPS-79,31.597,4.65,19652,26.5,0.8,43.47488614522534,0,0.99
Hubble,Iridium-33 Debris,8.469,4.232,233,57.9,0.9,28.04641169237681,0,0.99
DEBRIS_B,Iridium-33 Debris,20.481,2.164,232,57.9,0.9,28.067990093160347,0,0.99
Iridium-33 Debris,Starlink-1001,1.262,11.635,230,33.4,0.9,42.59574595114344,0,0.2574
DEBRIS_A,GPS-79,23.994,8.147,19790,3.4,0.8,56.738382307001004,0,0.99
GPS-79,Iridium-33 Debris,15.42,3.163,19420,31.4,0.9,165.41620028944777,0,0.99
Iridium-33 Debris,GPS-79,7.626,12.494,19420,31.4,0.9,84.86612468928534,0,0.8659
Starlink-1001,Hubble,9.222,11.435,3,24.5,0.2,34.751615809973714,0,0.8293
DEBRIS_B,Cosmos-1408 Debris,5.07,3.367,133,54.1,0.9,75.24348290076765,0,0.9653
DEBRIS_B,Hubble,17.611,11.843,1,0.0,0.8,141.66587595579577,0,0.99
ISS,Envisat,4.458,14.139,374,46.9,0.2,132.88265438607664,0,0.1662
Iridium-33 Debris,GPS-79,12.903,4.355,19420,31.4,0.9,61.90236623684213,0,0.99
DEBRIS_A,Hubble,45.94,1.059,137,23.2,0.8,4.923285740495328,0,0.99
Hubble,Cosmos-1408 Debris,39.699,10.973,132,54.1,0.9,127.67845115017205,0,0.99
GPS-79,Hubble,0.605,2.043,19653,26.5,0.2,97.71556555531622,0,0.5223
Cosmos-1408 Debris,ISS,28.41,6.948,7,30.9,0.9,109.8175286149457,0,0.99
Hubble,Envisat,28.798,8.298,235,70.1,0.2,165.42237595524568,0,0.99
ISS,Hubble,36.103,14.514,139,23.2,0.2,97.75781602959037,0,0.99
Cosmos-1408 Debris,GPS-79,38.415,14.87,19785,27.6,0.9,32.233151763676005,0,0.99
Starlink-1001,Envisat,7.64,4.287,232,45.5,0.2,39.59638086295938,0,0.9495
Starlink-1001,DEBRIS_B,58.054,11.391,2,24.5,0.8,35.39736825115897,0,0.99
Tiangong,GPS-79,4.101,9.912,19811,13.5,0.2,18.43822074026649,0,0.3721
Starlink-1001,Cosmos-1408 Debris,3.305,14.258,135,29.6,0.9,93.10115039751595,0,0.3048
DEBRIS_B,Hubble,27.012,6.018,1,0.0,0.8,17.046132867257388,0,0.99
DEBRIS_B,Envisat,8.392,3.61,234,70.1,0.8,86.06454765231615,0,0.99
Envisat,DEBRIS_B,0.15,12.046,234,70.1,0.8,11.324577323747983,0,0.1258
ISS,Iridium-33 Debris,3.587,1.395,372,34.8,0.9,61.29468361047648,0,0.9599
DEBRIS_B,Tiangong,1.441,2.712,159,13.0,0.8,142.80733755889725,0,0.8186
Hubble,ISS,1.655,12.343,139,23.2,0.2,38.26255361191122,0,0.0776
Cosmos-1408 Debris,DEBRIS_B,10.653,7.863,133,54.1,0.9,93.23045198563709,0,0.99
Hubble,GPS-79,8.849,12.083,19653,26.5,0.2,16.678502839683137,0,0.7684
Cosmos-1408 Debris,Iridium-33 Debris,27.109,8.8,365,3.8,0.9,85.26539802144971,0,0.99
GPS-79,DEBRIS_B,2.732,14.728,19652,26.5,0.8,155.27372620972858,0,0.1896
ISS,Tiangong,15.917,7.042,19,10.2,0.2,99.62067765612034,0,0.99
GPS-79,Starlink-1001,7.749,10.448,19650,2.0,0.2,14.660746032425292,0,0.7577
DEBRIS_A,Tiangong,4.745,6.975,21,10.2,0.8,5.086498102737408,0,0.8676
Hubble,Tiangong,4.022,10.194,158,13.0,0.2,88.06002556477769,0,0.3436
Tiangong,DEBRIS_B,0.628,3.616,159,13.0,0.8,103.47765511860692,0,0.6962
Cosmos-1408 Debris,DEBRIS_B,1.228,11.238,133,54.1,0.9,87.76083495721318,0,0.2774
Envisat,Hubble,32.795,7.675,235,70.1,0.2,121.06702102463517,0,0.99
Hubble,Starlink-1001,2.468,9.226,3,24.5,0.2,50.2137584720373,0,0.2435
Hubble,DEBRIS_A,32.309,0.921,137,23.2,0.8,133.9316601464877,0,0.99
Tiangong,DEBRIS_A,33.223,5.3,21,10.2,0.8,57.548085384703434,0,0.99
ISS,Cosmos-1408 Debris,1.18,6.254,7,30.9,0.9,76.74431071439662,0,0.6257
DEBRIS_B,GPS-79,17.354,4.016,19652,26.5,0.8,149.11375954028782,0,0.99
Hubble,Starlink-1001,5.299,11.392,3,24.5,0.2,68.17441402992507,0,0.409
Tiangong,Cosmos-1408 Debris,26.714,3.05,26,41.1,0.9,95.7993664427126,0,0.99
Cosmos-1408 Debris,DEBRIS_B,0.435,4.058,133,54.1,0.9,76.8589268308219,0,0.6899
ISS,DEBRIS_B,18.914,10.956,140,23.2,0.8,152.81117861021661,0,0.99
Hubble,Envisat,7.6,8.165,235,70.1,0.2,90.7518168259236,0,0.852
Starlink-1001,Cosmos-1408 Debris,1.793,13.694,135,29.6,0.9,94.89263438832982,0,0.1959
Cosmos-1408 Debris,Starlink-1001,4.47,7.636,135,29.6,0.9,65.75818101408098,0,0.8512
GPS-79,ISS,6.284,14.79,19792,3.4,0.2,161.01176074811133,0,0.2901
Cosmos-1408 Debris,DEBRIS_A,4.86,0.737,5,30.9,0.9,29.558903888420748,0,0.9822
DEBRIS_B,Hubble,5.815,13.788,1,0.0,0.8,111.29652677958842,0,0.5917
ISS,Hubble,15.365,5.753,139,23.2,0.2,58.62633276995679,0,0.99
Envisat,Tiangong,24.865,10.735,393,57.1,0.2,146.90805027168466,0,0.99
Envisat,Iridium-33 Debris,41.576,3.151,2,12.1,0.9,28.061937069561797,0,0.99
Envisat,Cosmos-1408 Debris,0.995,13.305,367,16.0,0.9,146.3142502964242,0,0.1552
Iridium-33 Debris,GPS-79,1.902,0.217,19420,31.4,0.9,51.44514459661262,0,0.9362
DEBRIS_A,Hubble,7.305,0.188,137,23.2,0.8,6.152965223388702,0,0.99
Tiangong,Envisat,4.41,6.315,393,57.1,0.2,68.5675468534295,0,0.6705
GPS-79,Iridium-33 Debris,8.372,4.206,19420,31.4,0.9,133.18105552502334,0,0.99
GPS-79,Envisat,19.989,5.427,19418,43.5,0.2,6.5705861773458185,0,0.99
GPS-79,Tiangong,4.696,4.946,19811,13.5,0.2,161.41045673065253,0,0.7798
Starlink-1001,Iridium-33 Debris,40.576,2.328,230,33.4,0.9,100.97185328925228,0,0.99
GPS-79,DEBRIS_A,1.953,12.608,19790,3.4,0.8,57.053921211840326,0,0.2304
GPS-79,ISS,0.213,9.968,19792,3.4,0.2,54.313383710507345,0,0.077
ISS,Iridium-33 Debris,11.806,2.944,372,34.8,0.9,24.613739843548082,0,0.99
Iridium-33 Debris,DEBRIS_B,3.615,1.534,232,57.9,0.9,16.402704091766594,0,0.9588
DEBRIS_B,ISS,17.013,1.356,140,23.2,0.8,135.59914790010336,0,0.99
GPS-79,DEBRIS_B,22.378,2.075,19652,26.5,0.8,132.83945273680126,0,0.99
DEBRIS_A,Cosmos-1408 Debris,42.927,5.662,5,30.9,0.9,104.92820182780119,0,0.99
Envisat,Tiangong,20.991,8.76,393,57.1,0.2,63.02477226782549,0,0.99
ISS,Tiangong,6.332,0.202,19,10.2,0.2,134.82826933571982,0,0.9708
Starlink-1001,DEBRIS_B,19.575,0.86,2,24.5,0.8,46.33921167103924,0,0.99
DEBRIS_B,Starlink-1001,9.324,2.266,2,24.5,0.8,119.23352044524471,0,0.99
Hubble,Tiangong,33.675,5.014,158,13.0,0.2,74.73594429735839,0,0.99
Iridium-33 Debris,DEBRIS_A,10.039,1.177,370,34.8,0.9,94.411509659395,0,0.99
Tiangong,Iridium-33 Debris,15.037,8.626,391,44.9,0.9,116.78150582699466,0,0.99
Envisat,DEBRIS_B,52.834,14.715,234,70.1,0.8,142.20798775366248,0,0.99
Starlink-1001,Hubble,18.814,6.518,3,24.5,0.2,34.3961781570807,0,0.99
Starlink-1001,ISS,0.123,1.919,142,1.4,0.2,123.22853314091479,0,0.4715
DEBRIS_B,Hubble,32.069,8.69,1,0.0,0.8,150.65837849460289,0,0.99
Cosmos-1408 Debris,Tiangong,21.392,7.061,26,41.1,0.9,100.68259598494362,0,0.99
ISS,Starlink-1001,0.411,3.028,142,1.4,0.2,34.61657231992812,0,0.4249
Starlink-1001,Envisat,12.393,10.678,232,45.5,0.2,146.972538955914,0,0.9675
GPS-79,Cosmos-1408 Debris,14.514,5.554,19785,27.6,0.9,119.80143861712557,0,0.99
DEBRIS_B,ISS,7.263,2.76,140,23.2,0.8,139.82621479345605,0,0.9879
DEBRIS_A,Iridium-33 Debris,55.508,5.562,370,34.8,0.9,69.29770643398084,0,0.99
Starlink-1001,Iridium-33 Debris,3.732,1.075,230,33.4,0.9,130.22124770760115,0,0.9659
Tiangong,Envisat,22.848,10.261,393,57.1,0.2,16.420971591400445,0,0.99
Iridium-33 Debris,Cosmos-1408 Debris,34.01,3.609,365,3.8,0.9,44.21736667835608,0,0.99
Tiangong,DEBRIS_B,42.061,10.68,159,13.0,0.8,17.46594168595589,0,0.99
Envisat,DEBRIS_A,2.748,3.862,372,46.9,0.8,31.85876427838453,0,0.86
Starlink-1001,Cosmos-1408 Debris,16.535,11.21,135,29.6,0.9,8.708995246535547,0,0.99
Envisat,GPS-79,17.265,3.138,19418,43.5,0.2,52.58551403487952,0,0.99
Iridium-33 Debris,DEBRIS_B,17.482,2.123,232,57.9,0.9,19.591515096002343,0,0.99
Tiangong,Iridium-33 Debris,10.361,2.939,391,44.9,0.9,59.75129102473298,0,0.99
ISS,Cosmos-1408 Debris,30.925,2.275,7,30.9,0.9,100.7783878102417,0,0.99
GPS-79,Starlink-1001,18.4,0.969,19650,2.0,0.2,59.0156142645352,0,0.99
Cosmos-1408 Debris,Hubble,5.611,2.583,132,54.1,0.9,134.9766974742148,0,0.9788
DEBRIS_B,Starlink-1001,28.81,6.059,2,24.5,0.8,167.07014423626003,0,0.99
Starlink-1001,DEBRIS_A,19.796,11.802,140,1.4,0.8,120.40444841945472,0,0.99
ISS,DEBRIS_A,45.449,9.458,2,0.0,0.8,87.43833282568603,0,0.99
ISS,Cosmos-1408 Debris,23.147,11.982,7,30.9,0.9,122.68215098344521,0,0.99
DEBRIS_A,GPS-79,6.757,12.053,19790,3.4,0.8,7.0092932432458,0,0.7962
Hubble,Tiangong,40.788,2.016,158,13.0,0.2,51.76559432466861,0,0.99
Iridium-33 Debris,Starlink-1001,18.75,10.959,230,33.4,0.9,123.9359205063931,0,0.99
DEBRIS_B,GPS-79,11.603,1.015,19652,26.5,0.8,0.38607272809333215,0,0.99
Tiangong,Envisat,6.925,2.232,393,57.1,0.2,126.44527873623743,0,0.9606
Tiangong,DEBRIS_A,9.043,0.415,21,10.2,0.8,109.42030609561084,0,0.99
Tiangong,Starlink-1001,12.312,4.466,161,11.5,0.2,115.44811399408988,0,0.99
Iridium-33 Debris,Hubble,15.48,6.613,233,57.9,0.9,36.74438579412747,0,0.99
Envisat,Iridium-33 Debris,23.302,9.733,2,12.1,0.9,4.9094363941052315,0,0.99
Envisat,ISS,7.639,12.297,374,46.9,0.2,102.33269332081346,0,0.6296
GPS-79,ISS,17.886,14.828,19792,3.4,0.2,115.78594899148614,0,0.99
GPS-79,Cosmos-1408 Debris,6.268,7.785,19785,27.6,0.9,157.23288782003348,0,0.9308
DEBRIS_B,Cosmos-1408 Debris,16.13,8.147,133,54.1,0.9,80.02724392233392,0,0.99
ISS,Starlink-1001,13.432,4.924,142,1.4,0.2,102.3878179842909,0,0.99
GPS-79,DEBRIS_B,2.792,10.752,19652,26.5,0.8,115.93131228011246,0,0.4429
ISS,Hubble,24.602,9.76,139,23.2,0.2,52.23335558955065,0,0.99
Envisat,Starlink-1001,1.123,8.347,232,45.5,0.2,122.0990354815059,0,0.1762
DEBRIS_B,Starlink-1001,36.657,10.024,2,24.5,0.8,22.43587532491634,0,0.99
Starlink-1001,DEBRIS_B,15.147,6.368,2,24.5,0.8,70.9448110788236,0,0.99
Envisat,GPS-79,21.586,8.178,19418,43.5,0.2,99.1887248990287,0,0.99
Tiangong,Starlink-1001,12.422,11.469,161,11.5,0.2,53.58761147791327,0,0.9597
DEBRIS_B,Iridium-33 Debris,25.534,7.692,232,57.9,0.9,122.43874032575904,0,0.99
Starlink-1001,DEBRIS_B,9.522,4.731,2,24.5,0.8,68.12332264186713,0,0.99
Hubble,ISS,7.346,9.767,139,23.2,0.2,167.28070209750854,0,0.7582
Iridium-33 Debris,ISS,35.726,1.291,372,34.8,0.9,84.50465710826903,0,0.99
Starlink-1001,ISS,1.39,7.37,142,1.4,0.2,150.85014064227957,0,0.2468
ISS,DEBRIS_B,6.074,4.852,140,23.2,0.8,15.406537978172661,0,0.9601
Starlink-1001,Cosmos-1408 Debris,26.001,13.958,135,29.6,0.9,1.043136106334567,0,0.99
Cosmos-1408 Debris,GPS-79,10.69,8.734,19785,27.6,0.9,28.49879067441725,0,0.9893
Tiangong,GPS-79,14.927,1.146,19811,13.5,0.2,74.52898350229721,0,0.99
Envisat,GPS-79,28.993,8.444,19418,43.5,0.2,149.32512420524887,0,0.99
Iridium-33 Debris,DEBRIS_B,47.302,8.597,232,57.9,0.9,146.92717182268066,0,0.99
Envisat,Hubble,16.927,13.218,235,70.1,0.2,21.386531022248832,0,0.99
DEBRIS_B,Envisat,16.872,4.319,234,70.1,0.8,163.50954606195302,0,0.99
Iridium-33 Debris,GPS-79,59.62,6.863,19420,31.4,0.9,156.7353321018352,0,0.99
GPS-79,Tiangong,0.794,1.997,19811,13.5,0.2,16.25968304942593,0,0.5493
Starlink-1001,Envisat,1.358,9.326,232,45.5,0.2,41.69392364548418,0,0.152
Cosmos-1408 Debris,Iridium-33 Debris,9.359,11.365,365,3.8,0.9,159.79182527553166,0,0.9556
Tiangong,GPS-79,0.582,6.68,19811,13.5,0.2,132.0460105326791,0,0.212
Hubble,Cosmos-1408 Debris,0.779,11.506,132,54.1,0.9,106.936085889098,0,0.2206
DEBRIS_A,Cosmos-1408 Debris,51.089,10.504,5,30.9,0.9,118.78864260874327,0,0.99
Tiangong,Envisat,6.358,10.159,393,57.1,0.2,100.4915303052536,0,0.6297
Cosmos-1408 Debris,GPS-79,71.424,11.504,19785,27.6,0.9,23.527621664261567,0,0.99
Cosmos-1408 Debris,DEBRIS_B,4.875,9.407,133,54.1,0.9,54.2628177669575,0,0.8046
Hubble,ISS,0.23,10.969,139,23.2,0.2,45.92810522864044,0,0.0587
Hubble,Iridium-33 Debris,31.21,3.729,233,57.9,0.9,85.89140615135872,0,0.99
Iridium-33 Debris,Starlink-1001,2.591,13.457,230,33.4,0.9,149.6321795570141,0,0.2806
ISS,DEBRIS_A,18.02,13.243,2,0.0,0.8,129.70068768375995,0,0.99
DEBRIS_B,Starlink-1001,1.727,1.289,2,24.5,0.8,21.836937904491528,0,0.8886
Tiangong,DEBRIS_B,66.493,6.956,159,13.0,0.8,71.64666264973937,0,0.99
Envisat,Iridium-33 Debris,13.878,12.731,2,12.1,0.9,66.33309988150478,0,0.99
Envisat,Cosmos-1408 Debris,1.275,7.459,367,16.0,0.9,62.374068107809535,0,0.5497
DEBRIS_A,GPS-79,5.217,14.641,19790,3.4,0.8,112.8857235691769,0,0.4542
Envisat,DEBRIS_A,62.531,6.023,372,46.9,0.8,92.62979174900764,0,0.99
Cosmos-1408 Debris,Tiangong,1.73,2.951,26,41.1,0.9,71.66256329900222,0,0.8556
Cosmos-1408 Debris,ISS,9.761,2.515,7,30.9,0.9,17.313831195200695,0,0.99
DEBRIS_A,Tiangong,3.527,8.907,21,10.2,0.8,69.57650062047732,0,0.6663
Hubble,Tiangong,13.255,13.017,158,13.0,0.2,54.5495039394676,0,0.9578
Iridium-33 Debris,DEBRIS_A,6.513,7.103,370,34.8,0.9,140.33401357875815,0,0.9491
Tiangong,DEBRIS_A,2.067,4.63,21,10.2,0.8,129.58137984722634,0,0.7764
Cosmos-1408 Debris,GPS-79,6.407,13.093,19785,27.6,0.9,66.00958159797237,0,0.7457
ISS,DEBRIS_B,25.803,9.672,140,23.2,0.8,18.321232493389953,0,0.99
Cosmos-1408 Debris,Tiangong,4.419,10.159,26,41.1,0.9,56.69176990191997,0,0.7234
ISS,GPS-79,17.709,14.477,19792,3.4,0.2,132.6606800782477,0,0.99
Tiangong,Starlink-1001,0.407,7.293,161,11.5,0.2,68.28074961145147,0,0.1702
Cosmos-1408 Debris,GPS-79,10.396,12.646,19785,27.6,0.9,10.00889457188224,0,0.961
ISS,DEBRIS_A,16.668,14.291,2,0.0,0.8,135.20657732446745,0,0.99
Iridium-33 Debris,DEBRIS_B,14.085,1.639,232,57.9,0.9,143.81602541344338,0,0.99
Cosmos-1408 Debris,GPS-79,1.792,0.408,19785,27.6,0.9,153.37285871595924,0,0.9291
Starlink-1001,GPS-79,10.665,8.744,19650,2.0,0.2,110.29469749344423,0,0.9573
Envisat,Tiangong,21.699,12.243,393,57.1,0.2,105.14539620098502,0,0.99
Starlink-1001,GPS-79,55.848,8.399,19650,2.0,0.2,149.36486612586845,0,0.99
Envisat,Starlink-1001,7.319,0.262,232,45.5,0.2,166.27065552496038,0,0.9817
DEBRIS_B,Cosmos-1408 Debris,6.462,7.302,133,54.1,0.9,139.92100023791605,0,0.9448
DEBRIS_B,Cosmos-1408 Debris,11.374,5.113,133,54.1,0.9,119.94489203424718,0,0.99
Hubble,DEBRIS_B,26.263,9.879,1,0.0,0.8,127.61996552574492,0,0.99
Iridium-33 Debris,Envisat,1.303,1.721,2,12.1,0.9,167.0241259657102,0,0.8738
Tiangong,Hubble,8.504,6.527,158,13.0,0.2,6.159514177799426,0,0.9367
Cosmos-1408 Debris,Envisat,6.873,6.205,367,16.0,0.9,96.0519140428549,0,0.9669
Hubble,Envisat,2.277,14.372,235,70.1,0.2,5.828360965415108,0,0.0588
Cosmos-1408 Debris,Envisat,15.737,3.652,367,16.0,0.9,98.79748015312796,0,0.99
Cosmos-1408 Debris,ISS,10.836,4.254,7,30.9,0.9,134.010959775135,0,0.99
DEBRIS_B,DEBRIS_A,8.612,14.403,138,23.2,0.8,130.2259544191609,0,0.83
Iridium-33 Debris,DEBRIS_B,5.204,11.122,232,57.9,0.9,23.616248736759143,0,0.7437
Envisat,Starlink-1001,18.511,2.163,232,45.5,0.2,42.76564679731607,0,0.99
Tiangong,Starlink-1001,19.0,10.198,161,11.5,0.2,95.15659920719906,0,0.99
GPS-79,Envisat,33.085,9.534,19418,43.5,0.2,74.12795851897181,0,0.99
DEBRIS_A,Iridium-33 Debris,5.911,2.851,370,34.8,0.9,132.11528929152,0,0.9802
Starlink-1001,Tiangong,18.6,1.11,161,11.5,0.2,62.67252889422197,0,0.99
Iridium-33 Debris,Hubble,1.681,2.178,233,57.9,0.9,88.58396648814968,0,0.8794
Hubble,DEBRIS_B,2.598,9.252,1,0.0,0.8,114.17984258063466,0,0.5309
ISS,Starlink-1001,14.922,3.066,142,1.4,0.2,5.152276671596385,0,0.99
Cosmos-1408 Debris,Iridium-33 Debris,10.635,0.546,365,3.8,0.9,47.71922856929301,0,0.99
ISS,DEBRIS_A,24.13,14.32,2,0.0,0.8,34.48226676760562,0,0.99
Tiangong,ISS,3.534,11.403,19,10.2,0.2,113.37745620204483,0,0.222
DEBRIS_A,Hubble,3.213,14.488,137,23.2,0.8,111.95403639280397,0,0.2423
GPS-79,Tiangong,12.43,9.85,19811,13.5,0.2,22.322084122834415,0,0.9749
GPS-79,Starlink-1001,4.253,0.461,19650,2.0,0.2,72.76207602878245,0,0.9159
DEBRIS_B,GPS-79,4.485,13.162,19652,26.5,0.8,107.97643382411145,0,0.4734
Hubble,ISS,26.217,1.743,139,23.2,0.2,4.750644823688561,0,0.99
Cosmos-1408 Debris,Iridium-33 Debris,1.941,13.924,365,3.8,0.9,145.58857147269742,0,0.1967
Cosmos-1408 Debris,GPS-79,10.748,4.199,19785,27.6,0.9,81.85383534177733,0,0.99
Envisat,Starlink-1001,10.822,1.636,232,45.5,0.2,139.07571015257022,0,0.99
DEBRIS_A,Cosmos-1408 Debris,11.84,5.011,5,30.9,0.9,14.264200972666345,0,0.99
Tiangong,Hubble,25.641,9.958,158,13.0,0.2,17.13382522220962,0,0.99
Cosmos-1408 Debris,Envisat,57.214,14.797,367,16.0,0.9,85.58533232820825,0,0.99
Iridium-33 Debris,ISS,17.924,2.91,372,34.8,0.9,15.39650924710666,0,0.99
Envisat,Cosmos-1408 Debris,20.65,0.239,367,16.0,0.9,167.17916344846776,0,0.99
GPS-79,Starlink-1001,14.886,13.563,19650,2.0,0.2,160.54411884010716,0,0.9776
ISS,DEBRIS_A,4.863,10.514,2,0.0,0.8,7.354549441497804,0,0.7062
Starlink-1001,GPS-79,8.93,2.078,19650,2.0,0.2,151.44885396944716,0,0.9858
GPS-79,Hubble,6.378,7.053,19653,26.5,0.2,47.998497715582474,0,0.8135
Envisat,DEBRIS_B,14.075,12.38,234,70.1,0.8,3.426215997356753,0,0.99
Hubble,DEBRIS_A,28.52,6.31,137,23.2,0.8,87.98505171953335,0,0.99
ISS,Tiangong,24.916,2.684,19,10.2,0.2,114.17208992918994,0,0.99
Iridium-33 Debris,Envisat,17.289,12.779,2,12.1,0.9,39.57523559805887,0,0.99
Cosmos-1408 Debris,DEBRIS_A,22.348,13.784,5,30.9,0.9,17.045008091964444,0,0.99
Iridium-33 Debris,GPS-79,26.607,10.138,19420,31.4,0.9,54.403693370453134,0,0.99
DEBRIS_B,Hubble,4.891,9.72,1,0.0,0.8,22.432453341611776,0,0.7558
GPS-79,DEBRIS_A,2.354,6.047,19790,3.4,0.8,22.25230369108217,0,0.7237
Envisat,Cosmos-1408 Debris,1.936,7.655,367,16.0,0.9,124.76064558954977,0,0.6157
Hubble,Starlink-1001,10.222,2.683,3,24.5,0.2,105.48016021084634,0,0.99
DEBRIS_A,Hubble,9.874,11.654,137,23.2,0.8,104.50990721958208,0,0.9544
DEBRIS_B,Hubble,2.935,13.569,1,0.0,0.8,58.798933784550734,0,0.2683
Tiangong,Hubble,18.031,11.404,158,13.0,0.2,79.19708628038559,0,0.99
DEBRIS_A,Tiangong,42.863,3.267,21,10.2,0.8,91.80915036531013,0,0.99
Starlink-1001,Cosmos-1408 Debris,31.95,6.19,135,29.6,0.9,40.008064535686444,0,0.99
Starlink-1001,Tiangong,0.732,8.527,161,11.5,0.2,141.4074139391936,0,0.1428
Hubble,Cosmos-1408 Debris,5.347,12.832,132,54.1,0.9,35.695506717084136,0,0.6511
DEBRIS_B,Envisat,22.672,4.742,234,70.1,0.8,154.2235810845424,0,0.99
Hubble,Tiangong,14.93,9.635,158,13.0,0.2,161.3846126231753,0,0.99
DEBRIS_A,Envisat,51.726,14.381,372,46.9,0.8,13.454635272614604,0,0.99
ISS,Tiangong,19.703,10.827,19,10.2,0.2,16.720511110033172,0,0.99
ISS,Starlink-1001,0.466,2.513,142,1.4,0.2,76.08651060301891,0,0.4699
ISS,DEBRIS_B,10.219,2.286,140,23.2,0.8,106.72251581405045,0,0.99
ISS,Envisat,27.261,1.85,374,46.9,0.2,136.48899473547942,0,0.99
Envisat,Tiangong,7.83,11.656,393,57.1,0.2,115.75610576297437,0,0.6938
Hubble,Tiangong,2.635,14.265,158,13.0,0.2,34.63103158588557,0,0.0716
Cosmos-1408 Debris,DEBRIS_A,32.93,8.212,5,30.9,0.9,75.56707419701524,0,0.99
Tiangong,ISS,23.732,4.731,19,10.2,0.2,80.33815603284201,0,0.99
ISS,Tiangong,6.452,6.217,19,10.2,0.2,88.41549117791358,0,0.8533
Cosmos-1408 Debris,Iridium-33 Debris,15.504,11.479,365,3.8,0.9,95.8856739974601,0,0.99
DEBRIS_A,DEBRIS_B,8.572,13.338,138,23.2,0.8,24.900848513126697,0,0.8681
Iridium-33 Debris,DEBRIS_A,10.5,5.571,370,34.8,0.9,83.19912830785593,0,0.99
DEBRIS_B,Envisat,0.196,0.923,234,70.1,0.8,129.60748849598187,0,0.8055
Starlink-1001,Tiangong,3.366,6.771,161,11.5,0.2,118.35741531428103,0,0.5129
Cosmos-1408 Debris,ISS,4.756,13.608,7,30.9,0.9,57.841147925033084,0,0.5239
ISS,Tiangong,9.034,1.509,19,10.2,0.2,61.13810901726768,0,0.9886
DEBRIS_A,Iridium-33 Debris,21.135,0.881,370,34.8,0.9,83.65406336196052,0,0.99
DEBRIS_A,Cosmos-1408 Debris,35.025,5.968,5,30.9,0.9,144.43338936048156,0,0.99
DEBRIS_A,Tiangong,52.791,0.921,21,10.2,0.8,158.91281389971647,0,0.99
Hubble,Envisat,64.14,11.26,235,70.1,0.2,132.7330479784705,0,0.99
Tiangong,Cosmos-1408 Debris,12.776,14.337,26,41.1,0.9,104.664776712445,0,0.9799
Cosmos-1408 Debris,Starlink-1001,21.383,6.586,135,29.6,0.9,20.92970151045839,0,0.99
ISS,Iridium-33 Debris,11.95,11.071,372,34.8,0.9,137.2722639468595,0,0.9885
ISS,Starlink-1001,16.708,14.624,142,1.4,0.2,63.25217673074003,0,0.9875
Envisat,Cosmos-1408 Debris,0.287,6.828,367,16.0,0.9,110.33308741562875,0,0.4738
DEBRIS_A,GPS-79,24.454,1.085,19790,3.4,0.8,32.438307186723364,0,0.99
Cosmos-1408 Debris,GPS-79,0.03,8.306,19785,27.6,0.9,146.55369370696965,1,0.337
Envisat,DEBRIS_A,22.995,11.927,372,46.9,0.8,92.93540514941039,0,0.99
Starlink-1001,DEBRIS_B,5.372,12.859,2,24.5,0.8,132.34128881062324,0,0.6054
Cosmos-1408 Debris,ISS,4.367,14.323,7,30.9,0.9,50.66054971285482,0,0.4223
Starlink-1001,Tiangong,8.203,1.251,161,11.5,0.2,126.84780134448212,0,0.9841
Starlink-1001,Envisat,6.09,7.754,232,45.5,0.2,54.32153005350666,0,0.7537
Cosmos-1408 Debris,GPS-79,43.476,14.569,19785,27.6,0.9,155.39082784255314,0,0.99
DEBRIS_A,Envisat,3.524,6.134,372,46.9,0.8,160.90528073477546,0,0.8208
Cosmos-1408 Debris,Hubble,6.739,14.125,132,54.1,0.9,115.11422445492732,0,0.7175
DEBRIS_B,Iridium-33 Debris,11.059,12.806,232,57.9,0.9,17.46608238607062,0,0.9703
Iridium-33 Debris,Starlink-1001,21.425,0.136,230,33.4,0.9,19.473093977901986,0,0.99
ISS,Tiangong,0.009,6.641,19,10.2,0.2,14.685668838976959,1,0.1697
Envisat,ISS,21.755,5.629,374,46.9,0.2,125.91527972478,0,0.99
DEBRIS_A,Envisat,1.474,8.909,372,46.9,0.8,82.65122240411068,0,0.4168
Cosmos-1408 Debris,GPS-79,6.126,0.675,19785,27.6,0.9,47.90795436477469,0,0.99
Hubble,Cosmos-1408 Debris,22.271,9.984,132,54.1,0.9,50.71509718396808,0,0.99
ISS,DEBRIS_B,16.653,9.876,140,23.2,0.8,13.964916987268872,0,0.99
Cosmos-1408 Debris,Iridium-33 Debris,1.941,0.331,365,3.8,0.9,122.96961171041235,0,0.9353
GPS-79,ISS,25.324,12.942,19792,3.4,0.2,114.77767722635511,0,0.99
Tiangong,Hubble,47.919,12.312,158,13.0,0.2,100.43767955303659,0,0.99
DEBRIS_B,DEBRIS_A,2.726,4.387,138,23.2,0.8,98.96141988184823,0,0.8385
Envisat,DEBRIS_A,12.295,9.565,372,46.9,0.8,37.358064556218984,0,0.99
DEBRIS_B,Starlink-1001,5.272,1.634,2,24.5,0.8,146.8449908887082,0,0.9769
Iridium-33 Debris,Cosmos-1408 Debris,20.256,3.372,365,3.8,0.9,16.50343895043241,0,0.99
Envisat,Iridium-33 Debris,1.741,11.253,2,12.1,0.9,59.3812400496912,0,0.3306
DEBRIS_B,GPS-79,5.86,1.297,19652,26.5,0.8,4.678209881791471,0,0.9843
Hubble,Iridium-33 Debris,4.499,11.096,233,57.9,0.9,83.31562866161477,0,0.6728
Tiangong,Iridium-33 Debris,5.201,1.345,391,44.9,0.9,82.00486934283587,0,0.982
Starlink-1001,Iridium-33 Debris,0.031,5.335,230,33.4,0.9,1.9833605477565361,1,0.5535
Iridium-33 Debris,Hubble,0.65,3.979,233,57.9,0.9,137.95722297641908,0,0.7174
Iridium-33 Debris,Starlink-1001,2.61,8.491,230,33.4,0.9,122.93498009150221,0,0.6359
Tiangong,Starlink-1001,10.065,12.343,161,11.5,0.2,122.08618213422483,0,0.8494
DEBRIS_B,Hubble,2.372,1.121,1,0.0,0.8,54.12664291371402,0,0.9205
Cosmos-1408 Debris,ISS,1.325,13.965,7,30.9,0.9,101.05237832499478,0,0.151
Tiangong,DEBRIS_B,31.752,13.059,159,13.0,0.8,30.132259221377108,0,0.99
DEBRIS_B,Envisat,46.195,11.277,234,70.1,0.8,12.049355535946994,0,0.99
Tiangong,ISS,10.97,2.079,19,10.2,0.2,119.04285500751827,0,0.99
Iridium-33 Debris,DEBRIS_B,2.02,5.383,232,57.9,0.9,156.5122433290725,0,0.7677
Tiangong,DEBRIS_A,2.525,14.976,21,10.2,0.8,149.89023668450113,0,0.1638
Iridium-33 Debris,Cosmos-1408 Debris,3.951,6.549,365,3.8,0.9,107.59542069401618,0,0.8595
ISS,GPS-79,15.718,7.764,19792,3.4,0.2,113.43852573401823,0,0.99
Iridium-33 Debris,Tiangong,6.695,0.408,391,44.9,0.9,7.350633301130204,0,0.99
Starlink-1001,DEBRIS_B,6.56,9.703,2,24.5,0.8,30.771616341404112,0,0.8775
Starlink-1001,Envisat,24.614,13.917,232,45.5,0.2,162.44873323226534,0,0.99
Iridium-33 Debris,ISS,52.675,0.889,372,34.8,0.9,158.87324087683322,0,0.99
DEBRIS_A,Tiangong,9.467,9.044,21,10.2,0.8,26.273097589062992,0,0.9739
DEBRIS_B,ISS,9.507,1.822,140,23.2,0.8,140.8618918175966,0,0.99
Envisat,GPS-79,18.522,7.441,19418,43.5,0.2,106.60052665508705,0,0.99
ISS,Tiangong,20.509,8.795,19,10.2,0.2,64.12616792553645,0,0.99
DEBRIS_B,Iridium-33 Debris,19.27,6.749,232,57.9,0.9,155.31807481668005,0,0.99
GPS-79,DEBRIS_A,1.015,13.637,19790,3.4,0.8,112.20969297066675,0,0.1209
Envisat,DEBRIS_B,17.299,4.078,234,70.1,0.8,43.29209776788323,0,0.99
Envisat,Starlink-1001,39.105,3.274,232,45.5,0.2,134.26783579161741,0,0.99
DEBRIS_A,Starlink-1001,17.793,9.131,140,1.4,0.8,102.74026139148151,0,0.99
Envisat,Iridium-33 Debris,5.246,6.931,2,12.1,0.9,80.29057933729645,0,0.9124
Starlink-1001,DEBRIS_A,16.234,6.648,140,1.4,0.8,86.75785935355012,0,0.99
ISS,Iridium-33 Debris,22.541,5.828,372,34.8,0.9,37.30791223075344,0,0.99
Tiangong,Iridium-33 Debris,1.15,7.298,391,44.9,0.9,110.22780113685327,0,0.5463
Tiangong,DEBRIS_B,5.136,10.53,159,13.0,0.8,165.7873494942071,0,0.7328
Envisat,Cosmos-1408 Debris,2.588,11.657,367,16.0,0.9,19.7352989731635,0,0.4006
Envisat,Cosmos-1408 Debris,4.202,14.144,367,16.0,0.9,70.63507776593471,0,0.4152
Envisat,DEBRIS_B,19.155,11.9,234,70.1,0.8,66.30043838962925,0,0.99
DEBRIS_A,Iridium-33 Debris,7.526,2.145,370,34.8,0.9,17.21725442346716,0,0.99
Tiangong,Hubble,29.112,1.046,158,13.0,0.2,151.24909930764372,0,0.99
Starlink-1001,ISS,0.563,8.019,142,1.4,0.2,167.72009596196597,0,0.1514
DEBRIS_A,GPS-79,12.122,7.338,19790,3.4,0.8,158.7969063125069,0,0.99
GPS-79,Cosmos-1408 Debris,3.42,14.407,19785,27.6,0.9,132.92934523963424,0,0.3075
ISS,DEBRIS_A,1.842,13.681,2,0.0,0.8,41.23378101737741,0,0.1703
GPS-79,Envisat,8.346,7.237,19418,43.5,0.2,124.1940992598614,0,0.917
ISS,Starlink-1001,25.077,14.85,142,1.4,0.2,157.8870037756573,0,0.99
Tiangong,GPS-79,4.422,6.014,19811,13.5,0.2,107.74857610073053,0,0.6914
Tiangong,DEBRIS_B,0.849,5.146,159,13.0,0.8,43.54562883494567,0,0.6179
Hubble,Iridium-33 Debris,40.55,8.78,233,57.9,0.9,38.47665512080766,0,0.99
Envisat,Starlink-1001,3.925,8.989,232,45.5,0.2,67.65730899295755,0,0.4172
DEBRIS_A,Tiangong,43.529,14.148,21,10.2,0.8,53.215962484438,0,0.99
Starlink-1001,Hubble,12.178,2.146,3,24.5,0.2,65.35991184637504,0,0.99
Starlink-1001,GPS-79,17.268,6.893,19650,2.0,0.2,17.363090861066027,0,0.99
DEBRIS_A,ISS,17.569,4.713,2,0.0,0.8,12.772601544759661,0,0.99
Tiangong,DEBRIS_B,28.652,0.443,159,13.0,0.8,105.09707902571952,0,0.99
Tiangong,DEBRIS_B,58.634,14.623,159,13.0,0.8,41.90390718181415,0,0.99
ISS,Tiangong,0.73,11.361,19,10.2,0.2,74.80273242514917,0,0.0664
Starlink-1001,Envisat,4.859,12.245,232,45.5,0.2,8.817723881809599,0,0.3007
Tiangong,Hubble,12.997,13.732,158,13.0,0.2,29.734092612915045,0,0.9415
DEBRIS_B,GPS-79,1.169,7.429,19652,26.5,0.8,117.8819428073543,0,0.489
Iridium-33 Debris,Envisat,9.193,0.528,2,12.1,0.9,86.37931835876086,0,0.99
DEBRIS_A,Envisat,6.043,12.431,372,46.9,0.8,11.453635525883662,0,0.7094
Envisat,Iridium-33 Debris,55.146,12.388,2,12.1,0.9,128.02294369414338,0,0.99
DEBRIS_A,Hubble,4.828,4.3,137,23.2,0.8,55.27057969948255,0,0.9384
Envisat,Iridium-33 Debris,0.112,3.994,2,12.1,0.9,92.24380989632158,0,0.6588
ISS,Hubble,6.013,4.472,139,23.2,0.2,118.56981784925784,0,0.8874
Cosmos-1408 Debris,ISS,6.131,4.99,7,30.9,0.9,104.60018889915087,0,0.9667
Hubble,GPS-79,2.96,11.909,19653,26.5,0.2,46.32829326431165,0,0.1554
ISS,DEBRIS_A,12.603,14.122,2,0.0,0.8,6.66659979160225,0,0.975
Tiangong,Cosmos-1408 Debris,19.092,2.55,26,41.1,0.9,126.92568898544167,0,0.99
Hubble,DEBRIS_B,59.687,6.674,1,0.0,0.8,19.518411098635145,0,0.99
Cosmos-1408 Debris,ISS,108.917,6.088,7,30.9,0.9,118.60553679963985,0,0.99
Starlink-1001,DEBRIS_A,9.024,14.934,140,1.4,0.8,145.14348143683733,0,0.8364
GPS-79,Hubble,0.066,4.103,19653,26.5,0.2,112.84752630116246,0,0.3105
DEBRIS_B,GPS-79,12.204,4.407,19652,26.5,0.8,66.61527039916523,0,0.99
DEBRIS_B,Iridium-33 Debris,6.258,9.56,232,57.9,0.9,124.4255015226494,0,0.887
DEBRIS_B,Cosmos-1408 Debris,35.089,14.671,133,54.1,0.9,164.8449904441759,0,0.99
Envisat,Cosmos-1408 Debris,15.41,10.07,367,16.0,0.9,111.61621143324346,0,0.99
DEBRIS_B,ISS,1.944,14.123,140,23.2,0.8,139.5303582571098,0,0.1591
DEBRIS_B,Tiangong,31.03,11.745,159,13.0,0.8,3.86491976146199,0,0.99
DEBRIS_B,Tiangong,10.609,10.13,159,13.0,0.8,11.915712829824056,0,0.9795
